

============================== 23:48:51.011679 | 265ce9c7-d725-4d3e-9570-4ac305f4c001 ==============================
[0m23:48:51.011679 [info ] [Dummy-1   ]: Running with dbt=1.9.4
[0m23:48:51.012512 [debug] [Dummy-1   ]: running dbt with arguments {'printer_width': '80', 'indirect_selection': 'eager', 'write_json': 'True', 'log_cache_events': 'False', 'partial_parse': 'True', 'cache_selected_only': 'False', 'profiles_dir': '/tmp/dbt/', 'fail_fast': 'False', 'version_check': 'True', 'log_path': '/tmp/dbt/logs', 'warn_error': 'None', 'debug': 'False', 'use_colors': 'True', 'use_experimental_parser': 'False', 'empty': 'False', 'quiet': 'False', 'no_print': 'None', 'log_format': 'default', 'static_parser': 'True', 'warn_error_options': 'WarnErrorOptions(include=[], exclude=[])', 'introspect': 'True', 'target_path': '/tmp/dbt/target/', 'invocation_command': 'dbt ', 'send_anonymous_usage_stats': 'False'}
[0m23:48:51.065550 [error] [Dummy-1   ]:  adapter: Invalid profile: 'user' is a required property.
[0m23:48:51.283786 [info ] [Dummy-1   ]: Registered adapter: snowflake=1.9.2
[0m23:48:51.698805 [debug] [Dummy-1   ]: checksum: 53ed91fada2233efb98368d1716b44ab532c83a9c293cf1890b7905d5b45fb25, vars: {}, profile: , target: dev, version: 1.9.4
[0m23:48:51.700206 [info ] [Dummy-1   ]: Unable to do partial parsing because saved manifest not found. Starting full parse.
[0m23:48:53.421145 [debug] [Dummy-1   ]: Wrote artifact WritableManifest to /tmp/dbt/target/manifest.json
[0m23:48:53.423005 [debug] [Dummy-1   ]: Wrote artifact SemanticManifest to /tmp/dbt/target/semantic_manifest.json
[0m23:48:53.455187 [info ] [Dummy-1   ]: Found 9 models, 32 data tests, 5 sources, 474 macros
[0m23:48:53.458441 [info ] [Dummy-1   ]: 
[0m23:48:53.458949 [info ] [Dummy-1   ]: Concurrency: 4 threads (target='dev')
[0m23:48:53.459390 [info ] [Dummy-1   ]: 
[0m23:48:53.460045 [debug] [Dummy-1   ]: Acquiring new snowflake connection 'master'
[0m23:48:53.465441 [debug] [ThreadPool]: Acquiring new snowflake connection 'list_TEST_SNOWFLAKE_LEANING_SCHM_F_SNOWLEARN_01'
[0m23:48:53.546455 [debug] [ThreadPool]: Using snowflake connection "list_TEST_SNOWFLAKE_LEANING_SCHM_F_SNOWLEARN_01"
[0m23:48:53.547012 [debug] [ThreadPool]: On list_TEST_SNOWFLAKE_LEANING_SCHM_F_SNOWLEARN_01: /* {"app": "dbt", "dbt_version": "1.9.4", "profile_name": "dbt_finance", "target_name": "dev", "connection_name": "list_TEST_SNOWFLAKE_LEANING_SCHM_F_SNOWLEARN_01"} */
alter session set quoted_identifiers_ignore_case = false;
[0m23:48:53.547440 [debug] [ThreadPool]: Opening a new connection, currently in state init
[0m23:48:54.050127 [debug] [ThreadPool]: SQL status: SUCCESS 1 in 0.502 seconds
[0m23:48:54.054495 [debug] [ThreadPool]: Using snowflake connection "list_TEST_SNOWFLAKE_LEANING_SCHM_F_SNOWLEARN_01"
[0m23:48:54.054983 [debug] [ThreadPool]: On list_TEST_SNOWFLAKE_LEANING_SCHM_F_SNOWLEARN_01: /* {"app": "dbt", "dbt_version": "1.9.4", "profile_name": "dbt_finance", "target_name": "dev", "connection_name": "list_TEST_SNOWFLAKE_LEANING_SCHM_F_SNOWLEARN_01"} */
show objects in TEST_SNOWFLAKE_LEANING.SCHM_F_SNOWLEARN_01
    limit 10000
    
;
[0m23:48:54.162567 [debug] [ThreadPool]: SQL status: SUCCESS 6 in 0.107 seconds
[0m23:48:54.164595 [debug] [ThreadPool]: Using snowflake connection "list_TEST_SNOWFLAKE_LEANING_SCHM_F_SNOWLEARN_01"
[0m23:48:54.165073 [debug] [ThreadPool]: On list_TEST_SNOWFLAKE_LEANING_SCHM_F_SNOWLEARN_01: /* {"app": "dbt", "dbt_version": "1.9.4", "profile_name": "dbt_finance", "target_name": "dev", "connection_name": "list_TEST_SNOWFLAKE_LEANING_SCHM_F_SNOWLEARN_01"} */
alter session unset quoted_identifiers_ignore_case;
[0m23:48:54.248790 [debug] [ThreadPool]: SQL status: SUCCESS 1 in 0.083 seconds
[0m23:48:54.256832 [debug] [Thread-2 (]: Began running node model.dbt_finance.stg_dim_account
[0m23:48:54.257392 [debug] [Thread-3 (]: Began running node model.dbt_finance.stg_dim_security
[0m23:48:54.258271 [debug] [Thread-4 (]: Began running node model.dbt_finance.stg_raw_fund_nav
[0m23:48:54.258861 [debug] [Thread-5 (]: Began running node model.dbt_finance.stg_raw_stock_quotes
[0m23:48:54.259524 [debug] [Thread-2 (]: Re-using an available connection from the pool (formerly list_TEST_SNOWFLAKE_LEANING_SCHM_F_SNOWLEARN_01, now model.dbt_finance.stg_dim_account)
[0m23:48:54.260139 [debug] [Thread-3 (]: Acquiring new snowflake connection 'model.dbt_finance.stg_dim_security'
[0m23:48:54.260733 [debug] [Thread-4 (]: Acquiring new snowflake connection 'model.dbt_finance.stg_raw_fund_nav'
[0m23:48:54.261337 [debug] [Thread-5 (]: Acquiring new snowflake connection 'model.dbt_finance.stg_raw_stock_quotes'
[0m23:48:54.261803 [debug] [Thread-2 (]: Began compiling node model.dbt_finance.stg_dim_account
[0m23:48:54.262272 [debug] [Thread-3 (]: Began compiling node model.dbt_finance.stg_dim_security
[0m23:48:54.262737 [debug] [Thread-4 (]: Began compiling node model.dbt_finance.stg_raw_fund_nav
[0m23:48:54.263202 [debug] [Thread-5 (]: Began compiling node model.dbt_finance.stg_raw_stock_quotes
[0m23:48:54.271583 [debug] [Thread-2 (]: Writing injected SQL for node "model.dbt_finance.stg_dim_account"
[0m23:48:54.275729 [debug] [Thread-3 (]: Writing injected SQL for node "model.dbt_finance.stg_dim_security"
[0m23:48:54.279627 [debug] [Thread-4 (]: Writing injected SQL for node "model.dbt_finance.stg_raw_fund_nav"
[0m23:48:54.284668 [debug] [Thread-5 (]: Writing injected SQL for node "model.dbt_finance.stg_raw_stock_quotes"
[0m23:48:54.286401 [debug] [Thread-2 (]: Began executing node model.dbt_finance.stg_dim_account
[0m23:48:54.286995 [debug] [Thread-3 (]: Began executing node model.dbt_finance.stg_dim_security
[0m23:48:54.287452 [debug] [Thread-4 (]: Began executing node model.dbt_finance.stg_raw_fund_nav
[0m23:48:54.288372 [debug] [Thread-2 (]: Finished running node model.dbt_finance.stg_dim_account
[0m23:48:54.288895 [debug] [Thread-5 (]: Began executing node model.dbt_finance.stg_raw_stock_quotes
[0m23:48:54.289589 [debug] [Thread-3 (]: Finished running node model.dbt_finance.stg_dim_security
[0m23:48:54.290302 [debug] [Thread-4 (]: Finished running node model.dbt_finance.stg_raw_fund_nav
[0m23:48:54.290850 [debug] [Thread-2 (]: Began running node model.dbt_finance.stg_raw_trade_orders
[0m23:48:54.291876 [debug] [Thread-5 (]: Finished running node model.dbt_finance.stg_raw_stock_quotes
[0m23:48:54.292445 [debug] [Thread-3 (]: Began running node test.dbt_finance.accepted_values_stg_dim_account_risk_level__LOW__MEDIUM__HIGH.530b60fec8
[0m23:48:54.293136 [debug] [Thread-4 (]: Began running node test.dbt_finance.not_null_stg_dim_account_account_id.e08784531f
[0m23:48:54.293803 [debug] [Thread-2 (]: Re-using an available connection from the pool (formerly model.dbt_finance.stg_dim_account, now model.dbt_finance.stg_raw_trade_orders)
[0m23:48:54.294307 [debug] [Thread-5 (]: Began running node test.dbt_finance.not_null_stg_dim_account_account_key.f12db6ab35
[0m23:48:54.294996 [debug] [Thread-3 (]: Re-using an available connection from the pool (formerly model.dbt_finance.stg_dim_security, now test.dbt_finance.accepted_values_stg_dim_account_risk_level__LOW__MEDIUM__HIGH.530b60fec8)
[0m23:48:54.295504 [debug] [Thread-4 (]: Re-using an available connection from the pool (formerly model.dbt_finance.stg_raw_fund_nav, now test.dbt_finance.not_null_stg_dim_account_account_id.e08784531f)
[0m23:48:54.295970 [debug] [Thread-2 (]: Began compiling node model.dbt_finance.stg_raw_trade_orders
[0m23:48:54.296473 [debug] [Thread-5 (]: Re-using an available connection from the pool (formerly model.dbt_finance.stg_raw_stock_quotes, now test.dbt_finance.not_null_stg_dim_account_account_key.f12db6ab35)
[0m23:48:54.296940 [debug] [Thread-3 (]: Began compiling node test.dbt_finance.accepted_values_stg_dim_account_risk_level__LOW__MEDIUM__HIGH.530b60fec8
[0m23:48:54.297376 [debug] [Thread-4 (]: Began compiling node test.dbt_finance.not_null_stg_dim_account_account_id.e08784531f
[0m23:48:54.301273 [debug] [Thread-2 (]: Writing injected SQL for node "model.dbt_finance.stg_raw_trade_orders"
[0m23:48:54.301798 [debug] [Thread-5 (]: Began compiling node test.dbt_finance.not_null_stg_dim_account_account_key.f12db6ab35
[0m23:48:54.306676 [debug] [Thread-3 (]: Writing injected SQL for node "test.dbt_finance.accepted_values_stg_dim_account_risk_level__LOW__MEDIUM__HIGH.530b60fec8"
[0m23:48:54.316253 [debug] [Thread-4 (]: Writing injected SQL for node "test.dbt_finance.not_null_stg_dim_account_account_id.e08784531f"
[0m23:48:54.321528 [debug] [Thread-5 (]: Writing injected SQL for node "test.dbt_finance.not_null_stg_dim_account_account_key.f12db6ab35"
[0m23:48:54.322078 [debug] [Thread-2 (]: Began executing node model.dbt_finance.stg_raw_trade_orders
[0m23:48:54.323026 [debug] [Thread-3 (]: Began executing node test.dbt_finance.accepted_values_stg_dim_account_risk_level__LOW__MEDIUM__HIGH.530b60fec8
[0m23:48:54.323778 [debug] [Thread-4 (]: Began executing node test.dbt_finance.not_null_stg_dim_account_account_id.e08784531f
[0m23:48:54.324653 [debug] [Thread-2 (]: Finished running node model.dbt_finance.stg_raw_trade_orders
[0m23:48:54.325183 [debug] [Thread-5 (]: Began executing node test.dbt_finance.not_null_stg_dim_account_account_key.f12db6ab35
[0m23:48:54.325887 [debug] [Thread-3 (]: Finished running node test.dbt_finance.accepted_values_stg_dim_account_risk_level__LOW__MEDIUM__HIGH.530b60fec8
[0m23:48:54.326626 [debug] [Thread-4 (]: Finished running node test.dbt_finance.not_null_stg_dim_account_account_id.e08784531f
[0m23:48:54.327257 [debug] [Thread-2 (]: Began running node test.dbt_finance.unique_stg_dim_account_account_key.24f70477e8
[0m23:48:54.329908 [debug] [Thread-5 (]: Finished running node test.dbt_finance.not_null_stg_dim_account_account_key.f12db6ab35
[0m23:48:54.330538 [debug] [Thread-3 (]: Began running node test.dbt_finance.not_null_stg_dim_security_security_key.d8109762eb
[0m23:48:54.331196 [debug] [Thread-4 (]: Began running node test.dbt_finance.not_null_stg_dim_security_symbol.7bdb18d93f
[0m23:48:54.331826 [debug] [Thread-2 (]: Re-using an available connection from the pool (formerly model.dbt_finance.stg_raw_trade_orders, now test.dbt_finance.unique_stg_dim_account_account_key.24f70477e8)
[0m23:48:54.332381 [debug] [Thread-5 (]: Began running node test.dbt_finance.unique_stg_dim_security_security_key.73f52a6847
[0m23:48:54.332986 [debug] [Thread-3 (]: Re-using an available connection from the pool (formerly test.dbt_finance.accepted_values_stg_dim_account_risk_level__LOW__MEDIUM__HIGH.530b60fec8, now test.dbt_finance.not_null_stg_dim_security_security_key.d8109762eb)
[0m23:48:54.333542 [debug] [Thread-4 (]: Re-using an available connection from the pool (formerly test.dbt_finance.not_null_stg_dim_account_account_id.e08784531f, now test.dbt_finance.not_null_stg_dim_security_symbol.7bdb18d93f)
[0m23:48:54.334046 [debug] [Thread-2 (]: Began compiling node test.dbt_finance.unique_stg_dim_account_account_key.24f70477e8
[0m23:48:54.334595 [debug] [Thread-5 (]: Re-using an available connection from the pool (formerly test.dbt_finance.not_null_stg_dim_account_account_key.f12db6ab35, now test.dbt_finance.unique_stg_dim_security_security_key.73f52a6847)
[0m23:48:54.335070 [debug] [Thread-3 (]: Began compiling node test.dbt_finance.not_null_stg_dim_security_security_key.d8109762eb
[0m23:48:54.335526 [debug] [Thread-4 (]: Began compiling node test.dbt_finance.not_null_stg_dim_security_symbol.7bdb18d93f
[0m23:48:54.342645 [debug] [Thread-2 (]: Writing injected SQL for node "test.dbt_finance.unique_stg_dim_account_account_key.24f70477e8"
[0m23:48:54.343190 [debug] [Thread-5 (]: Began compiling node test.dbt_finance.unique_stg_dim_security_security_key.73f52a6847
[0m23:48:54.348270 [debug] [Thread-3 (]: Writing injected SQL for node "test.dbt_finance.not_null_stg_dim_security_security_key.d8109762eb"
[0m23:48:54.353064 [debug] [Thread-4 (]: Writing injected SQL for node "test.dbt_finance.not_null_stg_dim_security_symbol.7bdb18d93f"
[0m23:48:54.358009 [debug] [Thread-5 (]: Writing injected SQL for node "test.dbt_finance.unique_stg_dim_security_security_key.73f52a6847"
[0m23:48:54.358572 [debug] [Thread-2 (]: Began executing node test.dbt_finance.unique_stg_dim_account_account_key.24f70477e8
[0m23:48:54.359502 [debug] [Thread-3 (]: Began executing node test.dbt_finance.not_null_stg_dim_security_security_key.d8109762eb
[0m23:48:54.360216 [debug] [Thread-4 (]: Began executing node test.dbt_finance.not_null_stg_dim_security_symbol.7bdb18d93f
[0m23:48:54.361029 [debug] [Thread-2 (]: Finished running node test.dbt_finance.unique_stg_dim_account_account_key.24f70477e8
[0m23:48:54.361515 [debug] [Thread-5 (]: Began executing node test.dbt_finance.unique_stg_dim_security_security_key.73f52a6847
[0m23:48:54.362215 [debug] [Thread-3 (]: Finished running node test.dbt_finance.not_null_stg_dim_security_security_key.d8109762eb
[0m23:48:54.363066 [debug] [Thread-4 (]: Finished running node test.dbt_finance.not_null_stg_dim_security_symbol.7bdb18d93f
[0m23:48:54.363599 [debug] [Thread-2 (]: Began running node test.dbt_finance.unique_stg_dim_security_symbol.ffe139b55f
[0m23:48:54.364342 [debug] [Thread-5 (]: Finished running node test.dbt_finance.unique_stg_dim_security_security_key.73f52a6847
[0m23:48:54.364864 [debug] [Thread-3 (]: Began running node test.dbt_finance.not_null_stg_raw_fund_nav_fund_code.6632e7c2c3
[0m23:48:54.365408 [debug] [Thread-4 (]: Began running node test.dbt_finance.not_null_stg_raw_fund_nav_nav_date.ef8270eae0
[0m23:48:54.365954 [debug] [Thread-2 (]: Re-using an available connection from the pool (formerly test.dbt_finance.unique_stg_dim_account_account_key.24f70477e8, now test.dbt_finance.unique_stg_dim_security_symbol.ffe139b55f)
[0m23:48:54.366474 [debug] [Thread-5 (]: Began running node model.dbt_finance.mart_security_daily_performance
[0m23:48:54.367061 [debug] [Thread-3 (]: Re-using an available connection from the pool (formerly test.dbt_finance.not_null_stg_dim_security_security_key.d8109762eb, now test.dbt_finance.not_null_stg_raw_fund_nav_fund_code.6632e7c2c3)
[0m23:48:54.367584 [debug] [Thread-4 (]: Re-using an available connection from the pool (formerly test.dbt_finance.not_null_stg_dim_security_symbol.7bdb18d93f, now test.dbt_finance.not_null_stg_raw_fund_nav_nav_date.ef8270eae0)
[0m23:48:54.368118 [debug] [Thread-2 (]: Began compiling node test.dbt_finance.unique_stg_dim_security_symbol.ffe139b55f
[0m23:48:54.368639 [debug] [Thread-5 (]: Re-using an available connection from the pool (formerly test.dbt_finance.unique_stg_dim_security_security_key.73f52a6847, now model.dbt_finance.mart_security_daily_performance)
[0m23:48:54.369098 [debug] [Thread-3 (]: Began compiling node test.dbt_finance.not_null_stg_raw_fund_nav_fund_code.6632e7c2c3
[0m23:48:54.369550 [debug] [Thread-4 (]: Began compiling node test.dbt_finance.not_null_stg_raw_fund_nav_nav_date.ef8270eae0
[0m23:48:54.375917 [debug] [Thread-2 (]: Writing injected SQL for node "test.dbt_finance.unique_stg_dim_security_symbol.ffe139b55f"
[0m23:48:54.376457 [debug] [Thread-5 (]: Began compiling node model.dbt_finance.mart_security_daily_performance
[0m23:48:54.381545 [debug] [Thread-3 (]: Writing injected SQL for node "test.dbt_finance.not_null_stg_raw_fund_nav_fund_code.6632e7c2c3"
[0m23:48:54.386393 [debug] [Thread-4 (]: Writing injected SQL for node "test.dbt_finance.not_null_stg_raw_fund_nav_nav_date.ef8270eae0"
[0m23:48:54.390647 [debug] [Thread-5 (]: Writing injected SQL for node "model.dbt_finance.mart_security_daily_performance"
[0m23:48:54.391158 [debug] [Thread-2 (]: Began executing node test.dbt_finance.unique_stg_dim_security_symbol.ffe139b55f
[0m23:48:54.392032 [debug] [Thread-3 (]: Began executing node test.dbt_finance.not_null_stg_raw_fund_nav_fund_code.6632e7c2c3
[0m23:48:54.392889 [debug] [Thread-4 (]: Began executing node test.dbt_finance.not_null_stg_raw_fund_nav_nav_date.ef8270eae0
[0m23:48:54.393749 [debug] [Thread-2 (]: Finished running node test.dbt_finance.unique_stg_dim_security_symbol.ffe139b55f
[0m23:48:54.394345 [debug] [Thread-5 (]: Began executing node model.dbt_finance.mart_security_daily_performance
[0m23:48:54.395106 [debug] [Thread-3 (]: Finished running node test.dbt_finance.not_null_stg_raw_fund_nav_fund_code.6632e7c2c3
[0m23:48:54.395875 [debug] [Thread-4 (]: Finished running node test.dbt_finance.not_null_stg_raw_fund_nav_nav_date.ef8270eae0
[0m23:48:54.396444 [debug] [Thread-2 (]: Began running node test.dbt_finance.not_null_stg_raw_stock_quotes_symbol.92699082e2
[0m23:48:54.397237 [debug] [Thread-5 (]: Finished running node model.dbt_finance.mart_security_daily_performance
[0m23:48:54.397841 [debug] [Thread-3 (]: Began running node test.dbt_finance.not_null_stg_raw_stock_quotes_trade_date.ca8a10406c
[0m23:48:54.398542 [debug] [Thread-4 (]: Began running node model.dbt_finance.int_trade_enriched
[0m23:48:54.399159 [debug] [Thread-2 (]: Re-using an available connection from the pool (formerly test.dbt_finance.unique_stg_dim_security_symbol.ffe139b55f, now test.dbt_finance.not_null_stg_raw_stock_quotes_symbol.92699082e2)
[0m23:48:54.399702 [debug] [Thread-5 (]: Began running node test.dbt_finance.accepted_values_stg_raw_trade_orders_direction__BUY__SELL.d6d0f8e60e
[0m23:48:54.400428 [debug] [Thread-3 (]: Re-using an available connection from the pool (formerly test.dbt_finance.not_null_stg_raw_fund_nav_fund_code.6632e7c2c3, now test.dbt_finance.not_null_stg_raw_stock_quotes_trade_date.ca8a10406c)
[0m23:48:54.401124 [debug] [Thread-4 (]: Re-using an available connection from the pool (formerly test.dbt_finance.not_null_stg_raw_fund_nav_nav_date.ef8270eae0, now model.dbt_finance.int_trade_enriched)
[0m23:48:54.401624 [debug] [Thread-2 (]: Began compiling node test.dbt_finance.not_null_stg_raw_stock_quotes_symbol.92699082e2
[0m23:48:54.402162 [debug] [Thread-5 (]: Re-using an available connection from the pool (formerly model.dbt_finance.mart_security_daily_performance, now test.dbt_finance.accepted_values_stg_raw_trade_orders_direction__BUY__SELL.d6d0f8e60e)
[0m23:48:54.402634 [debug] [Thread-3 (]: Began compiling node test.dbt_finance.not_null_stg_raw_stock_quotes_trade_date.ca8a10406c
[0m23:48:54.403100 [debug] [Thread-4 (]: Began compiling node model.dbt_finance.int_trade_enriched
[0m23:48:54.407876 [debug] [Thread-2 (]: Writing injected SQL for node "test.dbt_finance.not_null_stg_raw_stock_quotes_symbol.92699082e2"
[0m23:48:54.408518 [debug] [Thread-5 (]: Began compiling node test.dbt_finance.accepted_values_stg_raw_trade_orders_direction__BUY__SELL.d6d0f8e60e
[0m23:48:54.414946 [debug] [Thread-3 (]: Writing injected SQL for node "test.dbt_finance.not_null_stg_raw_stock_quotes_trade_date.ca8a10406c"
[0m23:48:54.419168 [debug] [Thread-4 (]: Writing injected SQL for node "model.dbt_finance.int_trade_enriched"
[0m23:48:54.424254 [debug] [Thread-5 (]: Writing injected SQL for node "test.dbt_finance.accepted_values_stg_raw_trade_orders_direction__BUY__SELL.d6d0f8e60e"
[0m23:48:54.424888 [debug] [Thread-2 (]: Began executing node test.dbt_finance.not_null_stg_raw_stock_quotes_symbol.92699082e2
[0m23:48:54.425866 [debug] [Thread-3 (]: Began executing node test.dbt_finance.not_null_stg_raw_stock_quotes_trade_date.ca8a10406c
[0m23:48:54.426776 [debug] [Thread-4 (]: Began executing node model.dbt_finance.int_trade_enriched
[0m23:48:54.427638 [debug] [Thread-2 (]: Finished running node test.dbt_finance.not_null_stg_raw_stock_quotes_symbol.92699082e2
[0m23:48:54.428201 [debug] [Thread-5 (]: Began executing node test.dbt_finance.accepted_values_stg_raw_trade_orders_direction__BUY__SELL.d6d0f8e60e
[0m23:48:54.428927 [debug] [Thread-3 (]: Finished running node test.dbt_finance.not_null_stg_raw_stock_quotes_trade_date.ca8a10406c
[0m23:48:54.429675 [debug] [Thread-4 (]: Finished running node model.dbt_finance.int_trade_enriched
[0m23:48:54.430263 [debug] [Thread-2 (]: Began running node test.dbt_finance.accepted_values_stg_raw_trade_orders_order_type__LIMIT__MARKET.b2d921fb3f
[0m23:48:54.431041 [debug] [Thread-5 (]: Finished running node test.dbt_finance.accepted_values_stg_raw_trade_orders_direction__BUY__SELL.d6d0f8e60e
[0m23:48:54.431661 [debug] [Thread-3 (]: Began running node test.dbt_finance.accepted_values_stg_raw_trade_orders_status__FILLED__PARTIAL__CANCELLED.65213b3958
[0m23:48:54.432356 [debug] [Thread-4 (]: Began running node test.dbt_finance.not_null_stg_raw_trade_orders_order_id.f9af6bf111
[0m23:48:54.433190 [debug] [Thread-2 (]: Re-using an available connection from the pool (formerly test.dbt_finance.not_null_stg_raw_stock_quotes_symbol.92699082e2, now test.dbt_finance.accepted_values_stg_raw_trade_orders_order_type__LIMIT__MARKET.b2d921fb3f)
[0m23:48:54.433741 [debug] [Thread-5 (]: Began running node test.dbt_finance.not_null_stg_raw_trade_orders_price.01fb5edd6b
[0m23:48:54.434346 [debug] [Thread-3 (]: Re-using an available connection from the pool (formerly test.dbt_finance.not_null_stg_raw_stock_quotes_trade_date.ca8a10406c, now test.dbt_finance.accepted_values_stg_raw_trade_orders_status__FILLED__PARTIAL__CANCELLED.65213b3958)
[0m23:48:54.434896 [debug] [Thread-4 (]: Re-using an available connection from the pool (formerly model.dbt_finance.int_trade_enriched, now test.dbt_finance.not_null_stg_raw_trade_orders_order_id.f9af6bf111)
[0m23:48:54.435370 [debug] [Thread-2 (]: Began compiling node test.dbt_finance.accepted_values_stg_raw_trade_orders_order_type__LIMIT__MARKET.b2d921fb3f
[0m23:48:54.435891 [debug] [Thread-5 (]: Re-using an available connection from the pool (formerly test.dbt_finance.accepted_values_stg_raw_trade_orders_direction__BUY__SELL.d6d0f8e60e, now test.dbt_finance.not_null_stg_raw_trade_orders_price.01fb5edd6b)
[0m23:48:54.436367 [debug] [Thread-3 (]: Began compiling node test.dbt_finance.accepted_values_stg_raw_trade_orders_status__FILLED__PARTIAL__CANCELLED.65213b3958
[0m23:48:54.436815 [debug] [Thread-4 (]: Began compiling node test.dbt_finance.not_null_stg_raw_trade_orders_order_id.f9af6bf111
[0m23:48:54.441730 [debug] [Thread-2 (]: Writing injected SQL for node "test.dbt_finance.accepted_values_stg_raw_trade_orders_order_type__LIMIT__MARKET.b2d921fb3f"
[0m23:48:54.442249 [debug] [Thread-5 (]: Began compiling node test.dbt_finance.not_null_stg_raw_trade_orders_price.01fb5edd6b
[0m23:48:54.447220 [debug] [Thread-3 (]: Writing injected SQL for node "test.dbt_finance.accepted_values_stg_raw_trade_orders_status__FILLED__PARTIAL__CANCELLED.65213b3958"
[0m23:48:54.453758 [debug] [Thread-4 (]: Writing injected SQL for node "test.dbt_finance.not_null_stg_raw_trade_orders_order_id.f9af6bf111"
[0m23:48:54.458826 [debug] [Thread-5 (]: Writing injected SQL for node "test.dbt_finance.not_null_stg_raw_trade_orders_price.01fb5edd6b"
[0m23:48:54.459389 [debug] [Thread-2 (]: Began executing node test.dbt_finance.accepted_values_stg_raw_trade_orders_order_type__LIMIT__MARKET.b2d921fb3f
[0m23:48:54.460262 [debug] [Thread-3 (]: Began executing node test.dbt_finance.accepted_values_stg_raw_trade_orders_status__FILLED__PARTIAL__CANCELLED.65213b3958
[0m23:48:54.460954 [debug] [Thread-4 (]: Began executing node test.dbt_finance.not_null_stg_raw_trade_orders_order_id.f9af6bf111
[0m23:48:54.461713 [debug] [Thread-2 (]: Finished running node test.dbt_finance.accepted_values_stg_raw_trade_orders_order_type__LIMIT__MARKET.b2d921fb3f
[0m23:48:54.462334 [debug] [Thread-5 (]: Began executing node test.dbt_finance.not_null_stg_raw_trade_orders_price.01fb5edd6b
[0m23:48:54.463047 [debug] [Thread-3 (]: Finished running node test.dbt_finance.accepted_values_stg_raw_trade_orders_status__FILLED__PARTIAL__CANCELLED.65213b3958
[0m23:48:54.463764 [debug] [Thread-4 (]: Finished running node test.dbt_finance.not_null_stg_raw_trade_orders_order_id.f9af6bf111
[0m23:48:54.464302 [debug] [Thread-2 (]: Began running node test.dbt_finance.not_null_stg_raw_trade_orders_quantity.81806273ce
[0m23:48:54.465045 [debug] [Thread-5 (]: Finished running node test.dbt_finance.not_null_stg_raw_trade_orders_price.01fb5edd6b
[0m23:48:54.465589 [debug] [Thread-3 (]: Began running node test.dbt_finance.unique_stg_raw_trade_orders_order_id.9ac183a5ee
[0m23:48:54.466151 [debug] [Thread-4 (]: Began running node test.dbt_finance.accepted_values_mart_security_daily_performance_price_trend__STRONG_UP__UP__FLAT__DOWN__STRONG_DOWN.327f2efff7
[0m23:48:54.466715 [debug] [Thread-2 (]: Re-using an available connection from the pool (formerly test.dbt_finance.accepted_values_stg_raw_trade_orders_order_type__LIMIT__MARKET.b2d921fb3f, now test.dbt_finance.not_null_stg_raw_trade_orders_quantity.81806273ce)
[0m23:48:54.467267 [debug] [Thread-5 (]: Began running node test.dbt_finance.accepted_values_mart_security_daily_performance_volume_tier__VERY_HIGH__HIGH__MEDIUM__LOW.7f5f297415
[0m23:48:54.467830 [debug] [Thread-3 (]: Re-using an available connection from the pool (formerly test.dbt_finance.accepted_values_stg_raw_trade_orders_status__FILLED__PARTIAL__CANCELLED.65213b3958, now test.dbt_finance.unique_stg_raw_trade_orders_order_id.9ac183a5ee)
[0m23:48:54.468420 [debug] [Thread-4 (]: Re-using an available connection from the pool (formerly test.dbt_finance.not_null_stg_raw_trade_orders_order_id.f9af6bf111, now test.dbt_finance.accepted_values_mart_security_daily_performance_price_trend__STRONG_UP__UP__FLAT__DOWN__STRONG_DOWN.327f2efff7)
[0m23:48:54.468893 [debug] [Thread-2 (]: Began compiling node test.dbt_finance.not_null_stg_raw_trade_orders_quantity.81806273ce
[0m23:48:54.469384 [debug] [Thread-5 (]: Re-using an available connection from the pool (formerly test.dbt_finance.not_null_stg_raw_trade_orders_price.01fb5edd6b, now test.dbt_finance.accepted_values_mart_security_daily_performance_volume_tier__VERY_HIGH__HIGH__MEDIUM__LOW.7f5f297415)
[0m23:48:54.469833 [debug] [Thread-3 (]: Began compiling node test.dbt_finance.unique_stg_raw_trade_orders_order_id.9ac183a5ee
[0m23:48:54.470318 [debug] [Thread-4 (]: Began compiling node test.dbt_finance.accepted_values_mart_security_daily_performance_price_trend__STRONG_UP__UP__FLAT__DOWN__STRONG_DOWN.327f2efff7
[0m23:48:54.475238 [debug] [Thread-2 (]: Writing injected SQL for node "test.dbt_finance.not_null_stg_raw_trade_orders_quantity.81806273ce"
[0m23:48:54.475760 [debug] [Thread-5 (]: Began compiling node test.dbt_finance.accepted_values_mart_security_daily_performance_volume_tier__VERY_HIGH__HIGH__MEDIUM__LOW.7f5f297415
[0m23:48:54.480467 [debug] [Thread-3 (]: Writing injected SQL for node "test.dbt_finance.unique_stg_raw_trade_orders_order_id.9ac183a5ee"
[0m23:48:54.485658 [debug] [Thread-4 (]: Writing injected SQL for node "test.dbt_finance.accepted_values_mart_security_daily_performance_price_trend__STRONG_UP__UP__FLAT__DOWN__STRONG_DOWN.327f2efff7"
[0m23:48:54.492683 [debug] [Thread-5 (]: Writing injected SQL for node "test.dbt_finance.accepted_values_mart_security_daily_performance_volume_tier__VERY_HIGH__HIGH__MEDIUM__LOW.7f5f297415"
[0m23:48:54.493184 [debug] [Thread-2 (]: Began executing node test.dbt_finance.not_null_stg_raw_trade_orders_quantity.81806273ce
[0m23:48:54.493908 [debug] [Thread-3 (]: Began executing node test.dbt_finance.unique_stg_raw_trade_orders_order_id.9ac183a5ee
[0m23:48:54.494602 [debug] [Thread-4 (]: Began executing node test.dbt_finance.accepted_values_mart_security_daily_performance_price_trend__STRONG_UP__UP__FLAT__DOWN__STRONG_DOWN.327f2efff7
[0m23:48:54.495384 [debug] [Thread-2 (]: Finished running node test.dbt_finance.not_null_stg_raw_trade_orders_quantity.81806273ce
[0m23:48:54.495866 [debug] [Thread-5 (]: Began executing node test.dbt_finance.accepted_values_mart_security_daily_performance_volume_tier__VERY_HIGH__HIGH__MEDIUM__LOW.7f5f297415
[0m23:48:54.496554 [debug] [Thread-3 (]: Finished running node test.dbt_finance.unique_stg_raw_trade_orders_order_id.9ac183a5ee
[0m23:48:54.497303 [debug] [Thread-4 (]: Finished running node test.dbt_finance.accepted_values_mart_security_daily_performance_price_trend__STRONG_UP__UP__FLAT__DOWN__STRONG_DOWN.327f2efff7
[0m23:48:54.497965 [debug] [Thread-2 (]: Began running node test.dbt_finance.not_null_mart_security_daily_performance_symbol.304c0f0e8a
[0m23:48:54.498768 [debug] [Thread-5 (]: Finished running node test.dbt_finance.accepted_values_mart_security_daily_performance_volume_tier__VERY_HIGH__HIGH__MEDIUM__LOW.7f5f297415
[0m23:48:54.499323 [debug] [Thread-3 (]: Began running node test.dbt_finance.not_null_mart_security_daily_performance_trade_date.520dc4e6eb
[0m23:48:54.499906 [debug] [Thread-4 (]: Began running node model.dbt_finance.mart_client_trading_summary
[0m23:48:54.500486 [debug] [Thread-2 (]: Re-using an available connection from the pool (formerly test.dbt_finance.not_null_stg_raw_trade_orders_quantity.81806273ce, now test.dbt_finance.not_null_mart_security_daily_performance_symbol.304c0f0e8a)
[0m23:48:54.501002 [debug] [Thread-5 (]: Began running node model.dbt_finance.mart_risk_exposure_report
[0m23:48:54.501572 [debug] [Thread-3 (]: Re-using an available connection from the pool (formerly test.dbt_finance.unique_stg_raw_trade_orders_order_id.9ac183a5ee, now test.dbt_finance.not_null_mart_security_daily_performance_trade_date.520dc4e6eb)
[0m23:48:54.502118 [debug] [Thread-4 (]: Re-using an available connection from the pool (formerly test.dbt_finance.accepted_values_mart_security_daily_performance_price_trend__STRONG_UP__UP__FLAT__DOWN__STRONG_DOWN.327f2efff7, now model.dbt_finance.mart_client_trading_summary)
[0m23:48:54.502575 [debug] [Thread-2 (]: Began compiling node test.dbt_finance.not_null_mart_security_daily_performance_symbol.304c0f0e8a
[0m23:48:54.503113 [debug] [Thread-5 (]: Re-using an available connection from the pool (formerly test.dbt_finance.accepted_values_mart_security_daily_performance_volume_tier__VERY_HIGH__HIGH__MEDIUM__LOW.7f5f297415, now model.dbt_finance.mart_risk_exposure_report)
[0m23:48:54.503597 [debug] [Thread-3 (]: Began compiling node test.dbt_finance.not_null_mart_security_daily_performance_trade_date.520dc4e6eb
[0m23:48:54.504051 [debug] [Thread-4 (]: Began compiling node model.dbt_finance.mart_client_trading_summary
[0m23:48:54.509076 [debug] [Thread-2 (]: Writing injected SQL for node "test.dbt_finance.not_null_mart_security_daily_performance_symbol.304c0f0e8a"
[0m23:48:54.509607 [debug] [Thread-5 (]: Began compiling node model.dbt_finance.mart_risk_exposure_report
[0m23:48:54.514334 [debug] [Thread-3 (]: Writing injected SQL for node "test.dbt_finance.not_null_mart_security_daily_performance_trade_date.520dc4e6eb"
[0m23:48:54.518109 [debug] [Thread-4 (]: Writing injected SQL for node "model.dbt_finance.mart_client_trading_summary"
[0m23:48:54.522205 [debug] [Thread-5 (]: Writing injected SQL for node "model.dbt_finance.mart_risk_exposure_report"
[0m23:48:54.522790 [debug] [Thread-2 (]: Began executing node test.dbt_finance.not_null_mart_security_daily_performance_symbol.304c0f0e8a
[0m23:48:54.523573 [debug] [Thread-3 (]: Began executing node test.dbt_finance.not_null_mart_security_daily_performance_trade_date.520dc4e6eb
[0m23:48:54.524399 [debug] [Thread-4 (]: Began executing node model.dbt_finance.mart_client_trading_summary
[0m23:48:54.525094 [debug] [Thread-2 (]: Finished running node test.dbt_finance.not_null_mart_security_daily_performance_symbol.304c0f0e8a
[0m23:48:54.525601 [debug] [Thread-5 (]: Began executing node model.dbt_finance.mart_risk_exposure_report
[0m23:48:54.526298 [debug] [Thread-3 (]: Finished running node test.dbt_finance.not_null_mart_security_daily_performance_trade_date.520dc4e6eb
[0m23:48:54.527016 [debug] [Thread-4 (]: Finished running node model.dbt_finance.mart_client_trading_summary
[0m23:48:54.527534 [debug] [Thread-2 (]: Began running node test.dbt_finance.not_null_int_trade_enriched_client_name.944715ff28
[0m23:48:54.528350 [debug] [Thread-5 (]: Finished running node model.dbt_finance.mart_risk_exposure_report
[0m23:48:54.528876 [debug] [Thread-3 (]: Began running node test.dbt_finance.not_null_int_trade_enriched_order_id.752c3ca6fc
[0m23:48:54.529426 [debug] [Thread-4 (]: Began running node test.dbt_finance.not_null_int_trade_enriched_symbol.201cdc7981
[0m23:48:54.530102 [debug] [Thread-2 (]: Re-using an available connection from the pool (formerly test.dbt_finance.not_null_mart_security_daily_performance_symbol.304c0f0e8a, now test.dbt_finance.not_null_int_trade_enriched_client_name.944715ff28)
[0m23:48:54.530650 [debug] [Thread-5 (]: Began running node test.dbt_finance.relationships_int_trade_enriched_symbol__symbol__ref_stg_dim_security_.75285f5800
[0m23:48:54.531402 [debug] [Thread-3 (]: Re-using an available connection from the pool (formerly test.dbt_finance.not_null_mart_security_daily_performance_trade_date.520dc4e6eb, now test.dbt_finance.not_null_int_trade_enriched_order_id.752c3ca6fc)
[0m23:48:54.531942 [debug] [Thread-4 (]: Re-using an available connection from the pool (formerly model.dbt_finance.mart_client_trading_summary, now test.dbt_finance.not_null_int_trade_enriched_symbol.201cdc7981)
[0m23:48:54.532410 [debug] [Thread-2 (]: Began compiling node test.dbt_finance.not_null_int_trade_enriched_client_name.944715ff28
[0m23:48:54.532936 [debug] [Thread-5 (]: Re-using an available connection from the pool (formerly model.dbt_finance.mart_risk_exposure_report, now test.dbt_finance.relationships_int_trade_enriched_symbol__symbol__ref_stg_dim_security_.75285f5800)
[0m23:48:54.533424 [debug] [Thread-3 (]: Began compiling node test.dbt_finance.not_null_int_trade_enriched_order_id.752c3ca6fc
[0m23:48:54.533886 [debug] [Thread-4 (]: Began compiling node test.dbt_finance.not_null_int_trade_enriched_symbol.201cdc7981
[0m23:48:54.540392 [debug] [Thread-2 (]: Writing injected SQL for node "test.dbt_finance.not_null_int_trade_enriched_client_name.944715ff28"
[0m23:48:54.540881 [debug] [Thread-5 (]: Began compiling node test.dbt_finance.relationships_int_trade_enriched_symbol__symbol__ref_stg_dim_security_.75285f5800
[0m23:48:54.545783 [debug] [Thread-3 (]: Writing injected SQL for node "test.dbt_finance.not_null_int_trade_enriched_order_id.752c3ca6fc"
[0m23:48:54.550576 [debug] [Thread-4 (]: Writing injected SQL for node "test.dbt_finance.not_null_int_trade_enriched_symbol.201cdc7981"
[0m23:48:54.556822 [debug] [Thread-5 (]: Writing injected SQL for node "test.dbt_finance.relationships_int_trade_enriched_symbol__symbol__ref_stg_dim_security_.75285f5800"
[0m23:48:54.557400 [debug] [Thread-2 (]: Began executing node test.dbt_finance.not_null_int_trade_enriched_client_name.944715ff28
[0m23:48:54.558252 [debug] [Thread-3 (]: Began executing node test.dbt_finance.not_null_int_trade_enriched_order_id.752c3ca6fc
[0m23:48:54.558922 [debug] [Thread-4 (]: Began executing node test.dbt_finance.not_null_int_trade_enriched_symbol.201cdc7981
[0m23:48:54.559790 [debug] [Thread-2 (]: Finished running node test.dbt_finance.not_null_int_trade_enriched_client_name.944715ff28
[0m23:48:54.560370 [debug] [Thread-5 (]: Began executing node test.dbt_finance.relationships_int_trade_enriched_symbol__symbol__ref_stg_dim_security_.75285f5800
[0m23:48:54.561116 [debug] [Thread-3 (]: Finished running node test.dbt_finance.not_null_int_trade_enriched_order_id.752c3ca6fc
[0m23:48:54.561860 [debug] [Thread-4 (]: Finished running node test.dbt_finance.not_null_int_trade_enriched_symbol.201cdc7981
[0m23:48:54.562416 [debug] [Thread-2 (]: Began running node test.dbt_finance.unique_int_trade_enriched_order_id.46a62da788
[0m23:48:54.563184 [debug] [Thread-5 (]: Finished running node test.dbt_finance.relationships_int_trade_enriched_symbol__symbol__ref_stg_dim_security_.75285f5800
[0m23:48:54.563719 [debug] [Thread-3 (]: Began running node test.dbt_finance.not_null_mart_client_trading_summary_account_id.01eec252c5
[0m23:48:54.564358 [debug] [Thread-4 (]: Began running node test.dbt_finance.not_null_mart_client_trading_summary_fill_rate_pct.db47f0f943
[0m23:48:54.564998 [debug] [Thread-2 (]: Re-using an available connection from the pool (formerly test.dbt_finance.not_null_int_trade_enriched_client_name.944715ff28, now test.dbt_finance.unique_int_trade_enriched_order_id.46a62da788)
[0m23:48:54.565573 [debug] [Thread-5 (]: Began running node test.dbt_finance.accepted_values_mart_risk_exposure_report_exposure_level__HIGH__MEDIUM__LOW.8239039400
[0m23:48:54.566161 [debug] [Thread-3 (]: Re-using an available connection from the pool (formerly test.dbt_finance.not_null_int_trade_enriched_order_id.752c3ca6fc, now test.dbt_finance.not_null_mart_client_trading_summary_account_id.01eec252c5)
[0m23:48:54.566689 [debug] [Thread-4 (]: Re-using an available connection from the pool (formerly test.dbt_finance.not_null_int_trade_enriched_symbol.201cdc7981, now test.dbt_finance.not_null_mart_client_trading_summary_fill_rate_pct.db47f0f943)
[0m23:48:54.567191 [debug] [Thread-2 (]: Began compiling node test.dbt_finance.unique_int_trade_enriched_order_id.46a62da788
[0m23:48:54.567741 [debug] [Thread-5 (]: Re-using an available connection from the pool (formerly test.dbt_finance.relationships_int_trade_enriched_symbol__symbol__ref_stg_dim_security_.75285f5800, now test.dbt_finance.accepted_values_mart_risk_exposure_report_exposure_level__HIGH__MEDIUM__LOW.8239039400)
[0m23:48:54.568274 [debug] [Thread-3 (]: Began compiling node test.dbt_finance.not_null_mart_client_trading_summary_account_id.01eec252c5
[0m23:48:54.568786 [debug] [Thread-4 (]: Began compiling node test.dbt_finance.not_null_mart_client_trading_summary_fill_rate_pct.db47f0f943
[0m23:48:54.573616 [debug] [Thread-2 (]: Writing injected SQL for node "test.dbt_finance.unique_int_trade_enriched_order_id.46a62da788"
[0m23:48:54.574144 [debug] [Thread-5 (]: Began compiling node test.dbt_finance.accepted_values_mart_risk_exposure_report_exposure_level__HIGH__MEDIUM__LOW.8239039400
[0m23:48:54.580725 [debug] [Thread-3 (]: Writing injected SQL for node "test.dbt_finance.not_null_mart_client_trading_summary_account_id.01eec252c5"
[0m23:48:54.585553 [debug] [Thread-4 (]: Writing injected SQL for node "test.dbt_finance.not_null_mart_client_trading_summary_fill_rate_pct.db47f0f943"
[0m23:48:54.591113 [debug] [Thread-5 (]: Writing injected SQL for node "test.dbt_finance.accepted_values_mart_risk_exposure_report_exposure_level__HIGH__MEDIUM__LOW.8239039400"
[0m23:48:54.591689 [debug] [Thread-2 (]: Began executing node test.dbt_finance.unique_int_trade_enriched_order_id.46a62da788
[0m23:48:54.592603 [debug] [Thread-3 (]: Began executing node test.dbt_finance.not_null_mart_client_trading_summary_account_id.01eec252c5
[0m23:48:54.593338 [debug] [Thread-4 (]: Began executing node test.dbt_finance.not_null_mart_client_trading_summary_fill_rate_pct.db47f0f943
[0m23:48:54.594278 [debug] [Thread-2 (]: Finished running node test.dbt_finance.unique_int_trade_enriched_order_id.46a62da788
[0m23:48:54.594802 [debug] [Thread-5 (]: Began executing node test.dbt_finance.accepted_values_mart_risk_exposure_report_exposure_level__HIGH__MEDIUM__LOW.8239039400
[0m23:48:54.595543 [debug] [Thread-3 (]: Finished running node test.dbt_finance.not_null_mart_client_trading_summary_account_id.01eec252c5
[0m23:48:54.596261 [debug] [Thread-4 (]: Finished running node test.dbt_finance.not_null_mart_client_trading_summary_fill_rate_pct.db47f0f943
[0m23:48:54.596795 [debug] [Thread-2 (]: Began running node test.dbt_finance.not_null_mart_risk_exposure_report_account_id.c6dfdf740c
[0m23:48:54.597550 [debug] [Thread-5 (]: Finished running node test.dbt_finance.accepted_values_mart_risk_exposure_report_exposure_level__HIGH__MEDIUM__LOW.8239039400
[0m23:48:54.598402 [debug] [Thread-2 (]: Re-using an available connection from the pool (formerly test.dbt_finance.unique_int_trade_enriched_order_id.46a62da788, now test.dbt_finance.not_null_mart_risk_exposure_report_account_id.c6dfdf740c)
[0m23:48:54.599035 [debug] [Thread-2 (]: Began compiling node test.dbt_finance.not_null_mart_risk_exposure_report_account_id.c6dfdf740c
[0m23:48:54.603753 [debug] [Thread-2 (]: Writing injected SQL for node "test.dbt_finance.not_null_mart_risk_exposure_report_account_id.c6dfdf740c"
[0m23:48:54.604355 [debug] [Thread-2 (]: Began executing node test.dbt_finance.not_null_mart_risk_exposure_report_account_id.c6dfdf740c
[0m23:48:54.605076 [debug] [Thread-2 (]: Finished running node test.dbt_finance.not_null_mart_risk_exposure_report_account_id.c6dfdf740c
[0m23:48:54.607197 [debug] [Dummy-1   ]: Connection 'master' was properly closed.
[0m23:48:54.607677 [debug] [Dummy-1   ]: Connection 'test.dbt_finance.not_null_mart_risk_exposure_report_account_id.c6dfdf740c' was properly closed.
[0m23:48:54.608136 [debug] [Dummy-1   ]: Connection 'test.dbt_finance.not_null_mart_client_trading_summary_account_id.01eec252c5' was properly closed.
[0m23:48:54.608547 [debug] [Dummy-1   ]: Connection 'test.dbt_finance.not_null_mart_client_trading_summary_fill_rate_pct.db47f0f943' was properly closed.
[0m23:48:54.608939 [debug] [Dummy-1   ]: Connection 'test.dbt_finance.accepted_values_mart_risk_exposure_report_exposure_level__HIGH__MEDIUM__LOW.8239039400' was properly closed.
[0m23:48:54.613637 [debug] [Dummy-1   ]: Command end result
[0m23:48:54.643309 [debug] [Dummy-1   ]: Wrote artifact WritableManifest to /tmp/dbt/target/manifest.json
[0m23:48:54.644981 [debug] [Dummy-1   ]: Wrote artifact SemanticManifest to /tmp/dbt/target/semantic_manifest.json
[0m23:48:54.652655 [debug] [Dummy-1   ]: Wrote artifact RunExecutionResult to /tmp/dbt/target/run_results.json
[0m23:48:54.654234 [debug] [Dummy-1   ]: Resource report: {"command_name": "compile", "command_success": true, "command_wall_clock_time": 3.7147174, "process_in_blocks": "0", "process_kernel_time": 0.8, "process_mem_max_rss": "503060", "process_out_blocks": "0", "process_user_time": 5.31}
[0m23:48:54.654813 [debug] [Dummy-1   ]: Command `cli compile` succeeded at 23:48:54.654575 after 3.72 seconds
[0m23:48:54.655304 [debug] [Dummy-1   ]: Flushing usage events


============================== 23:50:22.337043 | b7f980d1-dde7-4c3b-babf-2bc379bc47aa ==============================
[0m23:50:22.337043 [info ] [Dummy-1   ]: Running with dbt=1.9.4
[0m23:50:22.337855 [debug] [Dummy-1   ]: running dbt with arguments {'printer_width': '80', 'indirect_selection': 'eager', 'write_json': 'True', 'log_cache_events': 'False', 'partial_parse': 'True', 'cache_selected_only': 'False', 'warn_error': 'None', 'version_check': 'True', 'profiles_dir': '/tmp/dbt/', 'log_path': '/tmp/dbt/logs', 'debug': 'False', 'fail_fast': 'False', 'use_colors': 'True', 'use_experimental_parser': 'False', 'no_print': 'None', 'quiet': 'False', 'empty': 'False', 'warn_error_options': 'WarnErrorOptions(include=[], exclude=[])', 'introspect': 'True', 'log_format': 'default', 'static_parser': 'True', 'target_path': '/tmp/dbt/target/', 'invocation_command': 'dbt ', 'send_anonymous_usage_stats': 'False'}
[0m23:50:22.390561 [error] [Dummy-1   ]:  adapter: Invalid profile: 'user' is a required property.
[0m23:50:22.607763 [info ] [Dummy-1   ]: Registered adapter: snowflake=1.9.2
[0m23:50:23.018609 [debug] [Dummy-1   ]: checksum: 53ed91fada2233efb98368d1716b44ab532c83a9c293cf1890b7905d5b45fb25, vars: {}, profile: , target: dev, version: 1.9.4
[0m23:50:23.274556 [debug] [Dummy-1   ]: Partial parsing enabled: 0 files deleted, 0 files added, 0 files changed.
[0m23:50:23.275125 [debug] [Dummy-1   ]: Partial parsing enabled, no changes found, skipping parsing
[0m23:50:23.418986 [debug] [Dummy-1   ]: Wrote artifact WritableManifest to /tmp/dbt/target/manifest.json
[0m23:50:23.420858 [debug] [Dummy-1   ]: Wrote artifact SemanticManifest to /tmp/dbt/target/semantic_manifest.json
[0m23:50:23.460512 [info ] [Dummy-1   ]: Found 9 models, 32 data tests, 5 sources, 474 macros
[0m23:50:23.463174 [info ] [Dummy-1   ]: 
[0m23:50:23.463671 [info ] [Dummy-1   ]: Concurrency: 4 threads (target='dev')
[0m23:50:23.464087 [info ] [Dummy-1   ]: 
[0m23:50:23.464786 [debug] [Dummy-1   ]: Acquiring new snowflake connection 'master'
[0m23:50:23.470483 [debug] [ThreadPool]: Acquiring new snowflake connection 'list_TEST_SNOWFLAKE_LEANING'
[0m23:50:23.549303 [debug] [ThreadPool]: Using snowflake connection "list_TEST_SNOWFLAKE_LEANING"
[0m23:50:23.549847 [debug] [ThreadPool]: On list_TEST_SNOWFLAKE_LEANING: /* {"app": "dbt", "dbt_version": "1.9.4", "profile_name": "dbt_finance", "target_name": "dev", "connection_name": "list_TEST_SNOWFLAKE_LEANING"} */
show terse schemas in database TEST_SNOWFLAKE_LEANING
    limit 10000
[0m23:50:23.550311 [debug] [ThreadPool]: Opening a new connection, currently in state init
[0m23:50:24.021543 [debug] [ThreadPool]: SQL status: SUCCESS 5 in 0.471 seconds
[0m23:50:24.025715 [debug] [ThreadPool]: Acquiring new snowflake connection 'list_TEST_SNOWFLAKE_LEANING_SCHM_F_SNOWLEARN_01'
[0m23:50:24.038513 [debug] [ThreadPool]: Using snowflake connection "list_TEST_SNOWFLAKE_LEANING_SCHM_F_SNOWLEARN_01"
[0m23:50:24.039054 [debug] [ThreadPool]: On list_TEST_SNOWFLAKE_LEANING_SCHM_F_SNOWLEARN_01: /* {"app": "dbt", "dbt_version": "1.9.4", "profile_name": "dbt_finance", "target_name": "dev", "connection_name": "list_TEST_SNOWFLAKE_LEANING_SCHM_F_SNOWLEARN_01"} */
alter session set quoted_identifiers_ignore_case = false;
[0m23:50:24.039478 [debug] [ThreadPool]: Opening a new connection, currently in state init
[0m23:50:24.497310 [debug] [ThreadPool]: SQL status: SUCCESS 1 in 0.458 seconds
[0m23:50:24.501734 [debug] [ThreadPool]: Using snowflake connection "list_TEST_SNOWFLAKE_LEANING_SCHM_F_SNOWLEARN_01"
[0m23:50:24.502244 [debug] [ThreadPool]: On list_TEST_SNOWFLAKE_LEANING_SCHM_F_SNOWLEARN_01: /* {"app": "dbt", "dbt_version": "1.9.4", "profile_name": "dbt_finance", "target_name": "dev", "connection_name": "list_TEST_SNOWFLAKE_LEANING_SCHM_F_SNOWLEARN_01"} */
show objects in TEST_SNOWFLAKE_LEANING.SCHM_F_SNOWLEARN_01
    limit 10000
    
;
[0m23:50:24.635671 [debug] [ThreadPool]: SQL status: SUCCESS 6 in 0.133 seconds
[0m23:50:24.637974 [debug] [ThreadPool]: Using snowflake connection "list_TEST_SNOWFLAKE_LEANING_SCHM_F_SNOWLEARN_01"
[0m23:50:24.638493 [debug] [ThreadPool]: On list_TEST_SNOWFLAKE_LEANING_SCHM_F_SNOWLEARN_01: /* {"app": "dbt", "dbt_version": "1.9.4", "profile_name": "dbt_finance", "target_name": "dev", "connection_name": "list_TEST_SNOWFLAKE_LEANING_SCHM_F_SNOWLEARN_01"} */
alter session unset quoted_identifiers_ignore_case;
[0m23:50:24.727743 [debug] [ThreadPool]: SQL status: SUCCESS 1 in 0.089 seconds
[0m23:50:24.736312 [debug] [Thread-2 (]: Began running node model.dbt_finance.stg_dim_account
[0m23:50:24.736899 [debug] [Thread-3 (]: Began running node model.dbt_finance.stg_dim_security
[0m23:50:24.737471 [debug] [Thread-4 (]: Began running node model.dbt_finance.stg_raw_fund_nav
[0m23:50:24.738080 [debug] [Thread-5 (]: Began running node model.dbt_finance.stg_raw_stock_quotes
[0m23:50:24.738766 [info ] [Thread-2 (]: 1 of 9 START sql view model SCHM_F_SNOWLEARN_01.stg_dim_account ................ [RUN]
[0m23:50:24.739468 [info ] [Thread-3 (]: 2 of 9 START sql view model SCHM_F_SNOWLEARN_01.stg_dim_security ............... [RUN]
[0m23:50:24.740161 [info ] [Thread-4 (]: 3 of 9 START sql view model SCHM_F_SNOWLEARN_01.stg_raw_fund_nav ............... [RUN]
[0m23:50:24.740824 [info ] [Thread-5 (]: 4 of 9 START sql view model SCHM_F_SNOWLEARN_01.stg_raw_stock_quotes ........... [RUN]
[0m23:50:24.741487 [debug] [Thread-2 (]: Re-using an available connection from the pool (formerly list_TEST_SNOWFLAKE_LEANING_SCHM_F_SNOWLEARN_01, now model.dbt_finance.stg_dim_account)
[0m23:50:24.742046 [debug] [Thread-3 (]: Re-using an available connection from the pool (formerly list_TEST_SNOWFLAKE_LEANING, now model.dbt_finance.stg_dim_security)
[0m23:50:24.742688 [debug] [Thread-4 (]: Acquiring new snowflake connection 'model.dbt_finance.stg_raw_fund_nav'
[0m23:50:24.743404 [debug] [Thread-5 (]: Acquiring new snowflake connection 'model.dbt_finance.stg_raw_stock_quotes'
[0m23:50:24.743913 [debug] [Thread-2 (]: Began compiling node model.dbt_finance.stg_dim_account
[0m23:50:24.744394 [debug] [Thread-3 (]: Began compiling node model.dbt_finance.stg_dim_security
[0m23:50:24.744883 [debug] [Thread-4 (]: Began compiling node model.dbt_finance.stg_raw_fund_nav
[0m23:50:24.745375 [debug] [Thread-5 (]: Began compiling node model.dbt_finance.stg_raw_stock_quotes
[0m23:50:24.753859 [debug] [Thread-2 (]: Writing injected SQL for node "model.dbt_finance.stg_dim_account"
[0m23:50:24.757767 [debug] [Thread-3 (]: Writing injected SQL for node "model.dbt_finance.stg_dim_security"
[0m23:50:24.761835 [debug] [Thread-4 (]: Writing injected SQL for node "model.dbt_finance.stg_raw_fund_nav"
[0m23:50:24.766863 [debug] [Thread-5 (]: Writing injected SQL for node "model.dbt_finance.stg_raw_stock_quotes"
[0m23:50:24.767789 [debug] [Thread-2 (]: Began executing node model.dbt_finance.stg_dim_account
[0m23:50:24.768692 [debug] [Thread-3 (]: Began executing node model.dbt_finance.stg_dim_security
[0m23:50:24.769509 [debug] [Thread-4 (]: Began executing node model.dbt_finance.stg_raw_fund_nav
[0m23:50:24.791611 [debug] [Thread-5 (]: Began executing node model.dbt_finance.stg_raw_stock_quotes
[0m23:50:24.807258 [debug] [Thread-2 (]: Writing runtime sql for node "model.dbt_finance.stg_dim_account"
[0m23:50:24.811108 [debug] [Thread-3 (]: Writing runtime sql for node "model.dbt_finance.stg_dim_security"
[0m23:50:24.815091 [debug] [Thread-4 (]: Writing runtime sql for node "model.dbt_finance.stg_raw_fund_nav"
[0m23:50:24.819874 [debug] [Thread-5 (]: Writing runtime sql for node "model.dbt_finance.stg_raw_stock_quotes"
[0m23:50:24.822103 [debug] [Thread-2 (]: Using snowflake connection "model.dbt_finance.stg_dim_account"
[0m23:50:24.823165 [debug] [Thread-3 (]: Using snowflake connection "model.dbt_finance.stg_dim_security"
[0m23:50:24.824369 [debug] [Thread-4 (]: Using snowflake connection "model.dbt_finance.stg_raw_fund_nav"
[0m23:50:24.824959 [debug] [Thread-2 (]: On model.dbt_finance.stg_dim_account: /* {"app": "dbt", "dbt_version": "1.9.4", "profile_name": "dbt_finance", "target_name": "dev", "node_id": "model.dbt_finance.stg_dim_account"} */
create or replace   view TEST_SNOWFLAKE_LEANING.SCHM_F_SNOWLEARN_01.stg_dim_account
  
   as (
    select
    account_key,
    account_id,
    client_name,
    upper(trim(risk_level)) as risk_level,
    upper(trim(account_type)) as account_type,
    open_date,
    is_active,
    datediff('day', open_date, current_date()) as account_age_days,
    etl_updated_at
from TEST_SNOWFLAKE_LEANING.SCHM_F_SNOWLEARN_01.DIM_ACCOUNT
  );
[0m23:50:24.826192 [debug] [Thread-5 (]: Using snowflake connection "model.dbt_finance.stg_raw_stock_quotes"
[0m23:50:24.826706 [debug] [Thread-3 (]: On model.dbt_finance.stg_dim_security: /* {"app": "dbt", "dbt_version": "1.9.4", "profile_name": "dbt_finance", "target_name": "dev", "node_id": "model.dbt_finance.stg_dim_security"} */
create or replace   view TEST_SNOWFLAKE_LEANING.SCHM_F_SNOWLEARN_01.stg_dim_security
  
   as (
    select
    security_key,
    upper(trim(symbol)) as symbol,
    security_name,
    exchange,
    sector,
    industry,
    list_date,
    is_active,
    datediff('year', list_date, current_date()) as years_since_listing,
    etl_updated_at
from TEST_SNOWFLAKE_LEANING.SCHM_F_SNOWLEARN_01.DIM_SECURITY
  );
[0m23:50:24.827263 [debug] [Thread-4 (]: On model.dbt_finance.stg_raw_fund_nav: /* {"app": "dbt", "dbt_version": "1.9.4", "profile_name": "dbt_finance", "target_name": "dev", "node_id": "model.dbt_finance.stg_raw_fund_nav"} */
create or replace   view TEST_SNOWFLAKE_LEANING.SCHM_F_SNOWLEARN_01.stg_raw_fund_nav
  
   as (
    select
    upper(trim(fund_code)) as fund_code,
    nav_date,
    unit_nav,
    accumulated_nav,
    daily_return,
    round(daily_return * 100, 4) as daily_return_pct,
    source_file,
    ingestion_ts
from TEST_SNOWFLAKE_LEANING.SCHM_L_SNOWLEARN_01.RAW_FUND_NAV
where fund_code is not null and nav_date is not null
  );
[0m23:50:24.827806 [debug] [Thread-2 (]: Opening a new connection, currently in state init
[0m23:50:24.828494 [debug] [Thread-5 (]: On model.dbt_finance.stg_raw_stock_quotes: /* {"app": "dbt", "dbt_version": "1.9.4", "profile_name": "dbt_finance", "target_name": "dev", "node_id": "model.dbt_finance.stg_raw_stock_quotes"} */
create or replace   view TEST_SNOWFLAKE_LEANING.SCHM_F_SNOWLEARN_01.stg_raw_stock_quotes
  
   as (
    select
    upper(trim(symbol)) as symbol,
    trade_date,
    open_price,
    high_price,
    low_price,
    close_price,
    volume,
    close_price - open_price as daily_change,
    case
        when open_price > 0 then round((close_price - open_price) / open_price * 100, 4)
        else 0
    end as daily_change_pct,
    high_price - low_price as intraday_range,
    ingestion_ts
from TEST_SNOWFLAKE_LEANING.SCHM_L_SNOWLEARN_01.RAW_STOCK_QUOTES
where symbol is not null and trade_date is not null
  );
[0m23:50:24.829045 [debug] [Thread-3 (]: Opening a new connection, currently in state init
[0m23:50:24.829502 [debug] [Thread-4 (]: Opening a new connection, currently in state init
[0m23:50:24.830130 [debug] [Thread-5 (]: Opening a new connection, currently in state init
[0m23:50:25.533184 [debug] [Thread-4 (]: SQL status: SUCCESS 1 in 0.703 seconds
[0m23:50:25.550697 [debug] [Thread-5 (]: SQL status: SUCCESS 1 in 0.720 seconds
[0m23:50:25.551439 [debug] [Thread-3 (]: SQL status: SUCCESS 1 in 0.722 seconds
[0m23:50:25.559897 [debug] [Thread-2 (]: SQL status: SUCCESS 1 in 0.732 seconds
[0m23:50:25.567190 [info ] [Thread-4 (]: 3 of 9 OK created sql view model SCHM_F_SNOWLEARN_01.stg_raw_fund_nav .......... [[32mSUCCESS 1[0m in 0.81s]
[0m23:50:25.567910 [info ] [Thread-5 (]: 4 of 9 OK created sql view model SCHM_F_SNOWLEARN_01.stg_raw_stock_quotes ...... [[32mSUCCESS 1[0m in 0.82s]
[0m23:50:25.568720 [info ] [Thread-3 (]: 2 of 9 OK created sql view model SCHM_F_SNOWLEARN_01.stg_dim_security .......... [[32mSUCCESS 1[0m in 0.82s]
[0m23:50:25.569421 [info ] [Thread-2 (]: 1 of 9 OK created sql view model SCHM_F_SNOWLEARN_01.stg_dim_account ........... [[32mSUCCESS 1[0m in 0.83s]
[0m23:50:25.570122 [debug] [Thread-4 (]: Finished running node model.dbt_finance.stg_raw_fund_nav
[0m23:50:25.570763 [debug] [Thread-5 (]: Finished running node model.dbt_finance.stg_raw_stock_quotes
[0m23:50:25.571423 [debug] [Thread-3 (]: Finished running node model.dbt_finance.stg_dim_security
[0m23:50:25.572084 [debug] [Thread-2 (]: Finished running node model.dbt_finance.stg_dim_account
[0m23:50:25.572667 [debug] [Thread-4 (]: Began running node model.dbt_finance.stg_raw_trade_orders
[0m23:50:25.573828 [debug] [Thread-5 (]: Began running node model.dbt_finance.mart_security_daily_performance
[0m23:50:25.574654 [info ] [Thread-4 (]: 5 of 9 START sql view model SCHM_F_SNOWLEARN_01.stg_raw_trade_orders ........... [RUN]
[0m23:50:25.575348 [info ] [Thread-5 (]: 6 of 9 START sql table model SCHM_F_SNOWLEARN_01.mart_security_daily_performance  [RUN]
[0m23:50:25.575996 [debug] [Thread-4 (]: Re-using an available connection from the pool (formerly model.dbt_finance.stg_raw_fund_nav, now model.dbt_finance.stg_raw_trade_orders)
[0m23:50:25.576574 [debug] [Thread-5 (]: Re-using an available connection from the pool (formerly model.dbt_finance.stg_raw_stock_quotes, now model.dbt_finance.mart_security_daily_performance)
[0m23:50:25.577153 [debug] [Thread-4 (]: Began compiling node model.dbt_finance.stg_raw_trade_orders
[0m23:50:25.577677 [debug] [Thread-5 (]: Began compiling node model.dbt_finance.mart_security_daily_performance
[0m23:50:25.581904 [debug] [Thread-4 (]: Writing injected SQL for node "model.dbt_finance.stg_raw_trade_orders"
[0m23:50:25.586053 [debug] [Thread-5 (]: Writing injected SQL for node "model.dbt_finance.mart_security_daily_performance"
[0m23:50:25.586990 [debug] [Thread-4 (]: Began executing node model.dbt_finance.stg_raw_trade_orders
[0m23:50:25.591049 [debug] [Thread-4 (]: Writing runtime sql for node "model.dbt_finance.stg_raw_trade_orders"
[0m23:50:25.591549 [debug] [Thread-5 (]: Began executing node model.dbt_finance.mart_security_daily_performance
[0m23:50:25.609190 [debug] [Thread-4 (]: Using snowflake connection "model.dbt_finance.stg_raw_trade_orders"
[0m23:50:25.618493 [debug] [Thread-5 (]: Writing runtime sql for node "model.dbt_finance.mart_security_daily_performance"
[0m23:50:25.619103 [debug] [Thread-4 (]: On model.dbt_finance.stg_raw_trade_orders: /* {"app": "dbt", "dbt_version": "1.9.4", "profile_name": "dbt_finance", "target_name": "dev", "node_id": "model.dbt_finance.stg_raw_trade_orders"} */
create or replace   view TEST_SNOWFLAKE_LEANING.SCHM_F_SNOWLEARN_01.stg_raw_trade_orders
  
   as (
    select
    order_id,
    account_id,
    upper(trim(symbol)) as symbol,
    upper(trim(order_type)) as order_type,
    upper(trim(direction)) as direction,
    quantity,
    price,
    round(quantity * price, 4) as computed_total_amount,
    order_time,
    order_time::date as order_date,
    upper(trim(status)) as status,
    source_file,
    ingestion_ts
from TEST_SNOWFLAKE_LEANING.SCHM_L_SNOWLEARN_01.RAW_TRADE_ORDERS
where order_id is not null
  );
[0m23:50:25.619784 [debug] [Thread-4 (]: Opening a new connection, currently in state init
[0m23:50:25.621396 [debug] [Thread-5 (]: Using snowflake connection "model.dbt_finance.mart_security_daily_performance"
[0m23:50:25.622125 [debug] [Thread-5 (]: On model.dbt_finance.mart_security_daily_performance: /* {"app": "dbt", "dbt_version": "1.9.4", "profile_name": "dbt_finance", "target_name": "dev", "node_id": "model.dbt_finance.mart_security_daily_performance"} */
create or replace transient table TEST_SNOWFLAKE_LEANING.SCHM_F_SNOWLEARN_01.mart_security_daily_performance
         as
        (select
    q.symbol,
    s.security_name,
    s.sector,
    s.industry,
    s.exchange,
    q.trade_date,

    q.open_price,
    q.high_price,
    q.low_price,
    q.close_price,
    q.volume,
    q.daily_change,
    q.daily_change_pct,
    q.intraday_range,

    case
        when q.daily_change_pct > 3 then 'STRONG_UP'
        when q.daily_change_pct > 0 then 'UP'
        when q.daily_change_pct = 0 then 'FLAT'
        when q.daily_change_pct > -3 then 'DOWN'
        else 'STRONG_DOWN'
    end as price_trend,

    case
        when q.volume > 50000000 then 'VERY_HIGH'
        when q.volume > 30000000 then 'HIGH'
        when q.volume > 10000000 then 'MEDIUM'
        else 'LOW'
    end as volume_tier

from TEST_SNOWFLAKE_LEANING.SCHM_F_SNOWLEARN_01.stg_raw_stock_quotes q
left join TEST_SNOWFLAKE_LEANING.SCHM_F_SNOWLEARN_01.stg_dim_security s
    on q.symbol = s.symbol
        );
[0m23:50:25.622695 [debug] [Thread-5 (]: Opening a new connection, currently in state init
[0m23:50:26.311276 [debug] [Thread-4 (]: SQL status: SUCCESS 1 in 0.691 seconds
[0m23:50:26.314103 [info ] [Thread-4 (]: 5 of 9 OK created sql view model SCHM_F_SNOWLEARN_01.stg_raw_trade_orders ...... [[32mSUCCESS 1[0m in 0.74s]
[0m23:50:26.314871 [debug] [Thread-4 (]: Finished running node model.dbt_finance.stg_raw_trade_orders
[0m23:50:26.315784 [debug] [Thread-3 (]: Began running node model.dbt_finance.int_trade_enriched
[0m23:50:26.316452 [info ] [Thread-3 (]: 7 of 9 START sql view model SCHM_F_SNOWLEARN_01.int_trade_enriched ............. [RUN]
[0m23:50:26.317060 [debug] [Thread-3 (]: Re-using an available connection from the pool (formerly model.dbt_finance.stg_dim_security, now model.dbt_finance.int_trade_enriched)
[0m23:50:26.317543 [debug] [Thread-3 (]: Began compiling node model.dbt_finance.int_trade_enriched
[0m23:50:26.322430 [debug] [Thread-3 (]: Writing injected SQL for node "model.dbt_finance.int_trade_enriched"
[0m23:50:26.323143 [debug] [Thread-3 (]: Began executing node model.dbt_finance.int_trade_enriched
[0m23:50:26.327078 [debug] [Thread-3 (]: Writing runtime sql for node "model.dbt_finance.int_trade_enriched"
[0m23:50:26.328700 [debug] [Thread-3 (]: Using snowflake connection "model.dbt_finance.int_trade_enriched"
[0m23:50:26.329227 [debug] [Thread-3 (]: On model.dbt_finance.int_trade_enriched: /* {"app": "dbt", "dbt_version": "1.9.4", "profile_name": "dbt_finance", "target_name": "dev", "node_id": "model.dbt_finance.int_trade_enriched"} */
create or replace   view TEST_SNOWFLAKE_LEANING.SCHM_F_SNOWLEARN_01.int_trade_enriched
  
   as (
    select
    t.order_id,
    t.order_date,
    t.order_time,
    t.direction,
    t.order_type,
    t.status,
    t.quantity,
    t.price,
    t.computed_total_amount,

    a.account_key,
    a.account_id,
    a.client_name,
    a.risk_level,
    a.account_type,
    a.is_active as account_is_active,

    s.security_key,
    s.symbol,
    s.security_name,
    s.exchange,
    s.sector,
    s.industry

from TEST_SNOWFLAKE_LEANING.SCHM_F_SNOWLEARN_01.stg_raw_trade_orders t
left join TEST_SNOWFLAKE_LEANING.SCHM_F_SNOWLEARN_01.stg_dim_account a
    on t.account_id = a.account_id
left join TEST_SNOWFLAKE_LEANING.SCHM_F_SNOWLEARN_01.stg_dim_security s
    on t.symbol = s.symbol
  );
[0m23:50:26.329719 [debug] [Thread-3 (]: Opening a new connection, currently in state init
[0m23:50:27.048285 [debug] [Thread-3 (]: SQL status: SUCCESS 1 in 0.718 seconds
[0m23:50:27.051105 [info ] [Thread-3 (]: 7 of 9 OK created sql view model SCHM_F_SNOWLEARN_01.int_trade_enriched ........ [[32mSUCCESS 1[0m in 0.73s]
[0m23:50:27.051866 [debug] [Thread-3 (]: Finished running node model.dbt_finance.int_trade_enriched
[0m23:50:27.052705 [debug] [Thread-4 (]: Began running node model.dbt_finance.mart_client_trading_summary
[0m23:50:27.053234 [debug] [Thread-2 (]: Began running node model.dbt_finance.mart_risk_exposure_report
[0m23:50:27.053907 [info ] [Thread-4 (]: 8 of 9 START sql table model SCHM_F_SNOWLEARN_01.mart_client_trading_summary ... [RUN]
[0m23:50:27.054570 [info ] [Thread-2 (]: 9 of 9 START sql table model SCHM_F_SNOWLEARN_01.mart_risk_exposure_report ..... [RUN]
[0m23:50:27.055214 [debug] [Thread-4 (]: Re-using an available connection from the pool (formerly model.dbt_finance.stg_raw_trade_orders, now model.dbt_finance.mart_client_trading_summary)
[0m23:50:27.055761 [debug] [Thread-2 (]: Re-using an available connection from the pool (formerly model.dbt_finance.stg_dim_account, now model.dbt_finance.mart_risk_exposure_report)
[0m23:50:27.056257 [debug] [Thread-4 (]: Began compiling node model.dbt_finance.mart_client_trading_summary
[0m23:50:27.056745 [debug] [Thread-2 (]: Began compiling node model.dbt_finance.mart_risk_exposure_report
[0m23:50:27.061213 [debug] [Thread-4 (]: Writing injected SQL for node "model.dbt_finance.mart_client_trading_summary"
[0m23:50:27.066636 [debug] [Thread-2 (]: Writing injected SQL for node "model.dbt_finance.mart_risk_exposure_report"
[0m23:50:27.067527 [debug] [Thread-4 (]: Began executing node model.dbt_finance.mart_client_trading_summary
[0m23:50:27.068235 [debug] [Thread-2 (]: Began executing node model.dbt_finance.mart_risk_exposure_report
[0m23:50:27.072028 [debug] [Thread-4 (]: Writing runtime sql for node "model.dbt_finance.mart_client_trading_summary"
[0m23:50:27.075796 [debug] [Thread-2 (]: Writing runtime sql for node "model.dbt_finance.mart_risk_exposure_report"
[0m23:50:27.078406 [debug] [Thread-4 (]: Using snowflake connection "model.dbt_finance.mart_client_trading_summary"
[0m23:50:27.079284 [debug] [Thread-4 (]: On model.dbt_finance.mart_client_trading_summary: /* {"app": "dbt", "dbt_version": "1.9.4", "profile_name": "dbt_finance", "target_name": "dev", "node_id": "model.dbt_finance.mart_client_trading_summary"} */
create or replace transient table TEST_SNOWFLAKE_LEANING.SCHM_F_SNOWLEARN_01.mart_client_trading_summary
         as
        (select
    account_id,
    client_name,
    risk_level,
    account_type,

    count(distinct order_id) as total_orders,
    count(distinct case when status = 'FILLED' then order_id end) as filled_orders,
    count(distinct case when status = 'PARTIAL' then order_id end) as partial_orders,
    count(distinct case when status = 'CANCELLED' then order_id end) as cancelled_orders,

    round(
        count(distinct case when status = 'FILLED' then order_id end) * 100.0
        / nullif(count(distinct order_id), 0),
    2) as fill_rate_pct,

    sum(case when direction = 'BUY' then computed_total_amount else 0 end) as total_buy_amount,
    sum(case when direction = 'SELL' then computed_total_amount else 0 end) as total_sell_amount,
    sum(computed_total_amount) as total_traded_amount,

    sum(case when direction = 'BUY' then quantity else 0 end) as total_shares_bought,
    sum(case when direction = 'SELL' then quantity else 0 end) as total_shares_sold,

    count(distinct symbol) as distinct_securities_traded,
    count(distinct sector) as distinct_sectors,

    min(order_date) as first_trade_date,
    max(order_date) as last_trade_date,
    datediff('day', min(order_date), max(order_date)) as active_trading_days_span

from TEST_SNOWFLAKE_LEANING.SCHM_F_SNOWLEARN_01.int_trade_enriched
where account_id is not null
group by account_id, client_name, risk_level, account_type
        );
[0m23:50:27.081546 [debug] [Thread-2 (]: Using snowflake connection "model.dbt_finance.mart_risk_exposure_report"
[0m23:50:27.082099 [debug] [Thread-4 (]: Opening a new connection, currently in state init
[0m23:50:27.082732 [debug] [Thread-2 (]: On model.dbt_finance.mart_risk_exposure_report: /* {"app": "dbt", "dbt_version": "1.9.4", "profile_name": "dbt_finance", "target_name": "dev", "node_id": "model.dbt_finance.mart_risk_exposure_report"} */
create or replace transient table TEST_SNOWFLAKE_LEANING.SCHM_F_SNOWLEARN_01.mart_risk_exposure_report
         as
        (select
    t.account_id,
    t.client_name,
    t.risk_level,
    t.account_type,
    t.sector,
    t.symbol,
    t.security_name,

    sum(case when t.direction = 'BUY' then t.quantity else 0 end)
    - sum(case when t.direction = 'SELL' then t.quantity else 0 end) as net_position_qty,

    sum(case when t.direction = 'BUY' then t.computed_total_amount else 0 end)
    - sum(case when t.direction = 'SELL' then t.computed_total_amount else 0 end) as net_exposure_amount,

    case
        when (sum(case when t.direction = 'BUY' then t.computed_total_amount else 0 end)
              - sum(case when t.direction = 'SELL' then t.computed_total_amount else 0 end)) > 50000
        then 'HIGH'
        when (sum(case when t.direction = 'BUY' then t.computed_total_amount else 0 end)
              - sum(case when t.direction = 'SELL' then t.computed_total_amount else 0 end)) > 20000
        then 'MEDIUM'
        else 'LOW'
    end as exposure_level,

    case
        when t.risk_level = 'HIGH'
             and (sum(case when t.direction = 'BUY' then t.computed_total_amount else 0 end)
                  - sum(case when t.direction = 'SELL' then t.computed_total_amount else 0 end)) > 50000
        then true
        else false
    end as risk_alert_flag,

    count(distinct t.order_id) as trade_count,
    max(t.order_date) as last_trade_date

from TEST_SNOWFLAKE_LEANING.SCHM_F_SNOWLEARN_01.int_trade_enriched t
where t.status in ('FILLED', 'PARTIAL')
group by
    t.account_id, t.client_name, t.risk_level, t.account_type,
    t.sector, t.symbol, t.security_name
        );
[0m23:50:27.083501 [debug] [Thread-2 (]: Opening a new connection, currently in state init
[0m23:50:27.196363 [debug] [Thread-5 (]: SQL status: SUCCESS 1 in 1.574 seconds
[0m23:50:27.199177 [info ] [Thread-5 (]: 6 of 9 OK created sql table model SCHM_F_SNOWLEARN_01.mart_security_daily_performance  [[32mSUCCESS 1[0m in 1.62s]
[0m23:50:27.199899 [debug] [Thread-5 (]: Finished running node model.dbt_finance.mart_security_daily_performance
[0m23:50:28.676134 [debug] [Thread-2 (]: SQL status: SUCCESS 1 in 1.592 seconds
[0m23:50:28.679010 [info ] [Thread-2 (]: 9 of 9 OK created sql table model SCHM_F_SNOWLEARN_01.mart_risk_exposure_report  [[32mSUCCESS 1[0m in 1.62s]
[0m23:50:28.679777 [debug] [Thread-2 (]: Finished running node model.dbt_finance.mart_risk_exposure_report
[0m23:50:28.793074 [debug] [Thread-4 (]: SQL status: SUCCESS 1 in 1.711 seconds
[0m23:50:28.795784 [info ] [Thread-4 (]: 8 of 9 OK created sql table model SCHM_F_SNOWLEARN_01.mart_client_trading_summary  [[32mSUCCESS 1[0m in 1.74s]
[0m23:50:28.796523 [debug] [Thread-4 (]: Finished running node model.dbt_finance.mart_client_trading_summary
[0m23:50:28.799582 [debug] [Dummy-1   ]: Connection 'master' was properly closed.
[0m23:50:28.800310 [debug] [Dummy-1   ]: Connection 'model.dbt_finance.int_trade_enriched' was properly closed.
[0m23:50:28.800811 [debug] [Dummy-1   ]: Connection 'model.dbt_finance.mart_risk_exposure_report' was properly closed.
[0m23:50:28.801250 [debug] [Dummy-1   ]: Connection 'model.dbt_finance.mart_client_trading_summary' was properly closed.
[0m23:50:28.801683 [debug] [Dummy-1   ]: Connection 'model.dbt_finance.mart_security_daily_performance' was properly closed.
[0m23:50:28.802268 [info ] [Dummy-1   ]: 
[0m23:50:28.802748 [info ] [Dummy-1   ]: Finished running 3 table models, 6 view models in 0 hours 0 minutes and 5.34 seconds (5.34s).
[0m23:50:28.804411 [debug] [Dummy-1   ]: Command end result
[0m23:50:28.834461 [debug] [Dummy-1   ]: Wrote artifact WritableManifest to /tmp/dbt/target/manifest.json
[0m23:50:28.836307 [debug] [Dummy-1   ]: Wrote artifact SemanticManifest to /tmp/dbt/target/semantic_manifest.json
[0m23:50:28.842507 [debug] [Dummy-1   ]: Wrote artifact RunExecutionResult to /tmp/dbt/target/run_results.json
[0m23:50:28.842974 [info ] [Dummy-1   ]: 
[0m23:50:28.843546 [info ] [Dummy-1   ]: [32mCompleted successfully[0m
[0m23:50:28.843997 [info ] [Dummy-1   ]: 
[0m23:50:28.844459 [info ] [Dummy-1   ]: Done. PASS=9 WARN=0 ERROR=0 SKIP=0 TOTAL=9
[0m23:50:28.845943 [debug] [Dummy-1   ]: Resource report: {"command_name": "run", "command_success": true, "command_wall_clock_time": 6.581046, "process_in_blocks": "0", "process_kernel_time": 0.75, "process_mem_max_rss": "458012", "process_out_blocks": "0", "process_user_time": 4.15}
[0m23:50:28.846500 [debug] [Dummy-1   ]: Command `cli run` succeeded at 23:50:28.846275 after 6.58 seconds
[0m23:50:28.846990 [debug] [Dummy-1   ]: Flushing usage events


============================== 23:50:55.743681 | ab6b463c-671b-4cc9-8b66-ec78a539bc5a ==============================
[0m23:50:55.743681 [info ] [Dummy-1   ]: Running with dbt=1.9.4
[0m23:50:55.744510 [debug] [Dummy-1   ]: running dbt with arguments {'printer_width': '80', 'indirect_selection': 'eager', 'write_json': 'True', 'log_cache_events': 'False', 'partial_parse': 'True', 'cache_selected_only': 'False', 'profiles_dir': '/tmp/dbt/', 'debug': 'False', 'version_check': 'True', 'log_path': '/tmp/dbt/logs', 'fail_fast': 'False', 'warn_error': 'None', 'use_colors': 'True', 'use_experimental_parser': 'False', 'no_print': 'None', 'quiet': 'False', 'empty': 'None', 'log_format': 'default', 'static_parser': 'True', 'introspect': 'True', 'invocation_command': 'dbt ', 'target_path': '/tmp/dbt/target/', 'warn_error_options': 'WarnErrorOptions(include=[], exclude=[])', 'send_anonymous_usage_stats': 'False'}
[0m23:50:55.797357 [error] [Dummy-1   ]:  adapter: Invalid profile: 'user' is a required property.
[0m23:50:56.012984 [info ] [Dummy-1   ]: Registered adapter: snowflake=1.9.2
[0m23:50:56.425500 [debug] [Dummy-1   ]: checksum: 53ed91fada2233efb98368d1716b44ab532c83a9c293cf1890b7905d5b45fb25, vars: {}, profile: , target: dev, version: 1.9.4
[0m23:50:56.681789 [debug] [Dummy-1   ]: Partial parsing enabled: 0 files deleted, 0 files added, 0 files changed.
[0m23:50:56.682343 [debug] [Dummy-1   ]: Partial parsing enabled, no changes found, skipping parsing
[0m23:50:56.824966 [debug] [Dummy-1   ]: Wrote artifact WritableManifest to /tmp/dbt/target/manifest.json
[0m23:50:56.826881 [debug] [Dummy-1   ]: Wrote artifact SemanticManifest to /tmp/dbt/target/semantic_manifest.json
[0m23:50:56.881055 [info ] [Dummy-1   ]: Found 9 models, 32 data tests, 5 sources, 474 macros
[0m23:50:56.884673 [info ] [Dummy-1   ]: 
[0m23:50:56.885193 [info ] [Dummy-1   ]: Concurrency: 4 threads (target='dev')
[0m23:50:56.885642 [info ] [Dummy-1   ]: 
[0m23:50:56.886383 [debug] [Dummy-1   ]: Acquiring new snowflake connection 'master'
[0m23:50:56.892297 [debug] [ThreadPool]: Acquiring new snowflake connection 'list_TEST_SNOWFLAKE_LEANING_SCHM_F_SNOWLEARN_01'
[0m23:50:56.975946 [debug] [ThreadPool]: Using snowflake connection "list_TEST_SNOWFLAKE_LEANING_SCHM_F_SNOWLEARN_01"
[0m23:50:56.976451 [debug] [ThreadPool]: On list_TEST_SNOWFLAKE_LEANING_SCHM_F_SNOWLEARN_01: /* {"app": "dbt", "dbt_version": "1.9.4", "profile_name": "dbt_finance", "target_name": "dev", "connection_name": "list_TEST_SNOWFLAKE_LEANING_SCHM_F_SNOWLEARN_01"} */
alter session set quoted_identifiers_ignore_case = false;
[0m23:50:56.976889 [debug] [ThreadPool]: Opening a new connection, currently in state init
[0m23:50:57.525674 [debug] [ThreadPool]: SQL status: SUCCESS 1 in 0.549 seconds
[0m23:50:57.530131 [debug] [ThreadPool]: Using snowflake connection "list_TEST_SNOWFLAKE_LEANING_SCHM_F_SNOWLEARN_01"
[0m23:50:57.530643 [debug] [ThreadPool]: On list_TEST_SNOWFLAKE_LEANING_SCHM_F_SNOWLEARN_01: /* {"app": "dbt", "dbt_version": "1.9.4", "profile_name": "dbt_finance", "target_name": "dev", "connection_name": "list_TEST_SNOWFLAKE_LEANING_SCHM_F_SNOWLEARN_01"} */
show objects in TEST_SNOWFLAKE_LEANING.SCHM_F_SNOWLEARN_01
    limit 10000
    
;
[0m23:50:57.653238 [debug] [ThreadPool]: SQL status: SUCCESS 14 in 0.122 seconds
[0m23:50:57.655598 [debug] [ThreadPool]: Using snowflake connection "list_TEST_SNOWFLAKE_LEANING_SCHM_F_SNOWLEARN_01"
[0m23:50:57.656053 [debug] [ThreadPool]: On list_TEST_SNOWFLAKE_LEANING_SCHM_F_SNOWLEARN_01: /* {"app": "dbt", "dbt_version": "1.9.4", "profile_name": "dbt_finance", "target_name": "dev", "connection_name": "list_TEST_SNOWFLAKE_LEANING_SCHM_F_SNOWLEARN_01"} */
alter session unset quoted_identifiers_ignore_case;
[0m23:50:57.721240 [debug] [ThreadPool]: SQL status: SUCCESS 1 in 0.065 seconds
[0m23:50:57.733149 [debug] [Thread-2 (]: Began running node test.dbt_finance.accepted_values_mart_risk_exposure_report_exposure_level__HIGH__MEDIUM__LOW.8239039400
[0m23:50:57.733712 [debug] [Thread-3 (]: Began running node test.dbt_finance.accepted_values_mart_security_daily_performance_price_trend__STRONG_UP__UP__FLAT__DOWN__STRONG_DOWN.327f2efff7
[0m23:50:57.734281 [debug] [Thread-4 (]: Began running node test.dbt_finance.accepted_values_mart_security_daily_performance_volume_tier__VERY_HIGH__HIGH__MEDIUM__LOW.7f5f297415
[0m23:50:57.734831 [debug] [Thread-5 (]: Began running node test.dbt_finance.accepted_values_stg_dim_account_risk_level__LOW__MEDIUM__HIGH.530b60fec8
[0m23:50:57.735361 [info ] [Thread-2 (]: 1 of 32 START test accepted_values_mart_risk_exposure_report_exposure_level__HIGH__MEDIUM__LOW  [RUN]
[0m23:50:57.735908 [info ] [Thread-3 (]: 2 of 32 START test accepted_values_mart_security_daily_performance_price_trend__STRONG_UP__UP__FLAT__DOWN__STRONG_DOWN  [RUN]
[0m23:50:57.736427 [info ] [Thread-4 (]: 3 of 32 START test accepted_values_mart_security_daily_performance_volume_tier__VERY_HIGH__HIGH__MEDIUM__LOW  [RUN]
[0m23:50:57.736950 [info ] [Thread-5 (]: 4 of 32 START test accepted_values_stg_dim_account_risk_level__LOW__MEDIUM__HIGH  [RUN]
[0m23:50:57.737548 [debug] [Thread-2 (]: Re-using an available connection from the pool (formerly list_TEST_SNOWFLAKE_LEANING_SCHM_F_SNOWLEARN_01, now test.dbt_finance.accepted_values_mart_risk_exposure_report_exposure_level__HIGH__MEDIUM__LOW.8239039400)
[0m23:50:57.738288 [debug] [Thread-3 (]: Acquiring new snowflake connection 'test.dbt_finance.accepted_values_mart_security_daily_performance_price_trend__STRONG_UP__UP__FLAT__DOWN__STRONG_DOWN.327f2efff7'
[0m23:50:57.738968 [debug] [Thread-4 (]: Acquiring new snowflake connection 'test.dbt_finance.accepted_values_mart_security_daily_performance_volume_tier__VERY_HIGH__HIGH__MEDIUM__LOW.7f5f297415'
[0m23:50:57.739590 [debug] [Thread-5 (]: Acquiring new snowflake connection 'test.dbt_finance.accepted_values_stg_dim_account_risk_level__LOW__MEDIUM__HIGH.530b60fec8'
[0m23:50:57.740091 [debug] [Thread-2 (]: Began compiling node test.dbt_finance.accepted_values_mart_risk_exposure_report_exposure_level__HIGH__MEDIUM__LOW.8239039400
[0m23:50:57.740572 [debug] [Thread-3 (]: Began compiling node test.dbt_finance.accepted_values_mart_security_daily_performance_price_trend__STRONG_UP__UP__FLAT__DOWN__STRONG_DOWN.327f2efff7
[0m23:50:57.741037 [debug] [Thread-4 (]: Began compiling node test.dbt_finance.accepted_values_mart_security_daily_performance_volume_tier__VERY_HIGH__HIGH__MEDIUM__LOW.7f5f297415
[0m23:50:57.741486 [debug] [Thread-5 (]: Began compiling node test.dbt_finance.accepted_values_stg_dim_account_risk_level__LOW__MEDIUM__HIGH.530b60fec8
[0m23:50:57.759857 [debug] [Thread-2 (]: Writing injected SQL for node "test.dbt_finance.accepted_values_mart_risk_exposure_report_exposure_level__HIGH__MEDIUM__LOW.8239039400"
[0m23:50:57.768829 [debug] [Thread-3 (]: Writing injected SQL for node "test.dbt_finance.accepted_values_mart_security_daily_performance_price_trend__STRONG_UP__UP__FLAT__DOWN__STRONG_DOWN.327f2efff7"
[0m23:50:57.774934 [debug] [Thread-4 (]: Writing injected SQL for node "test.dbt_finance.accepted_values_mart_security_daily_performance_volume_tier__VERY_HIGH__HIGH__MEDIUM__LOW.7f5f297415"
[0m23:50:57.779972 [debug] [Thread-5 (]: Writing injected SQL for node "test.dbt_finance.accepted_values_stg_dim_account_risk_level__LOW__MEDIUM__HIGH.530b60fec8"
[0m23:50:57.781030 [debug] [Thread-2 (]: Began executing node test.dbt_finance.accepted_values_mart_risk_exposure_report_exposure_level__HIGH__MEDIUM__LOW.8239039400
[0m23:50:57.781825 [debug] [Thread-3 (]: Began executing node test.dbt_finance.accepted_values_mart_security_daily_performance_price_trend__STRONG_UP__UP__FLAT__DOWN__STRONG_DOWN.327f2efff7
[0m23:50:57.782575 [debug] [Thread-4 (]: Began executing node test.dbt_finance.accepted_values_mart_security_daily_performance_volume_tier__VERY_HIGH__HIGH__MEDIUM__LOW.7f5f297415
[0m23:50:57.800305 [debug] [Thread-5 (]: Began executing node test.dbt_finance.accepted_values_stg_dim_account_risk_level__LOW__MEDIUM__HIGH.530b60fec8
[0m23:50:57.805738 [debug] [Thread-2 (]: Writing runtime sql for node "test.dbt_finance.accepted_values_mart_risk_exposure_report_exposure_level__HIGH__MEDIUM__LOW.8239039400"
[0m23:50:57.809432 [debug] [Thread-3 (]: Writing runtime sql for node "test.dbt_finance.accepted_values_mart_security_daily_performance_price_trend__STRONG_UP__UP__FLAT__DOWN__STRONG_DOWN.327f2efff7"
[0m23:50:57.813804 [debug] [Thread-4 (]: Writing runtime sql for node "test.dbt_finance.accepted_values_mart_security_daily_performance_volume_tier__VERY_HIGH__HIGH__MEDIUM__LOW.7f5f297415"
[0m23:50:57.817329 [debug] [Thread-5 (]: Writing runtime sql for node "test.dbt_finance.accepted_values_stg_dim_account_risk_level__LOW__MEDIUM__HIGH.530b60fec8"
[0m23:50:57.819023 [debug] [Thread-2 (]: Using snowflake connection "test.dbt_finance.accepted_values_mart_risk_exposure_report_exposure_level__HIGH__MEDIUM__LOW.8239039400"
[0m23:50:57.820351 [debug] [Thread-3 (]: Using snowflake connection "test.dbt_finance.accepted_values_mart_security_daily_performance_price_trend__STRONG_UP__UP__FLAT__DOWN__STRONG_DOWN.327f2efff7"
[0m23:50:57.821689 [debug] [Thread-4 (]: Using snowflake connection "test.dbt_finance.accepted_values_mart_security_daily_performance_volume_tier__VERY_HIGH__HIGH__MEDIUM__LOW.7f5f297415"
[0m23:50:57.822297 [debug] [Thread-2 (]: On test.dbt_finance.accepted_values_mart_risk_exposure_report_exposure_level__HIGH__MEDIUM__LOW.8239039400: /* {"app": "dbt", "dbt_version": "1.9.4", "profile_name": "dbt_finance", "target_name": "dev", "node_id": "test.dbt_finance.accepted_values_mart_risk_exposure_report_exposure_level__HIGH__MEDIUM__LOW.8239039400"} */
select
      count(*) as failures,
      count(*) != 0 as should_warn,
      count(*) != 0 as should_error
    from (
      
    
    

with all_values as (

    select
        exposure_level as value_field,
        count(*) as n_records

    from TEST_SNOWFLAKE_LEANING.SCHM_F_SNOWLEARN_01.mart_risk_exposure_report
    group by exposure_level

)

select *
from all_values
where value_field not in (
    'HIGH','MEDIUM','LOW'
)



      
    ) dbt_internal_test
[0m23:50:57.823343 [debug] [Thread-5 (]: Using snowflake connection "test.dbt_finance.accepted_values_stg_dim_account_risk_level__LOW__MEDIUM__HIGH.530b60fec8"
[0m23:50:57.823856 [debug] [Thread-3 (]: On test.dbt_finance.accepted_values_mart_security_daily_performance_price_trend__STRONG_UP__UP__FLAT__DOWN__STRONG_DOWN.327f2efff7: /* {"app": "dbt", "dbt_version": "1.9.4", "profile_name": "dbt_finance", "target_name": "dev", "node_id": "test.dbt_finance.accepted_values_mart_security_daily_performance_price_trend__STRONG_UP__UP__FLAT__DOWN__STRONG_DOWN.327f2efff7"} */
select
      count(*) as failures,
      count(*) != 0 as should_warn,
      count(*) != 0 as should_error
    from (
      
    
    

with all_values as (

    select
        price_trend as value_field,
        count(*) as n_records

    from TEST_SNOWFLAKE_LEANING.SCHM_F_SNOWLEARN_01.mart_security_daily_performance
    group by price_trend

)

select *
from all_values
where value_field not in (
    'STRONG_UP','UP','FLAT','DOWN','STRONG_DOWN'
)



      
    ) dbt_internal_test
[0m23:50:57.824393 [debug] [Thread-4 (]: On test.dbt_finance.accepted_values_mart_security_daily_performance_volume_tier__VERY_HIGH__HIGH__MEDIUM__LOW.7f5f297415: /* {"app": "dbt", "dbt_version": "1.9.4", "profile_name": "dbt_finance", "target_name": "dev", "node_id": "test.dbt_finance.accepted_values_mart_security_daily_performance_volume_tier__VERY_HIGH__HIGH__MEDIUM__LOW.7f5f297415"} */
select
      count(*) as failures,
      count(*) != 0 as should_warn,
      count(*) != 0 as should_error
    from (
      
    
    

with all_values as (

    select
        volume_tier as value_field,
        count(*) as n_records

    from TEST_SNOWFLAKE_LEANING.SCHM_F_SNOWLEARN_01.mart_security_daily_performance
    group by volume_tier

)

select *
from all_values
where value_field not in (
    'VERY_HIGH','HIGH','MEDIUM','LOW'
)



      
    ) dbt_internal_test
[0m23:50:57.824880 [debug] [Thread-2 (]: Opening a new connection, currently in state init
[0m23:50:57.825394 [debug] [Thread-5 (]: On test.dbt_finance.accepted_values_stg_dim_account_risk_level__LOW__MEDIUM__HIGH.530b60fec8: /* {"app": "dbt", "dbt_version": "1.9.4", "profile_name": "dbt_finance", "target_name": "dev", "node_id": "test.dbt_finance.accepted_values_stg_dim_account_risk_level__LOW__MEDIUM__HIGH.530b60fec8"} */
select
      count(*) as failures,
      count(*) != 0 as should_warn,
      count(*) != 0 as should_error
    from (
      
    
    

with all_values as (

    select
        risk_level as value_field,
        count(*) as n_records

    from TEST_SNOWFLAKE_LEANING.SCHM_F_SNOWLEARN_01.stg_dim_account
    group by risk_level

)

select *
from all_values
where value_field not in (
    'LOW','MEDIUM','HIGH'
)



      
    ) dbt_internal_test
[0m23:50:57.825910 [debug] [Thread-3 (]: Opening a new connection, currently in state init
[0m23:50:57.826378 [debug] [Thread-4 (]: Opening a new connection, currently in state init
[0m23:50:57.826955 [debug] [Thread-5 (]: Opening a new connection, currently in state init
[0m23:50:58.498072 [debug] [Thread-3 (]: SQL status: SUCCESS 1 in 0.672 seconds
[0m23:50:58.507640 [info ] [Thread-3 (]: 2 of 32 PASS accepted_values_mart_security_daily_performance_price_trend__STRONG_UP__UP__FLAT__DOWN__STRONG_DOWN  [[32mPASS[0m in 0.77s]
[0m23:50:58.508600 [debug] [Thread-3 (]: Finished running node test.dbt_finance.accepted_values_mart_security_daily_performance_price_trend__STRONG_UP__UP__FLAT__DOWN__STRONG_DOWN.327f2efff7
[0m23:50:58.509397 [debug] [Thread-2 (]: SQL status: SUCCESS 1 in 0.684 seconds
[0m23:50:58.510054 [debug] [Thread-4 (]: SQL status: SUCCESS 1 in 0.684 seconds
[0m23:50:58.510676 [debug] [Thread-3 (]: Began running node test.dbt_finance.accepted_values_stg_raw_trade_orders_direction__BUY__SELL.d6d0f8e60e
[0m23:50:58.512830 [info ] [Thread-2 (]: 1 of 32 PASS accepted_values_mart_risk_exposure_report_exposure_level__HIGH__MEDIUM__LOW  [[32mPASS[0m in 0.78s]
[0m23:50:58.514857 [info ] [Thread-4 (]: 3 of 32 PASS accepted_values_mart_security_daily_performance_volume_tier__VERY_HIGH__HIGH__MEDIUM__LOW  [[32mPASS[0m in 0.78s]
[0m23:50:58.515624 [debug] [Thread-5 (]: SQL status: SUCCESS 1 in 0.689 seconds
[0m23:50:58.516213 [info ] [Thread-3 (]: 5 of 32 START test accepted_values_stg_raw_trade_orders_direction__BUY__SELL ... [RUN]
[0m23:50:58.516941 [debug] [Thread-2 (]: Finished running node test.dbt_finance.accepted_values_mart_risk_exposure_report_exposure_level__HIGH__MEDIUM__LOW.8239039400
[0m23:50:58.517580 [debug] [Thread-4 (]: Finished running node test.dbt_finance.accepted_values_mart_security_daily_performance_volume_tier__VERY_HIGH__HIGH__MEDIUM__LOW.7f5f297415
[0m23:50:58.519593 [info ] [Thread-5 (]: 4 of 32 PASS accepted_values_stg_dim_account_risk_level__LOW__MEDIUM__HIGH ..... [[32mPASS[0m in 0.78s]
[0m23:50:58.520238 [debug] [Thread-3 (]: Re-using an available connection from the pool (formerly test.dbt_finance.accepted_values_mart_security_daily_performance_price_trend__STRONG_UP__UP__FLAT__DOWN__STRONG_DOWN.327f2efff7, now test.dbt_finance.accepted_values_stg_raw_trade_orders_direction__BUY__SELL.d6d0f8e60e)
[0m23:50:58.520830 [debug] [Thread-2 (]: Began running node test.dbt_finance.accepted_values_stg_raw_trade_orders_order_type__LIMIT__MARKET.b2d921fb3f
[0m23:50:58.521438 [debug] [Thread-4 (]: Began running node test.dbt_finance.accepted_values_stg_raw_trade_orders_status__FILLED__PARTIAL__CANCELLED.65213b3958
[0m23:50:58.522121 [debug] [Thread-5 (]: Finished running node test.dbt_finance.accepted_values_stg_dim_account_risk_level__LOW__MEDIUM__HIGH.530b60fec8
[0m23:50:58.522612 [debug] [Thread-3 (]: Began compiling node test.dbt_finance.accepted_values_stg_raw_trade_orders_direction__BUY__SELL.d6d0f8e60e
[0m23:50:58.523127 [info ] [Thread-2 (]: 6 of 32 START test accepted_values_stg_raw_trade_orders_order_type__LIMIT__MARKET  [RUN]
[0m23:50:58.523670 [info ] [Thread-4 (]: 7 of 32 START test accepted_values_stg_raw_trade_orders_status__FILLED__PARTIAL__CANCELLED  [RUN]
[0m23:50:58.524245 [debug] [Thread-5 (]: Began running node test.dbt_finance.not_null_int_trade_enriched_client_name.944715ff28
[0m23:50:58.531101 [debug] [Thread-3 (]: Writing injected SQL for node "test.dbt_finance.accepted_values_stg_raw_trade_orders_direction__BUY__SELL.d6d0f8e60e"
[0m23:50:58.531730 [debug] [Thread-2 (]: Re-using an available connection from the pool (formerly test.dbt_finance.accepted_values_mart_risk_exposure_report_exposure_level__HIGH__MEDIUM__LOW.8239039400, now test.dbt_finance.accepted_values_stg_raw_trade_orders_order_type__LIMIT__MARKET.b2d921fb3f)
[0m23:50:58.532321 [debug] [Thread-4 (]: Re-using an available connection from the pool (formerly test.dbt_finance.accepted_values_mart_security_daily_performance_volume_tier__VERY_HIGH__HIGH__MEDIUM__LOW.7f5f297415, now test.dbt_finance.accepted_values_stg_raw_trade_orders_status__FILLED__PARTIAL__CANCELLED.65213b3958)
[0m23:50:58.532991 [info ] [Thread-5 (]: 8 of 32 START test not_null_int_trade_enriched_client_name ..................... [RUN]
[0m23:50:58.533697 [debug] [Thread-2 (]: Began compiling node test.dbt_finance.accepted_values_stg_raw_trade_orders_order_type__LIMIT__MARKET.b2d921fb3f
[0m23:50:58.534323 [debug] [Thread-3 (]: Began executing node test.dbt_finance.accepted_values_stg_raw_trade_orders_direction__BUY__SELL.d6d0f8e60e
[0m23:50:58.534855 [debug] [Thread-4 (]: Began compiling node test.dbt_finance.accepted_values_stg_raw_trade_orders_status__FILLED__PARTIAL__CANCELLED.65213b3958
[0m23:50:58.535455 [debug] [Thread-5 (]: Re-using an available connection from the pool (formerly test.dbt_finance.accepted_values_stg_dim_account_risk_level__LOW__MEDIUM__HIGH.530b60fec8, now test.dbt_finance.not_null_int_trade_enriched_client_name.944715ff28)
[0m23:50:58.541597 [debug] [Thread-2 (]: Writing injected SQL for node "test.dbt_finance.accepted_values_stg_raw_trade_orders_order_type__LIMIT__MARKET.b2d921fb3f"
[0m23:50:58.546604 [debug] [Thread-3 (]: Writing runtime sql for node "test.dbt_finance.accepted_values_stg_raw_trade_orders_direction__BUY__SELL.d6d0f8e60e"
[0m23:50:58.553720 [debug] [Thread-4 (]: Writing injected SQL for node "test.dbt_finance.accepted_values_stg_raw_trade_orders_status__FILLED__PARTIAL__CANCELLED.65213b3958"
[0m23:50:58.554304 [debug] [Thread-5 (]: Began compiling node test.dbt_finance.not_null_int_trade_enriched_client_name.944715ff28
[0m23:50:58.555333 [debug] [Thread-2 (]: Began executing node test.dbt_finance.accepted_values_stg_raw_trade_orders_order_type__LIMIT__MARKET.b2d921fb3f
[0m23:50:58.556669 [debug] [Thread-3 (]: Using snowflake connection "test.dbt_finance.accepted_values_stg_raw_trade_orders_direction__BUY__SELL.d6d0f8e60e"
[0m23:50:58.564460 [debug] [Thread-5 (]: Writing injected SQL for node "test.dbt_finance.not_null_int_trade_enriched_client_name.944715ff28"
[0m23:50:58.565064 [debug] [Thread-4 (]: Began executing node test.dbt_finance.accepted_values_stg_raw_trade_orders_status__FILLED__PARTIAL__CANCELLED.65213b3958
[0m23:50:58.568585 [debug] [Thread-2 (]: Writing runtime sql for node "test.dbt_finance.accepted_values_stg_raw_trade_orders_order_type__LIMIT__MARKET.b2d921fb3f"
[0m23:50:58.569180 [debug] [Thread-3 (]: On test.dbt_finance.accepted_values_stg_raw_trade_orders_direction__BUY__SELL.d6d0f8e60e: /* {"app": "dbt", "dbt_version": "1.9.4", "profile_name": "dbt_finance", "target_name": "dev", "node_id": "test.dbt_finance.accepted_values_stg_raw_trade_orders_direction__BUY__SELL.d6d0f8e60e"} */
select
      count(*) as failures,
      count(*) != 0 as should_warn,
      count(*) != 0 as should_error
    from (
      
    
    

with all_values as (

    select
        direction as value_field,
        count(*) as n_records

    from TEST_SNOWFLAKE_LEANING.SCHM_F_SNOWLEARN_01.stg_raw_trade_orders
    group by direction

)

select *
from all_values
where value_field not in (
    'BUY','SELL'
)



      
    ) dbt_internal_test
[0m23:50:58.574053 [debug] [Thread-4 (]: Writing runtime sql for node "test.dbt_finance.accepted_values_stg_raw_trade_orders_status__FILLED__PARTIAL__CANCELLED.65213b3958"
[0m23:50:58.574611 [debug] [Thread-5 (]: Began executing node test.dbt_finance.not_null_int_trade_enriched_client_name.944715ff28
[0m23:50:58.575364 [debug] [Thread-3 (]: Opening a new connection, currently in state init
[0m23:50:58.576416 [debug] [Thread-2 (]: Using snowflake connection "test.dbt_finance.accepted_values_stg_raw_trade_orders_order_type__LIMIT__MARKET.b2d921fb3f"
[0m23:50:58.580067 [debug] [Thread-5 (]: Writing runtime sql for node "test.dbt_finance.not_null_int_trade_enriched_client_name.944715ff28"
[0m23:50:58.581134 [debug] [Thread-4 (]: Using snowflake connection "test.dbt_finance.accepted_values_stg_raw_trade_orders_status__FILLED__PARTIAL__CANCELLED.65213b3958"
[0m23:50:58.581793 [debug] [Thread-2 (]: On test.dbt_finance.accepted_values_stg_raw_trade_orders_order_type__LIMIT__MARKET.b2d921fb3f: /* {"app": "dbt", "dbt_version": "1.9.4", "profile_name": "dbt_finance", "target_name": "dev", "node_id": "test.dbt_finance.accepted_values_stg_raw_trade_orders_order_type__LIMIT__MARKET.b2d921fb3f"} */
select
      count(*) as failures,
      count(*) != 0 as should_warn,
      count(*) != 0 as should_error
    from (
      
    
    

with all_values as (

    select
        order_type as value_field,
        count(*) as n_records

    from TEST_SNOWFLAKE_LEANING.SCHM_F_SNOWLEARN_01.stg_raw_trade_orders
    group by order_type

)

select *
from all_values
where value_field not in (
    'LIMIT','MARKET'
)



      
    ) dbt_internal_test
[0m23:50:58.582718 [debug] [Thread-4 (]: On test.dbt_finance.accepted_values_stg_raw_trade_orders_status__FILLED__PARTIAL__CANCELLED.65213b3958: /* {"app": "dbt", "dbt_version": "1.9.4", "profile_name": "dbt_finance", "target_name": "dev", "node_id": "test.dbt_finance.accepted_values_stg_raw_trade_orders_status__FILLED__PARTIAL__CANCELLED.65213b3958"} */
select
      count(*) as failures,
      count(*) != 0 as should_warn,
      count(*) != 0 as should_error
    from (
      
    
    

with all_values as (

    select
        status as value_field,
        count(*) as n_records

    from TEST_SNOWFLAKE_LEANING.SCHM_F_SNOWLEARN_01.stg_raw_trade_orders
    group by status

)

select *
from all_values
where value_field not in (
    'FILLED','PARTIAL','CANCELLED'
)



      
    ) dbt_internal_test
[0m23:50:58.583707 [debug] [Thread-5 (]: Using snowflake connection "test.dbt_finance.not_null_int_trade_enriched_client_name.944715ff28"
[0m23:50:58.584212 [debug] [Thread-2 (]: Opening a new connection, currently in state init
[0m23:50:58.584744 [debug] [Thread-4 (]: Opening a new connection, currently in state init
[0m23:50:58.585302 [debug] [Thread-5 (]: On test.dbt_finance.not_null_int_trade_enriched_client_name.944715ff28: /* {"app": "dbt", "dbt_version": "1.9.4", "profile_name": "dbt_finance", "target_name": "dev", "node_id": "test.dbt_finance.not_null_int_trade_enriched_client_name.944715ff28"} */
select
      count(*) as failures,
      count(*) != 0 as should_warn,
      count(*) != 0 as should_error
    from (
      
    
    



select client_name
from TEST_SNOWFLAKE_LEANING.SCHM_F_SNOWLEARN_01.int_trade_enriched
where client_name is null



      
    ) dbt_internal_test
[0m23:50:58.586041 [debug] [Thread-5 (]: Opening a new connection, currently in state init
[0m23:50:59.213781 [debug] [Thread-3 (]: SQL status: SUCCESS 1 in 0.638 seconds
[0m23:50:59.214540 [debug] [Thread-2 (]: SQL status: SUCCESS 1 in 0.630 seconds
[0m23:50:59.215208 [debug] [Thread-4 (]: SQL status: SUCCESS 1 in 0.630 seconds
[0m23:50:59.217452 [info ] [Thread-3 (]: 5 of 32 PASS accepted_values_stg_raw_trade_orders_direction__BUY__SELL ......... [[32mPASS[0m in 0.70s]
[0m23:50:59.219493 [info ] [Thread-2 (]: 6 of 32 PASS accepted_values_stg_raw_trade_orders_order_type__LIMIT__MARKET .... [[32mPASS[0m in 0.69s]
[0m23:50:59.221367 [info ] [Thread-4 (]: 7 of 32 PASS accepted_values_stg_raw_trade_orders_status__FILLED__PARTIAL__CANCELLED  [[32mPASS[0m in 0.69s]
[0m23:50:59.222114 [debug] [Thread-3 (]: Finished running node test.dbt_finance.accepted_values_stg_raw_trade_orders_direction__BUY__SELL.d6d0f8e60e
[0m23:50:59.222771 [debug] [Thread-2 (]: Finished running node test.dbt_finance.accepted_values_stg_raw_trade_orders_order_type__LIMIT__MARKET.b2d921fb3f
[0m23:50:59.223413 [debug] [Thread-4 (]: Finished running node test.dbt_finance.accepted_values_stg_raw_trade_orders_status__FILLED__PARTIAL__CANCELLED.65213b3958
[0m23:50:59.223994 [debug] [Thread-3 (]: Began running node test.dbt_finance.not_null_int_trade_enriched_order_id.752c3ca6fc
[0m23:50:59.224644 [debug] [Thread-2 (]: Began running node test.dbt_finance.not_null_int_trade_enriched_symbol.201cdc7981
[0m23:50:59.225228 [debug] [Thread-4 (]: Began running node test.dbt_finance.not_null_mart_client_trading_summary_account_id.01eec252c5
[0m23:50:59.225794 [info ] [Thread-3 (]: 9 of 32 START test not_null_int_trade_enriched_order_id ........................ [RUN]
[0m23:50:59.226339 [info ] [Thread-2 (]: 10 of 32 START test not_null_int_trade_enriched_symbol ......................... [RUN]
[0m23:50:59.226882 [info ] [Thread-4 (]: 11 of 32 START test not_null_mart_client_trading_summary_account_id ............ [RUN]
[0m23:50:59.227528 [debug] [Thread-3 (]: Re-using an available connection from the pool (formerly test.dbt_finance.accepted_values_stg_raw_trade_orders_direction__BUY__SELL.d6d0f8e60e, now test.dbt_finance.not_null_int_trade_enriched_order_id.752c3ca6fc)
[0m23:50:59.228131 [debug] [Thread-2 (]: Re-using an available connection from the pool (formerly test.dbt_finance.accepted_values_stg_raw_trade_orders_order_type__LIMIT__MARKET.b2d921fb3f, now test.dbt_finance.not_null_int_trade_enriched_symbol.201cdc7981)
[0m23:50:59.228697 [debug] [Thread-4 (]: Re-using an available connection from the pool (formerly test.dbt_finance.accepted_values_stg_raw_trade_orders_status__FILLED__PARTIAL__CANCELLED.65213b3958, now test.dbt_finance.not_null_mart_client_trading_summary_account_id.01eec252c5)
[0m23:50:59.229198 [debug] [Thread-3 (]: Began compiling node test.dbt_finance.not_null_int_trade_enriched_order_id.752c3ca6fc
[0m23:50:59.229694 [debug] [Thread-2 (]: Began compiling node test.dbt_finance.not_null_int_trade_enriched_symbol.201cdc7981
[0m23:50:59.230185 [debug] [Thread-4 (]: Began compiling node test.dbt_finance.not_null_mart_client_trading_summary_account_id.01eec252c5
[0m23:50:59.235844 [debug] [Thread-3 (]: Writing injected SQL for node "test.dbt_finance.not_null_int_trade_enriched_order_id.752c3ca6fc"
[0m23:50:59.240964 [debug] [Thread-2 (]: Writing injected SQL for node "test.dbt_finance.not_null_int_trade_enriched_symbol.201cdc7981"
[0m23:50:59.245842 [debug] [Thread-4 (]: Writing injected SQL for node "test.dbt_finance.not_null_mart_client_trading_summary_account_id.01eec252c5"
[0m23:50:59.246881 [debug] [Thread-3 (]: Began executing node test.dbt_finance.not_null_int_trade_enriched_order_id.752c3ca6fc
[0m23:50:59.247734 [debug] [Thread-2 (]: Began executing node test.dbt_finance.not_null_int_trade_enriched_symbol.201cdc7981
[0m23:50:59.252647 [debug] [Thread-3 (]: Writing runtime sql for node "test.dbt_finance.not_null_int_trade_enriched_order_id.752c3ca6fc"
[0m23:50:59.253174 [debug] [Thread-4 (]: Began executing node test.dbt_finance.not_null_mart_client_trading_summary_account_id.01eec252c5
[0m23:50:59.256466 [debug] [Thread-2 (]: Writing runtime sql for node "test.dbt_finance.not_null_int_trade_enriched_symbol.201cdc7981"
[0m23:50:59.260157 [debug] [Thread-4 (]: Writing runtime sql for node "test.dbt_finance.not_null_mart_client_trading_summary_account_id.01eec252c5"
[0m23:50:59.261131 [debug] [Thread-3 (]: Using snowflake connection "test.dbt_finance.not_null_int_trade_enriched_order_id.752c3ca6fc"
[0m23:50:59.262365 [debug] [Thread-2 (]: Using snowflake connection "test.dbt_finance.not_null_int_trade_enriched_symbol.201cdc7981"
[0m23:50:59.262965 [debug] [Thread-3 (]: On test.dbt_finance.not_null_int_trade_enriched_order_id.752c3ca6fc: /* {"app": "dbt", "dbt_version": "1.9.4", "profile_name": "dbt_finance", "target_name": "dev", "node_id": "test.dbt_finance.not_null_int_trade_enriched_order_id.752c3ca6fc"} */
select
      count(*) as failures,
      count(*) != 0 as should_warn,
      count(*) != 0 as should_error
    from (
      
    
    



select order_id
from TEST_SNOWFLAKE_LEANING.SCHM_F_SNOWLEARN_01.int_trade_enriched
where order_id is null



      
    ) dbt_internal_test
[0m23:50:59.263871 [debug] [Thread-4 (]: Using snowflake connection "test.dbt_finance.not_null_mart_client_trading_summary_account_id.01eec252c5"
[0m23:50:59.264358 [debug] [Thread-2 (]: On test.dbt_finance.not_null_int_trade_enriched_symbol.201cdc7981: /* {"app": "dbt", "dbt_version": "1.9.4", "profile_name": "dbt_finance", "target_name": "dev", "node_id": "test.dbt_finance.not_null_int_trade_enriched_symbol.201cdc7981"} */
select
      count(*) as failures,
      count(*) != 0 as should_warn,
      count(*) != 0 as should_error
    from (
      
    
    



select symbol
from TEST_SNOWFLAKE_LEANING.SCHM_F_SNOWLEARN_01.int_trade_enriched
where symbol is null



      
    ) dbt_internal_test
[0m23:50:59.264847 [debug] [Thread-3 (]: Opening a new connection, currently in state init
[0m23:50:59.265338 [debug] [Thread-4 (]: On test.dbt_finance.not_null_mart_client_trading_summary_account_id.01eec252c5: /* {"app": "dbt", "dbt_version": "1.9.4", "profile_name": "dbt_finance", "target_name": "dev", "node_id": "test.dbt_finance.not_null_mart_client_trading_summary_account_id.01eec252c5"} */
select
      count(*) as failures,
      count(*) != 0 as should_warn,
      count(*) != 0 as should_error
    from (
      
    
    



select account_id
from TEST_SNOWFLAKE_LEANING.SCHM_F_SNOWLEARN_01.mart_client_trading_summary
where account_id is null



      
    ) dbt_internal_test
[0m23:50:59.265790 [debug] [Thread-2 (]: Opening a new connection, currently in state init
[0m23:50:59.266433 [debug] [Thread-4 (]: Opening a new connection, currently in state init
[0m23:50:59.372742 [debug] [Thread-5 (]: SQL status: SUCCESS 1 in 0.787 seconds
[0m23:50:59.375024 [info ] [Thread-5 (]: 8 of 32 PASS not_null_int_trade_enriched_client_name ........................... [[32mPASS[0m in 0.84s]
[0m23:50:59.375754 [debug] [Thread-5 (]: Finished running node test.dbt_finance.not_null_int_trade_enriched_client_name.944715ff28
[0m23:50:59.376323 [debug] [Thread-5 (]: Began running node test.dbt_finance.not_null_mart_client_trading_summary_fill_rate_pct.db47f0f943
[0m23:50:59.376941 [info ] [Thread-5 (]: 12 of 32 START test not_null_mart_client_trading_summary_fill_rate_pct ......... [RUN]
[0m23:50:59.377556 [debug] [Thread-5 (]: Re-using an available connection from the pool (formerly test.dbt_finance.not_null_int_trade_enriched_client_name.944715ff28, now test.dbt_finance.not_null_mart_client_trading_summary_fill_rate_pct.db47f0f943)
[0m23:50:59.378175 [debug] [Thread-5 (]: Began compiling node test.dbt_finance.not_null_mart_client_trading_summary_fill_rate_pct.db47f0f943
[0m23:50:59.383734 [debug] [Thread-5 (]: Writing injected SQL for node "test.dbt_finance.not_null_mart_client_trading_summary_fill_rate_pct.db47f0f943"
[0m23:50:59.384404 [debug] [Thread-5 (]: Began executing node test.dbt_finance.not_null_mart_client_trading_summary_fill_rate_pct.db47f0f943
[0m23:50:59.388997 [debug] [Thread-5 (]: Writing runtime sql for node "test.dbt_finance.not_null_mart_client_trading_summary_fill_rate_pct.db47f0f943"
[0m23:50:59.390057 [debug] [Thread-5 (]: Using snowflake connection "test.dbt_finance.not_null_mart_client_trading_summary_fill_rate_pct.db47f0f943"
[0m23:50:59.390564 [debug] [Thread-5 (]: On test.dbt_finance.not_null_mart_client_trading_summary_fill_rate_pct.db47f0f943: /* {"app": "dbt", "dbt_version": "1.9.4", "profile_name": "dbt_finance", "target_name": "dev", "node_id": "test.dbt_finance.not_null_mart_client_trading_summary_fill_rate_pct.db47f0f943"} */
select
      count(*) as failures,
      count(*) != 0 as should_warn,
      count(*) != 0 as should_error
    from (
      
    
    



select fill_rate_pct
from TEST_SNOWFLAKE_LEANING.SCHM_F_SNOWLEARN_01.mart_client_trading_summary
where fill_rate_pct is null



      
    ) dbt_internal_test
[0m23:50:59.391055 [debug] [Thread-5 (]: Opening a new connection, currently in state init
[0m23:50:59.805117 [debug] [Thread-4 (]: SQL status: SUCCESS 1 in 0.539 seconds
[0m23:50:59.807430 [info ] [Thread-4 (]: 11 of 32 PASS not_null_mart_client_trading_summary_account_id .................. [[32mPASS[0m in 0.58s]
[0m23:50:59.808285 [debug] [Thread-4 (]: Finished running node test.dbt_finance.not_null_mart_client_trading_summary_account_id.01eec252c5
[0m23:50:59.808891 [debug] [Thread-4 (]: Began running node test.dbt_finance.not_null_mart_risk_exposure_report_account_id.c6dfdf740c
[0m23:50:59.809486 [info ] [Thread-4 (]: 13 of 32 START test not_null_mart_risk_exposure_report_account_id .............. [RUN]
[0m23:50:59.810104 [debug] [Thread-4 (]: Re-using an available connection from the pool (formerly test.dbt_finance.not_null_mart_client_trading_summary_account_id.01eec252c5, now test.dbt_finance.not_null_mart_risk_exposure_report_account_id.c6dfdf740c)
[0m23:50:59.810605 [debug] [Thread-4 (]: Began compiling node test.dbt_finance.not_null_mart_risk_exposure_report_account_id.c6dfdf740c
[0m23:50:59.816115 [debug] [Thread-4 (]: Writing injected SQL for node "test.dbt_finance.not_null_mart_risk_exposure_report_account_id.c6dfdf740c"
[0m23:50:59.816797 [debug] [Thread-4 (]: Began executing node test.dbt_finance.not_null_mart_risk_exposure_report_account_id.c6dfdf740c
[0m23:50:59.820371 [debug] [Thread-4 (]: Writing runtime sql for node "test.dbt_finance.not_null_mart_risk_exposure_report_account_id.c6dfdf740c"
[0m23:50:59.821549 [debug] [Thread-4 (]: Using snowflake connection "test.dbt_finance.not_null_mart_risk_exposure_report_account_id.c6dfdf740c"
[0m23:50:59.822119 [debug] [Thread-4 (]: On test.dbt_finance.not_null_mart_risk_exposure_report_account_id.c6dfdf740c: /* {"app": "dbt", "dbt_version": "1.9.4", "profile_name": "dbt_finance", "target_name": "dev", "node_id": "test.dbt_finance.not_null_mart_risk_exposure_report_account_id.c6dfdf740c"} */
select
      count(*) as failures,
      count(*) != 0 as should_warn,
      count(*) != 0 as should_error
    from (
      
    
    



select account_id
from TEST_SNOWFLAKE_LEANING.SCHM_F_SNOWLEARN_01.mart_risk_exposure_report
where account_id is null



      
    ) dbt_internal_test
[0m23:50:59.822613 [debug] [Thread-4 (]: Opening a new connection, currently in state init
[0m23:50:59.834901 [debug] [Thread-5 (]: SQL status: SUCCESS 1 in 0.444 seconds
[0m23:50:59.836989 [info ] [Thread-5 (]: 12 of 32 PASS not_null_mart_client_trading_summary_fill_rate_pct ............... [[32mPASS[0m in 0.46s]
[0m23:50:59.837678 [debug] [Thread-5 (]: Finished running node test.dbt_finance.not_null_mart_client_trading_summary_fill_rate_pct.db47f0f943
[0m23:50:59.838489 [debug] [Thread-3 (]: SQL status: SUCCESS 1 in 0.574 seconds
[0m23:50:59.839108 [debug] [Thread-5 (]: Began running node test.dbt_finance.not_null_mart_security_daily_performance_symbol.304c0f0e8a
[0m23:50:59.841084 [info ] [Thread-3 (]: 9 of 32 PASS not_null_int_trade_enriched_order_id .............................. [[32mPASS[0m in 0.61s]
[0m23:50:59.841699 [info ] [Thread-5 (]: 14 of 32 START test not_null_mart_security_daily_performance_symbol ............ [RUN]
[0m23:50:59.842371 [debug] [Thread-3 (]: Finished running node test.dbt_finance.not_null_int_trade_enriched_order_id.752c3ca6fc
[0m23:50:59.842956 [debug] [Thread-5 (]: Re-using an available connection from the pool (formerly test.dbt_finance.not_null_mart_client_trading_summary_fill_rate_pct.db47f0f943, now test.dbt_finance.not_null_mart_security_daily_performance_symbol.304c0f0e8a)
[0m23:50:59.843590 [debug] [Thread-3 (]: Began running node test.dbt_finance.not_null_mart_security_daily_performance_trade_date.520dc4e6eb
[0m23:50:59.844164 [debug] [Thread-5 (]: Began compiling node test.dbt_finance.not_null_mart_security_daily_performance_symbol.304c0f0e8a
[0m23:50:59.844707 [info ] [Thread-3 (]: 15 of 32 START test not_null_mart_security_daily_performance_trade_date ........ [RUN]
[0m23:50:59.850006 [debug] [Thread-5 (]: Writing injected SQL for node "test.dbt_finance.not_null_mart_security_daily_performance_symbol.304c0f0e8a"
[0m23:50:59.850626 [debug] [Thread-3 (]: Re-using an available connection from the pool (formerly test.dbt_finance.not_null_int_trade_enriched_order_id.752c3ca6fc, now test.dbt_finance.not_null_mart_security_daily_performance_trade_date.520dc4e6eb)
[0m23:50:59.851419 [debug] [Thread-3 (]: Began compiling node test.dbt_finance.not_null_mart_security_daily_performance_trade_date.520dc4e6eb
[0m23:50:59.851950 [debug] [Thread-5 (]: Began executing node test.dbt_finance.not_null_mart_security_daily_performance_symbol.304c0f0e8a
[0m23:50:59.858133 [debug] [Thread-3 (]: Writing injected SQL for node "test.dbt_finance.not_null_mart_security_daily_performance_trade_date.520dc4e6eb"
[0m23:50:59.861610 [debug] [Thread-5 (]: Writing runtime sql for node "test.dbt_finance.not_null_mart_security_daily_performance_symbol.304c0f0e8a"
[0m23:50:59.863295 [debug] [Thread-3 (]: Began executing node test.dbt_finance.not_null_mart_security_daily_performance_trade_date.520dc4e6eb
[0m23:50:59.867165 [debug] [Thread-3 (]: Writing runtime sql for node "test.dbt_finance.not_null_mart_security_daily_performance_trade_date.520dc4e6eb"
[0m23:50:59.868163 [debug] [Thread-5 (]: Using snowflake connection "test.dbt_finance.not_null_mart_security_daily_performance_symbol.304c0f0e8a"
[0m23:50:59.868909 [debug] [Thread-5 (]: On test.dbt_finance.not_null_mart_security_daily_performance_symbol.304c0f0e8a: /* {"app": "dbt", "dbt_version": "1.9.4", "profile_name": "dbt_finance", "target_name": "dev", "node_id": "test.dbt_finance.not_null_mart_security_daily_performance_symbol.304c0f0e8a"} */
select
      count(*) as failures,
      count(*) != 0 as should_warn,
      count(*) != 0 as should_error
    from (
      
    
    



select symbol
from TEST_SNOWFLAKE_LEANING.SCHM_F_SNOWLEARN_01.mart_security_daily_performance
where symbol is null



      
    ) dbt_internal_test
[0m23:50:59.869849 [debug] [Thread-3 (]: Using snowflake connection "test.dbt_finance.not_null_mart_security_daily_performance_trade_date.520dc4e6eb"
[0m23:50:59.870268 [debug] [Thread-5 (]: Opening a new connection, currently in state init
[0m23:50:59.870769 [debug] [Thread-3 (]: On test.dbt_finance.not_null_mart_security_daily_performance_trade_date.520dc4e6eb: /* {"app": "dbt", "dbt_version": "1.9.4", "profile_name": "dbt_finance", "target_name": "dev", "node_id": "test.dbt_finance.not_null_mart_security_daily_performance_trade_date.520dc4e6eb"} */
select
      count(*) as failures,
      count(*) != 0 as should_warn,
      count(*) != 0 as should_error
    from (
      
    
    



select trade_date
from TEST_SNOWFLAKE_LEANING.SCHM_F_SNOWLEARN_01.mart_security_daily_performance
where trade_date is null



      
    ) dbt_internal_test
[0m23:50:59.871440 [debug] [Thread-3 (]: Opening a new connection, currently in state init
[0m23:50:59.905681 [debug] [Thread-2 (]: SQL status: SUCCESS 1 in 0.640 seconds
[0m23:50:59.908035 [info ] [Thread-2 (]: 10 of 32 PASS not_null_int_trade_enriched_symbol ............................... [[32mPASS[0m in 0.68s]
[0m23:50:59.908762 [debug] [Thread-2 (]: Finished running node test.dbt_finance.not_null_int_trade_enriched_symbol.201cdc7981
[0m23:50:59.909323 [debug] [Thread-2 (]: Began running node test.dbt_finance.not_null_stg_dim_account_account_id.e08784531f
[0m23:50:59.909905 [info ] [Thread-2 (]: 16 of 32 START test not_null_stg_dim_account_account_id ........................ [RUN]
[0m23:50:59.910482 [debug] [Thread-2 (]: Re-using an available connection from the pool (formerly test.dbt_finance.not_null_int_trade_enriched_symbol.201cdc7981, now test.dbt_finance.not_null_stg_dim_account_account_id.e08784531f)
[0m23:50:59.910961 [debug] [Thread-2 (]: Began compiling node test.dbt_finance.not_null_stg_dim_account_account_id.e08784531f
[0m23:50:59.916240 [debug] [Thread-2 (]: Writing injected SQL for node "test.dbt_finance.not_null_stg_dim_account_account_id.e08784531f"
[0m23:50:59.916908 [debug] [Thread-2 (]: Began executing node test.dbt_finance.not_null_stg_dim_account_account_id.e08784531f
[0m23:50:59.920402 [debug] [Thread-2 (]: Writing runtime sql for node "test.dbt_finance.not_null_stg_dim_account_account_id.e08784531f"
[0m23:50:59.921412 [debug] [Thread-2 (]: Using snowflake connection "test.dbt_finance.not_null_stg_dim_account_account_id.e08784531f"
[0m23:50:59.921918 [debug] [Thread-2 (]: On test.dbt_finance.not_null_stg_dim_account_account_id.e08784531f: /* {"app": "dbt", "dbt_version": "1.9.4", "profile_name": "dbt_finance", "target_name": "dev", "node_id": "test.dbt_finance.not_null_stg_dim_account_account_id.e08784531f"} */
select
      count(*) as failures,
      count(*) != 0 as should_warn,
      count(*) != 0 as should_error
    from (
      
    
    



select account_id
from TEST_SNOWFLAKE_LEANING.SCHM_F_SNOWLEARN_01.stg_dim_account
where account_id is null



      
    ) dbt_internal_test
[0m23:50:59.922392 [debug] [Thread-2 (]: Opening a new connection, currently in state init
[0m23:51:00.322756 [debug] [Thread-4 (]: SQL status: SUCCESS 1 in 0.500 seconds
[0m23:51:00.325027 [info ] [Thread-4 (]: 13 of 32 PASS not_null_mart_risk_exposure_report_account_id .................... [[32mPASS[0m in 0.51s]
[0m23:51:00.325709 [debug] [Thread-4 (]: Finished running node test.dbt_finance.not_null_mart_risk_exposure_report_account_id.c6dfdf740c
[0m23:51:00.326249 [debug] [Thread-4 (]: Began running node test.dbt_finance.not_null_stg_dim_account_account_key.f12db6ab35
[0m23:51:00.326825 [info ] [Thread-4 (]: 17 of 32 START test not_null_stg_dim_account_account_key ....................... [RUN]
[0m23:51:00.327405 [debug] [Thread-4 (]: Re-using an available connection from the pool (formerly test.dbt_finance.not_null_mart_risk_exposure_report_account_id.c6dfdf740c, now test.dbt_finance.not_null_stg_dim_account_account_key.f12db6ab35)
[0m23:51:00.327882 [debug] [Thread-4 (]: Began compiling node test.dbt_finance.not_null_stg_dim_account_account_key.f12db6ab35
[0m23:51:00.333361 [debug] [Thread-4 (]: Writing injected SQL for node "test.dbt_finance.not_null_stg_dim_account_account_key.f12db6ab35"
[0m23:51:00.334047 [debug] [Thread-4 (]: Began executing node test.dbt_finance.not_null_stg_dim_account_account_key.f12db6ab35
[0m23:51:00.337728 [debug] [Thread-4 (]: Writing runtime sql for node "test.dbt_finance.not_null_stg_dim_account_account_key.f12db6ab35"
[0m23:51:00.339045 [debug] [Thread-4 (]: Using snowflake connection "test.dbt_finance.not_null_stg_dim_account_account_key.f12db6ab35"
[0m23:51:00.339569 [debug] [Thread-4 (]: On test.dbt_finance.not_null_stg_dim_account_account_key.f12db6ab35: /* {"app": "dbt", "dbt_version": "1.9.4", "profile_name": "dbt_finance", "target_name": "dev", "node_id": "test.dbt_finance.not_null_stg_dim_account_account_key.f12db6ab35"} */
select
      count(*) as failures,
      count(*) != 0 as should_warn,
      count(*) != 0 as should_error
    from (
      
    
    



select account_key
from TEST_SNOWFLAKE_LEANING.SCHM_F_SNOWLEARN_01.stg_dim_account
where account_key is null



      
    ) dbt_internal_test
[0m23:51:00.340030 [debug] [Thread-4 (]: Opening a new connection, currently in state init
[0m23:51:00.368756 [debug] [Thread-5 (]: SQL status: SUCCESS 1 in 0.498 seconds
[0m23:51:00.371009 [info ] [Thread-5 (]: 14 of 32 PASS not_null_mart_security_daily_performance_symbol .................. [[32mPASS[0m in 0.53s]
[0m23:51:00.371758 [debug] [Thread-5 (]: Finished running node test.dbt_finance.not_null_mart_security_daily_performance_symbol.304c0f0e8a
[0m23:51:00.372349 [debug] [Thread-5 (]: Began running node test.dbt_finance.not_null_stg_dim_security_security_key.d8109762eb
[0m23:51:00.372939 [info ] [Thread-5 (]: 18 of 32 START test not_null_stg_dim_security_security_key ..................... [RUN]
[0m23:51:00.373541 [debug] [Thread-5 (]: Re-using an available connection from the pool (formerly test.dbt_finance.not_null_mart_security_daily_performance_symbol.304c0f0e8a, now test.dbt_finance.not_null_stg_dim_security_security_key.d8109762eb)
[0m23:51:00.373996 [debug] [Thread-5 (]: Began compiling node test.dbt_finance.not_null_stg_dim_security_security_key.d8109762eb
[0m23:51:00.379297 [debug] [Thread-5 (]: Writing injected SQL for node "test.dbt_finance.not_null_stg_dim_security_security_key.d8109762eb"
[0m23:51:00.380008 [debug] [Thread-5 (]: Began executing node test.dbt_finance.not_null_stg_dim_security_security_key.d8109762eb
[0m23:51:00.383551 [debug] [Thread-5 (]: Writing runtime sql for node "test.dbt_finance.not_null_stg_dim_security_security_key.d8109762eb"
[0m23:51:00.385335 [debug] [Thread-5 (]: Using snowflake connection "test.dbt_finance.not_null_stg_dim_security_security_key.d8109762eb"
[0m23:51:00.385894 [debug] [Thread-5 (]: On test.dbt_finance.not_null_stg_dim_security_security_key.d8109762eb: /* {"app": "dbt", "dbt_version": "1.9.4", "profile_name": "dbt_finance", "target_name": "dev", "node_id": "test.dbt_finance.not_null_stg_dim_security_security_key.d8109762eb"} */
select
      count(*) as failures,
      count(*) != 0 as should_warn,
      count(*) != 0 as should_error
    from (
      
    
    



select security_key
from TEST_SNOWFLAKE_LEANING.SCHM_F_SNOWLEARN_01.stg_dim_security
where security_key is null



      
    ) dbt_internal_test
[0m23:51:00.386918 [debug] [Thread-5 (]: Opening a new connection, currently in state init
[0m23:51:00.402573 [debug] [Thread-3 (]: SQL status: SUCCESS 1 in 0.531 seconds
[0m23:51:00.404766 [info ] [Thread-3 (]: 15 of 32 PASS not_null_mart_security_daily_performance_trade_date .............. [[32mPASS[0m in 0.55s]
[0m23:51:00.405478 [debug] [Thread-3 (]: Finished running node test.dbt_finance.not_null_mart_security_daily_performance_trade_date.520dc4e6eb
[0m23:51:00.406039 [debug] [Thread-3 (]: Began running node test.dbt_finance.not_null_stg_dim_security_symbol.7bdb18d93f
[0m23:51:00.406609 [info ] [Thread-3 (]: 19 of 32 START test not_null_stg_dim_security_symbol ........................... [RUN]
[0m23:51:00.407224 [debug] [Thread-3 (]: Re-using an available connection from the pool (formerly test.dbt_finance.not_null_mart_security_daily_performance_trade_date.520dc4e6eb, now test.dbt_finance.not_null_stg_dim_security_symbol.7bdb18d93f)
[0m23:51:00.407698 [debug] [Thread-3 (]: Began compiling node test.dbt_finance.not_null_stg_dim_security_symbol.7bdb18d93f
[0m23:51:00.413975 [debug] [Thread-3 (]: Writing injected SQL for node "test.dbt_finance.not_null_stg_dim_security_symbol.7bdb18d93f"
[0m23:51:00.415372 [debug] [Thread-3 (]: Began executing node test.dbt_finance.not_null_stg_dim_security_symbol.7bdb18d93f
[0m23:51:00.481148 [debug] [Thread-2 (]: SQL status: SUCCESS 1 in 0.559 seconds
[0m23:51:00.495827 [debug] [Thread-3 (]: Writing runtime sql for node "test.dbt_finance.not_null_stg_dim_security_symbol.7bdb18d93f"
[0m23:51:00.504432 [info ] [Thread-2 (]: 16 of 32 PASS not_null_stg_dim_account_account_id .............................. [[32mPASS[0m in 0.59s]
[0m23:51:00.505486 [debug] [Thread-2 (]: Finished running node test.dbt_finance.not_null_stg_dim_account_account_id.e08784531f
[0m23:51:00.506370 [debug] [Thread-3 (]: Using snowflake connection "test.dbt_finance.not_null_stg_dim_security_symbol.7bdb18d93f"
[0m23:51:00.506968 [debug] [Thread-2 (]: Began running node test.dbt_finance.not_null_stg_raw_fund_nav_fund_code.6632e7c2c3
[0m23:51:00.507577 [debug] [Thread-3 (]: On test.dbt_finance.not_null_stg_dim_security_symbol.7bdb18d93f: /* {"app": "dbt", "dbt_version": "1.9.4", "profile_name": "dbt_finance", "target_name": "dev", "node_id": "test.dbt_finance.not_null_stg_dim_security_symbol.7bdb18d93f"} */
select
      count(*) as failures,
      count(*) != 0 as should_warn,
      count(*) != 0 as should_error
    from (
      
    
    



select symbol
from TEST_SNOWFLAKE_LEANING.SCHM_F_SNOWLEARN_01.stg_dim_security
where symbol is null



      
    ) dbt_internal_test
[0m23:51:00.508498 [info ] [Thread-2 (]: 20 of 32 START test not_null_stg_raw_fund_nav_fund_code ........................ [RUN]
[0m23:51:00.509057 [debug] [Thread-3 (]: Opening a new connection, currently in state init
[0m23:51:00.509628 [debug] [Thread-2 (]: Re-using an available connection from the pool (formerly test.dbt_finance.not_null_stg_dim_account_account_id.e08784531f, now test.dbt_finance.not_null_stg_raw_fund_nav_fund_code.6632e7c2c3)
[0m23:51:00.510269 [debug] [Thread-2 (]: Began compiling node test.dbt_finance.not_null_stg_raw_fund_nav_fund_code.6632e7c2c3
[0m23:51:00.515251 [debug] [Thread-2 (]: Writing injected SQL for node "test.dbt_finance.not_null_stg_raw_fund_nav_fund_code.6632e7c2c3"
[0m23:51:00.515916 [debug] [Thread-2 (]: Began executing node test.dbt_finance.not_null_stg_raw_fund_nav_fund_code.6632e7c2c3
[0m23:51:00.519420 [debug] [Thread-2 (]: Writing runtime sql for node "test.dbt_finance.not_null_stg_raw_fund_nav_fund_code.6632e7c2c3"
[0m23:51:00.520349 [debug] [Thread-2 (]: Using snowflake connection "test.dbt_finance.not_null_stg_raw_fund_nav_fund_code.6632e7c2c3"
[0m23:51:00.520838 [debug] [Thread-2 (]: On test.dbt_finance.not_null_stg_raw_fund_nav_fund_code.6632e7c2c3: /* {"app": "dbt", "dbt_version": "1.9.4", "profile_name": "dbt_finance", "target_name": "dev", "node_id": "test.dbt_finance.not_null_stg_raw_fund_nav_fund_code.6632e7c2c3"} */
select
      count(*) as failures,
      count(*) != 0 as should_warn,
      count(*) != 0 as should_error
    from (
      
    
    



select fund_code
from TEST_SNOWFLAKE_LEANING.SCHM_F_SNOWLEARN_01.stg_raw_fund_nav
where fund_code is null



      
    ) dbt_internal_test
[0m23:51:00.521285 [debug] [Thread-2 (]: Opening a new connection, currently in state init
[0m23:51:00.918037 [debug] [Thread-5 (]: SQL status: SUCCESS 1 in 0.531 seconds
[0m23:51:00.920478 [info ] [Thread-5 (]: 18 of 32 PASS not_null_stg_dim_security_security_key ........................... [[32mPASS[0m in 0.55s]
[0m23:51:00.921200 [debug] [Thread-4 (]: SQL status: SUCCESS 1 in 0.581 seconds
[0m23:51:00.921875 [debug] [Thread-5 (]: Finished running node test.dbt_finance.not_null_stg_dim_security_security_key.d8109762eb
[0m23:51:00.923772 [info ] [Thread-4 (]: 17 of 32 PASS not_null_stg_dim_account_account_key ............................. [[32mPASS[0m in 0.60s]
[0m23:51:00.924847 [debug] [Thread-5 (]: Began running node test.dbt_finance.not_null_stg_raw_fund_nav_nav_date.ef8270eae0
[0m23:51:00.925602 [debug] [Thread-4 (]: Finished running node test.dbt_finance.not_null_stg_dim_account_account_key.f12db6ab35
[0m23:51:00.926164 [info ] [Thread-5 (]: 21 of 32 START test not_null_stg_raw_fund_nav_nav_date ......................... [RUN]
[0m23:51:00.926764 [debug] [Thread-4 (]: Began running node test.dbt_finance.not_null_stg_raw_stock_quotes_symbol.92699082e2
[0m23:51:00.927387 [debug] [Thread-5 (]: Re-using an available connection from the pool (formerly test.dbt_finance.not_null_stg_dim_security_security_key.d8109762eb, now test.dbt_finance.not_null_stg_raw_fund_nav_nav_date.ef8270eae0)
[0m23:51:00.927897 [info ] [Thread-4 (]: 22 of 32 START test not_null_stg_raw_stock_quotes_symbol ....................... [RUN]
[0m23:51:00.928518 [debug] [Thread-5 (]: Began compiling node test.dbt_finance.not_null_stg_raw_fund_nav_nav_date.ef8270eae0
[0m23:51:00.929094 [debug] [Thread-4 (]: Re-using an available connection from the pool (formerly test.dbt_finance.not_null_stg_dim_account_account_key.f12db6ab35, now test.dbt_finance.not_null_stg_raw_stock_quotes_symbol.92699082e2)
[0m23:51:00.935894 [debug] [Thread-5 (]: Writing injected SQL for node "test.dbt_finance.not_null_stg_raw_fund_nav_nav_date.ef8270eae0"
[0m23:51:00.936454 [debug] [Thread-4 (]: Began compiling node test.dbt_finance.not_null_stg_raw_stock_quotes_symbol.92699082e2
[0m23:51:00.941447 [debug] [Thread-4 (]: Writing injected SQL for node "test.dbt_finance.not_null_stg_raw_stock_quotes_symbol.92699082e2"
[0m23:51:00.941972 [debug] [Thread-5 (]: Began executing node test.dbt_finance.not_null_stg_raw_fund_nav_nav_date.ef8270eae0
[0m23:51:00.945749 [debug] [Thread-5 (]: Writing runtime sql for node "test.dbt_finance.not_null_stg_raw_fund_nav_nav_date.ef8270eae0"
[0m23:51:00.946286 [debug] [Thread-4 (]: Began executing node test.dbt_finance.not_null_stg_raw_stock_quotes_symbol.92699082e2
[0m23:51:00.950091 [debug] [Thread-4 (]: Writing runtime sql for node "test.dbt_finance.not_null_stg_raw_stock_quotes_symbol.92699082e2"
[0m23:51:00.951068 [debug] [Thread-5 (]: Using snowflake connection "test.dbt_finance.not_null_stg_raw_fund_nav_nav_date.ef8270eae0"
[0m23:51:00.951866 [debug] [Thread-5 (]: On test.dbt_finance.not_null_stg_raw_fund_nav_nav_date.ef8270eae0: /* {"app": "dbt", "dbt_version": "1.9.4", "profile_name": "dbt_finance", "target_name": "dev", "node_id": "test.dbt_finance.not_null_stg_raw_fund_nav_nav_date.ef8270eae0"} */
select
      count(*) as failures,
      count(*) != 0 as should_warn,
      count(*) != 0 as should_error
    from (
      
    
    



select nav_date
from TEST_SNOWFLAKE_LEANING.SCHM_F_SNOWLEARN_01.stg_raw_fund_nav
where nav_date is null



      
    ) dbt_internal_test
[0m23:51:00.952832 [debug] [Thread-4 (]: Using snowflake connection "test.dbt_finance.not_null_stg_raw_stock_quotes_symbol.92699082e2"
[0m23:51:00.953345 [debug] [Thread-5 (]: Opening a new connection, currently in state init
[0m23:51:00.953889 [debug] [Thread-4 (]: On test.dbt_finance.not_null_stg_raw_stock_quotes_symbol.92699082e2: /* {"app": "dbt", "dbt_version": "1.9.4", "profile_name": "dbt_finance", "target_name": "dev", "node_id": "test.dbt_finance.not_null_stg_raw_stock_quotes_symbol.92699082e2"} */
select
      count(*) as failures,
      count(*) != 0 as should_warn,
      count(*) != 0 as should_error
    from (
      
    
    



select symbol
from TEST_SNOWFLAKE_LEANING.SCHM_F_SNOWLEARN_01.stg_raw_stock_quotes
where symbol is null



      
    ) dbt_internal_test
[0m23:51:00.954551 [debug] [Thread-4 (]: Opening a new connection, currently in state init
[0m23:51:01.068510 [debug] [Thread-3 (]: SQL status: SUCCESS 1 in 0.559 seconds
[0m23:51:01.070652 [info ] [Thread-3 (]: 19 of 32 PASS not_null_stg_dim_security_symbol ................................. [[32mPASS[0m in 0.66s]
[0m23:51:01.071344 [debug] [Thread-3 (]: Finished running node test.dbt_finance.not_null_stg_dim_security_symbol.7bdb18d93f
[0m23:51:01.071882 [debug] [Thread-3 (]: Began running node test.dbt_finance.not_null_stg_raw_stock_quotes_trade_date.ca8a10406c
[0m23:51:01.072450 [info ] [Thread-3 (]: 23 of 32 START test not_null_stg_raw_stock_quotes_trade_date ................... [RUN]
[0m23:51:01.073006 [debug] [Thread-3 (]: Re-using an available connection from the pool (formerly test.dbt_finance.not_null_stg_dim_security_symbol.7bdb18d93f, now test.dbt_finance.not_null_stg_raw_stock_quotes_trade_date.ca8a10406c)
[0m23:51:01.073472 [debug] [Thread-3 (]: Began compiling node test.dbt_finance.not_null_stg_raw_stock_quotes_trade_date.ca8a10406c
[0m23:51:01.078690 [debug] [Thread-3 (]: Writing injected SQL for node "test.dbt_finance.not_null_stg_raw_stock_quotes_trade_date.ca8a10406c"
[0m23:51:01.079382 [debug] [Thread-3 (]: Began executing node test.dbt_finance.not_null_stg_raw_stock_quotes_trade_date.ca8a10406c
[0m23:51:01.084345 [debug] [Thread-3 (]: Writing runtime sql for node "test.dbt_finance.not_null_stg_raw_stock_quotes_trade_date.ca8a10406c"
[0m23:51:01.085392 [debug] [Thread-3 (]: Using snowflake connection "test.dbt_finance.not_null_stg_raw_stock_quotes_trade_date.ca8a10406c"
[0m23:51:01.085940 [debug] [Thread-3 (]: On test.dbt_finance.not_null_stg_raw_stock_quotes_trade_date.ca8a10406c: /* {"app": "dbt", "dbt_version": "1.9.4", "profile_name": "dbt_finance", "target_name": "dev", "node_id": "test.dbt_finance.not_null_stg_raw_stock_quotes_trade_date.ca8a10406c"} */
select
      count(*) as failures,
      count(*) != 0 as should_warn,
      count(*) != 0 as should_error
    from (
      
    
    



select trade_date
from TEST_SNOWFLAKE_LEANING.SCHM_F_SNOWLEARN_01.stg_raw_stock_quotes
where trade_date is null



      
    ) dbt_internal_test
[0m23:51:01.086414 [debug] [Thread-3 (]: Opening a new connection, currently in state init
[0m23:51:01.159104 [debug] [Thread-2 (]: SQL status: SUCCESS 1 in 0.638 seconds
[0m23:51:01.161432 [info ] [Thread-2 (]: 20 of 32 PASS not_null_stg_raw_fund_nav_fund_code .............................. [[32mPASS[0m in 0.65s]
[0m23:51:01.162169 [debug] [Thread-2 (]: Finished running node test.dbt_finance.not_null_stg_raw_fund_nav_fund_code.6632e7c2c3
[0m23:51:01.162742 [debug] [Thread-2 (]: Began running node test.dbt_finance.not_null_stg_raw_trade_orders_order_id.f9af6bf111
[0m23:51:01.163325 [info ] [Thread-2 (]: 24 of 32 START test not_null_stg_raw_trade_orders_order_id ..................... [RUN]
[0m23:51:01.163904 [debug] [Thread-2 (]: Re-using an available connection from the pool (formerly test.dbt_finance.not_null_stg_raw_fund_nav_fund_code.6632e7c2c3, now test.dbt_finance.not_null_stg_raw_trade_orders_order_id.f9af6bf111)
[0m23:51:01.164386 [debug] [Thread-2 (]: Began compiling node test.dbt_finance.not_null_stg_raw_trade_orders_order_id.f9af6bf111
[0m23:51:01.169870 [debug] [Thread-2 (]: Writing injected SQL for node "test.dbt_finance.not_null_stg_raw_trade_orders_order_id.f9af6bf111"
[0m23:51:01.170590 [debug] [Thread-2 (]: Began executing node test.dbt_finance.not_null_stg_raw_trade_orders_order_id.f9af6bf111
[0m23:51:01.174130 [debug] [Thread-2 (]: Writing runtime sql for node "test.dbt_finance.not_null_stg_raw_trade_orders_order_id.f9af6bf111"
[0m23:51:01.175189 [debug] [Thread-2 (]: Using snowflake connection "test.dbt_finance.not_null_stg_raw_trade_orders_order_id.f9af6bf111"
[0m23:51:01.175700 [debug] [Thread-2 (]: On test.dbt_finance.not_null_stg_raw_trade_orders_order_id.f9af6bf111: /* {"app": "dbt", "dbt_version": "1.9.4", "profile_name": "dbt_finance", "target_name": "dev", "node_id": "test.dbt_finance.not_null_stg_raw_trade_orders_order_id.f9af6bf111"} */
select
      count(*) as failures,
      count(*) != 0 as should_warn,
      count(*) != 0 as should_error
    from (
      
    
    



select order_id
from TEST_SNOWFLAKE_LEANING.SCHM_F_SNOWLEARN_01.stg_raw_trade_orders
where order_id is null



      
    ) dbt_internal_test
[0m23:51:01.176173 [debug] [Thread-2 (]: Opening a new connection, currently in state init
[0m23:51:01.595754 [debug] [Thread-5 (]: SQL status: SUCCESS 1 in 0.642 seconds
[0m23:51:01.598697 [info ] [Thread-5 (]: 21 of 32 PASS not_null_stg_raw_fund_nav_nav_date ............................... [[32mPASS[0m in 0.67s]
[0m23:51:01.599510 [debug] [Thread-5 (]: Finished running node test.dbt_finance.not_null_stg_raw_fund_nav_nav_date.ef8270eae0
[0m23:51:01.600101 [debug] [Thread-5 (]: Began running node test.dbt_finance.not_null_stg_raw_trade_orders_price.01fb5edd6b
[0m23:51:01.600721 [info ] [Thread-5 (]: 25 of 32 START test not_null_stg_raw_trade_orders_price ........................ [RUN]
[0m23:51:01.601363 [debug] [Thread-5 (]: Re-using an available connection from the pool (formerly test.dbt_finance.not_null_stg_raw_fund_nav_nav_date.ef8270eae0, now test.dbt_finance.not_null_stg_raw_trade_orders_price.01fb5edd6b)
[0m23:51:01.601859 [debug] [Thread-5 (]: Began compiling node test.dbt_finance.not_null_stg_raw_trade_orders_price.01fb5edd6b
[0m23:51:01.607511 [debug] [Thread-5 (]: Writing injected SQL for node "test.dbt_finance.not_null_stg_raw_trade_orders_price.01fb5edd6b"
[0m23:51:01.608331 [debug] [Thread-5 (]: Began executing node test.dbt_finance.not_null_stg_raw_trade_orders_price.01fb5edd6b
[0m23:51:01.613706 [debug] [Thread-5 (]: Writing runtime sql for node "test.dbt_finance.not_null_stg_raw_trade_orders_price.01fb5edd6b"
[0m23:51:01.614771 [debug] [Thread-5 (]: Using snowflake connection "test.dbt_finance.not_null_stg_raw_trade_orders_price.01fb5edd6b"
[0m23:51:01.615311 [debug] [Thread-5 (]: On test.dbt_finance.not_null_stg_raw_trade_orders_price.01fb5edd6b: /* {"app": "dbt", "dbt_version": "1.9.4", "profile_name": "dbt_finance", "target_name": "dev", "node_id": "test.dbt_finance.not_null_stg_raw_trade_orders_price.01fb5edd6b"} */
select
      count(*) as failures,
      count(*) != 0 as should_warn,
      count(*) != 0 as should_error
    from (
      
    
    



select price
from TEST_SNOWFLAKE_LEANING.SCHM_F_SNOWLEARN_01.stg_raw_trade_orders
where price is null



      
    ) dbt_internal_test
[0m23:51:01.615817 [debug] [Thread-5 (]: Opening a new connection, currently in state init
[0m23:51:01.679306 [debug] [Thread-3 (]: SQL status: SUCCESS 1 in 0.593 seconds
[0m23:51:01.681633 [info ] [Thread-3 (]: 23 of 32 PASS not_null_stg_raw_stock_quotes_trade_date ......................... [[32mPASS[0m in 0.61s]
[0m23:51:01.682424 [debug] [Thread-3 (]: Finished running node test.dbt_finance.not_null_stg_raw_stock_quotes_trade_date.ca8a10406c
[0m23:51:01.683037 [debug] [Thread-3 (]: Began running node test.dbt_finance.not_null_stg_raw_trade_orders_quantity.81806273ce
[0m23:51:01.683764 [info ] [Thread-3 (]: 26 of 32 START test not_null_stg_raw_trade_orders_quantity ..................... [RUN]
[0m23:51:01.684682 [debug] [Thread-3 (]: Re-using an available connection from the pool (formerly test.dbt_finance.not_null_stg_raw_stock_quotes_trade_date.ca8a10406c, now test.dbt_finance.not_null_stg_raw_trade_orders_quantity.81806273ce)
[0m23:51:01.685551 [debug] [Thread-3 (]: Began compiling node test.dbt_finance.not_null_stg_raw_trade_orders_quantity.81806273ce
[0m23:51:01.691495 [debug] [Thread-3 (]: Writing injected SQL for node "test.dbt_finance.not_null_stg_raw_trade_orders_quantity.81806273ce"
[0m23:51:01.692318 [debug] [Thread-3 (]: Began executing node test.dbt_finance.not_null_stg_raw_trade_orders_quantity.81806273ce
[0m23:51:01.696430 [debug] [Thread-3 (]: Writing runtime sql for node "test.dbt_finance.not_null_stg_raw_trade_orders_quantity.81806273ce"
[0m23:51:01.697730 [debug] [Thread-3 (]: Using snowflake connection "test.dbt_finance.not_null_stg_raw_trade_orders_quantity.81806273ce"
[0m23:51:01.698415 [debug] [Thread-3 (]: On test.dbt_finance.not_null_stg_raw_trade_orders_quantity.81806273ce: /* {"app": "dbt", "dbt_version": "1.9.4", "profile_name": "dbt_finance", "target_name": "dev", "node_id": "test.dbt_finance.not_null_stg_raw_trade_orders_quantity.81806273ce"} */
select
      count(*) as failures,
      count(*) != 0 as should_warn,
      count(*) != 0 as should_error
    from (
      
    
    



select quantity
from TEST_SNOWFLAKE_LEANING.SCHM_F_SNOWLEARN_01.stg_raw_trade_orders
where quantity is null



      
    ) dbt_internal_test
[0m23:51:01.698986 [debug] [Thread-3 (]: Opening a new connection, currently in state init
[0m23:51:01.716529 [debug] [Thread-4 (]: SQL status: SUCCESS 1 in 0.762 seconds
[0m23:51:01.719099 [info ] [Thread-4 (]: 22 of 32 PASS not_null_stg_raw_stock_quotes_symbol ............................. [[32mPASS[0m in 0.79s]
[0m23:51:01.727055 [debug] [Thread-4 (]: Finished running node test.dbt_finance.not_null_stg_raw_stock_quotes_symbol.92699082e2
[0m23:51:01.727748 [debug] [Thread-4 (]: Began running node test.dbt_finance.relationships_int_trade_enriched_symbol__symbol__ref_stg_dim_security_.75285f5800
[0m23:51:01.728490 [info ] [Thread-4 (]: 27 of 32 START test relationships_int_trade_enriched_symbol__symbol__ref_stg_dim_security_  [RUN]
[0m23:51:01.729168 [debug] [Thread-4 (]: Re-using an available connection from the pool (formerly test.dbt_finance.not_null_stg_raw_stock_quotes_symbol.92699082e2, now test.dbt_finance.relationships_int_trade_enriched_symbol__symbol__ref_stg_dim_security_.75285f5800)
[0m23:51:01.729692 [debug] [Thread-4 (]: Began compiling node test.dbt_finance.relationships_int_trade_enriched_symbol__symbol__ref_stg_dim_security_.75285f5800
[0m23:51:01.739774 [debug] [Thread-4 (]: Writing injected SQL for node "test.dbt_finance.relationships_int_trade_enriched_symbol__symbol__ref_stg_dim_security_.75285f5800"
[0m23:51:01.741375 [debug] [Thread-4 (]: Began executing node test.dbt_finance.relationships_int_trade_enriched_symbol__symbol__ref_stg_dim_security_.75285f5800
[0m23:51:01.745141 [debug] [Thread-4 (]: Writing runtime sql for node "test.dbt_finance.relationships_int_trade_enriched_symbol__symbol__ref_stg_dim_security_.75285f5800"
[0m23:51:01.746569 [debug] [Thread-4 (]: Using snowflake connection "test.dbt_finance.relationships_int_trade_enriched_symbol__symbol__ref_stg_dim_security_.75285f5800"
[0m23:51:01.747194 [debug] [Thread-4 (]: On test.dbt_finance.relationships_int_trade_enriched_symbol__symbol__ref_stg_dim_security_.75285f5800: /* {"app": "dbt", "dbt_version": "1.9.4", "profile_name": "dbt_finance", "target_name": "dev", "node_id": "test.dbt_finance.relationships_int_trade_enriched_symbol__symbol__ref_stg_dim_security_.75285f5800"} */
select
      count(*) as failures,
      count(*) != 0 as should_warn,
      count(*) != 0 as should_error
    from (
      
    
    

with child as (
    select symbol as from_field
    from TEST_SNOWFLAKE_LEANING.SCHM_F_SNOWLEARN_01.int_trade_enriched
    where symbol is not null
),

parent as (
    select symbol as to_field
    from TEST_SNOWFLAKE_LEANING.SCHM_F_SNOWLEARN_01.stg_dim_security
)

select
    from_field

from child
left join parent
    on child.from_field = parent.to_field

where parent.to_field is null



      
    ) dbt_internal_test
[0m23:51:01.747766 [debug] [Thread-4 (]: Opening a new connection, currently in state init
[0m23:51:01.772728 [debug] [Thread-2 (]: SQL status: SUCCESS 1 in 0.596 seconds
[0m23:51:01.775070 [info ] [Thread-2 (]: 24 of 32 PASS not_null_stg_raw_trade_orders_order_id ........................... [[32mPASS[0m in 0.61s]
[0m23:51:01.783580 [debug] [Thread-2 (]: Finished running node test.dbt_finance.not_null_stg_raw_trade_orders_order_id.f9af6bf111
[0m23:51:01.784708 [debug] [Thread-2 (]: Began running node test.dbt_finance.unique_int_trade_enriched_order_id.46a62da788
[0m23:51:01.785335 [info ] [Thread-2 (]: 28 of 32 START test unique_int_trade_enriched_order_id ......................... [RUN]
[0m23:51:01.785963 [debug] [Thread-2 (]: Re-using an available connection from the pool (formerly test.dbt_finance.not_null_stg_raw_trade_orders_order_id.f9af6bf111, now test.dbt_finance.unique_int_trade_enriched_order_id.46a62da788)
[0m23:51:01.786487 [debug] [Thread-2 (]: Began compiling node test.dbt_finance.unique_int_trade_enriched_order_id.46a62da788
[0m23:51:01.796135 [debug] [Thread-2 (]: Writing injected SQL for node "test.dbt_finance.unique_int_trade_enriched_order_id.46a62da788"
[0m23:51:01.797084 [debug] [Thread-2 (]: Began executing node test.dbt_finance.unique_int_trade_enriched_order_id.46a62da788
[0m23:51:01.800884 [debug] [Thread-2 (]: Writing runtime sql for node "test.dbt_finance.unique_int_trade_enriched_order_id.46a62da788"
[0m23:51:01.802053 [debug] [Thread-2 (]: Using snowflake connection "test.dbt_finance.unique_int_trade_enriched_order_id.46a62da788"
[0m23:51:01.802591 [debug] [Thread-2 (]: On test.dbt_finance.unique_int_trade_enriched_order_id.46a62da788: /* {"app": "dbt", "dbt_version": "1.9.4", "profile_name": "dbt_finance", "target_name": "dev", "node_id": "test.dbt_finance.unique_int_trade_enriched_order_id.46a62da788"} */
select
      count(*) as failures,
      count(*) != 0 as should_warn,
      count(*) != 0 as should_error
    from (
      
    
    

select
    order_id as unique_field,
    count(*) as n_records

from TEST_SNOWFLAKE_LEANING.SCHM_F_SNOWLEARN_01.int_trade_enriched
where order_id is not null
group by order_id
having count(*) > 1



      
    ) dbt_internal_test
[0m23:51:01.803088 [debug] [Thread-2 (]: Opening a new connection, currently in state init
[0m23:51:02.528146 [debug] [Thread-5 (]: SQL status: SUCCESS 1 in 0.912 seconds
[0m23:51:02.530566 [info ] [Thread-5 (]: 25 of 32 PASS not_null_stg_raw_trade_orders_price .............................. [[32mPASS[0m in 0.93s]
[0m23:51:02.531390 [debug] [Thread-5 (]: Finished running node test.dbt_finance.not_null_stg_raw_trade_orders_price.01fb5edd6b
[0m23:51:02.531989 [debug] [Thread-5 (]: Began running node test.dbt_finance.unique_stg_dim_account_account_key.24f70477e8
[0m23:51:02.532567 [info ] [Thread-5 (]: 29 of 32 START test unique_stg_dim_account_account_key ......................... [RUN]
[0m23:51:02.533164 [debug] [Thread-5 (]: Re-using an available connection from the pool (formerly test.dbt_finance.not_null_stg_raw_trade_orders_price.01fb5edd6b, now test.dbt_finance.unique_stg_dim_account_account_key.24f70477e8)
[0m23:51:02.533651 [debug] [Thread-5 (]: Began compiling node test.dbt_finance.unique_stg_dim_account_account_key.24f70477e8
[0m23:51:02.539355 [debug] [Thread-5 (]: Writing injected SQL for node "test.dbt_finance.unique_stg_dim_account_account_key.24f70477e8"
[0m23:51:02.540109 [debug] [Thread-5 (]: Began executing node test.dbt_finance.unique_stg_dim_account_account_key.24f70477e8
[0m23:51:02.543814 [debug] [Thread-5 (]: Writing runtime sql for node "test.dbt_finance.unique_stg_dim_account_account_key.24f70477e8"
[0m23:51:02.544976 [debug] [Thread-5 (]: Using snowflake connection "test.dbt_finance.unique_stg_dim_account_account_key.24f70477e8"
[0m23:51:02.545497 [debug] [Thread-5 (]: On test.dbt_finance.unique_stg_dim_account_account_key.24f70477e8: /* {"app": "dbt", "dbt_version": "1.9.4", "profile_name": "dbt_finance", "target_name": "dev", "node_id": "test.dbt_finance.unique_stg_dim_account_account_key.24f70477e8"} */
select
      count(*) as failures,
      count(*) != 0 as should_warn,
      count(*) != 0 as should_error
    from (
      
    
    

select
    account_key as unique_field,
    count(*) as n_records

from TEST_SNOWFLAKE_LEANING.SCHM_F_SNOWLEARN_01.stg_dim_account
where account_key is not null
group by account_key
having count(*) > 1



      
    ) dbt_internal_test
[0m23:51:02.545979 [debug] [Thread-5 (]: Opening a new connection, currently in state init
[0m23:51:02.547463 [debug] [Thread-3 (]: SQL status: SUCCESS 1 in 0.848 seconds
[0m23:51:02.549611 [info ] [Thread-3 (]: 26 of 32 PASS not_null_stg_raw_trade_orders_quantity ........................... [[32mPASS[0m in 0.86s]
[0m23:51:02.550329 [debug] [Thread-3 (]: Finished running node test.dbt_finance.not_null_stg_raw_trade_orders_quantity.81806273ce
[0m23:51:02.550935 [debug] [Thread-3 (]: Began running node test.dbt_finance.unique_stg_dim_security_security_key.73f52a6847
[0m23:51:02.551508 [info ] [Thread-3 (]: 30 of 32 START test unique_stg_dim_security_security_key ....................... [RUN]
[0m23:51:02.552104 [debug] [Thread-3 (]: Re-using an available connection from the pool (formerly test.dbt_finance.not_null_stg_raw_trade_orders_quantity.81806273ce, now test.dbt_finance.unique_stg_dim_security_security_key.73f52a6847)
[0m23:51:02.552585 [debug] [Thread-3 (]: Began compiling node test.dbt_finance.unique_stg_dim_security_security_key.73f52a6847
[0m23:51:02.559223 [debug] [Thread-3 (]: Writing injected SQL for node "test.dbt_finance.unique_stg_dim_security_security_key.73f52a6847"
[0m23:51:02.559940 [debug] [Thread-3 (]: Began executing node test.dbt_finance.unique_stg_dim_security_security_key.73f52a6847
[0m23:51:02.563595 [debug] [Thread-3 (]: Writing runtime sql for node "test.dbt_finance.unique_stg_dim_security_security_key.73f52a6847"
[0m23:51:02.564761 [debug] [Thread-3 (]: Using snowflake connection "test.dbt_finance.unique_stg_dim_security_security_key.73f52a6847"
[0m23:51:02.565323 [debug] [Thread-3 (]: On test.dbt_finance.unique_stg_dim_security_security_key.73f52a6847: /* {"app": "dbt", "dbt_version": "1.9.4", "profile_name": "dbt_finance", "target_name": "dev", "node_id": "test.dbt_finance.unique_stg_dim_security_security_key.73f52a6847"} */
select
      count(*) as failures,
      count(*) != 0 as should_warn,
      count(*) != 0 as should_error
    from (
      
    
    

select
    security_key as unique_field,
    count(*) as n_records

from TEST_SNOWFLAKE_LEANING.SCHM_F_SNOWLEARN_01.stg_dim_security
where security_key is not null
group by security_key
having count(*) > 1



      
    ) dbt_internal_test
[0m23:51:02.565823 [debug] [Thread-3 (]: Opening a new connection, currently in state init
[0m23:51:02.587155 [debug] [Thread-4 (]: SQL status: SUCCESS 1 in 0.839 seconds
[0m23:51:02.589404 [info ] [Thread-4 (]: 27 of 32 PASS relationships_int_trade_enriched_symbol__symbol__ref_stg_dim_security_  [[32mPASS[0m in 0.86s]
[0m23:51:02.590140 [debug] [Thread-4 (]: Finished running node test.dbt_finance.relationships_int_trade_enriched_symbol__symbol__ref_stg_dim_security_.75285f5800
[0m23:51:02.590821 [debug] [Thread-2 (]: SQL status: SUCCESS 1 in 0.788 seconds
[0m23:51:02.591444 [debug] [Thread-4 (]: Began running node test.dbt_finance.unique_stg_dim_security_symbol.ffe139b55f
[0m23:51:02.593537 [error] [Thread-2 (]: 28 of 32 FAIL 4 unique_int_trade_enriched_order_id ............................. [[31mFAIL 4[0m in 0.81s]
[0m23:51:02.594130 [info ] [Thread-4 (]: 31 of 32 START test unique_stg_dim_security_symbol ............................. [RUN]
[0m23:51:02.594812 [debug] [Thread-2 (]: Finished running node test.dbt_finance.unique_int_trade_enriched_order_id.46a62da788
[0m23:51:02.595426 [debug] [Thread-4 (]: Re-using an available connection from the pool (formerly test.dbt_finance.relationships_int_trade_enriched_symbol__symbol__ref_stg_dim_security_.75285f5800, now test.dbt_finance.unique_stg_dim_security_symbol.ffe139b55f)
[0m23:51:02.596012 [debug] [Thread-2 (]: Began running node test.dbt_finance.unique_stg_raw_trade_orders_order_id.9ac183a5ee
[0m23:51:02.596532 [debug] [Thread-4 (]: Began compiling node test.dbt_finance.unique_stg_dim_security_symbol.ffe139b55f
[0m23:51:02.597019 [info ] [Thread-2 (]: 32 of 32 START test unique_stg_raw_trade_orders_order_id ....................... [RUN]
[0m23:51:02.602186 [debug] [Thread-4 (]: Writing injected SQL for node "test.dbt_finance.unique_stg_dim_security_symbol.ffe139b55f"
[0m23:51:02.603200 [debug] [Thread-2 (]: Re-using an available connection from the pool (formerly test.dbt_finance.unique_int_trade_enriched_order_id.46a62da788, now test.dbt_finance.unique_stg_raw_trade_orders_order_id.9ac183a5ee)
[0m23:51:02.604267 [debug] [Thread-2 (]: Began compiling node test.dbt_finance.unique_stg_raw_trade_orders_order_id.9ac183a5ee
[0m23:51:02.604851 [debug] [Thread-4 (]: Began executing node test.dbt_finance.unique_stg_dim_security_symbol.ffe139b55f
[0m23:51:02.609869 [debug] [Thread-2 (]: Writing injected SQL for node "test.dbt_finance.unique_stg_raw_trade_orders_order_id.9ac183a5ee"
[0m23:51:02.613402 [debug] [Thread-4 (]: Writing runtime sql for node "test.dbt_finance.unique_stg_dim_security_symbol.ffe139b55f"
[0m23:51:02.621257 [debug] [Thread-2 (]: Began executing node test.dbt_finance.unique_stg_raw_trade_orders_order_id.9ac183a5ee
[0m23:51:02.622384 [debug] [Thread-4 (]: Using snowflake connection "test.dbt_finance.unique_stg_dim_security_symbol.ffe139b55f"
[0m23:51:02.626918 [debug] [Thread-2 (]: Writing runtime sql for node "test.dbt_finance.unique_stg_raw_trade_orders_order_id.9ac183a5ee"
[0m23:51:02.627523 [debug] [Thread-4 (]: On test.dbt_finance.unique_stg_dim_security_symbol.ffe139b55f: /* {"app": "dbt", "dbt_version": "1.9.4", "profile_name": "dbt_finance", "target_name": "dev", "node_id": "test.dbt_finance.unique_stg_dim_security_symbol.ffe139b55f"} */
select
      count(*) as failures,
      count(*) != 0 as should_warn,
      count(*) != 0 as should_error
    from (
      
    
    

select
    symbol as unique_field,
    count(*) as n_records

from TEST_SNOWFLAKE_LEANING.SCHM_F_SNOWLEARN_01.stg_dim_security
where symbol is not null
group by symbol
having count(*) > 1



      
    ) dbt_internal_test
[0m23:51:02.628296 [debug] [Thread-4 (]: Opening a new connection, currently in state init
[0m23:51:02.629367 [debug] [Thread-2 (]: Using snowflake connection "test.dbt_finance.unique_stg_raw_trade_orders_order_id.9ac183a5ee"
[0m23:51:02.630029 [debug] [Thread-2 (]: On test.dbt_finance.unique_stg_raw_trade_orders_order_id.9ac183a5ee: /* {"app": "dbt", "dbt_version": "1.9.4", "profile_name": "dbt_finance", "target_name": "dev", "node_id": "test.dbt_finance.unique_stg_raw_trade_orders_order_id.9ac183a5ee"} */
select
      count(*) as failures,
      count(*) != 0 as should_warn,
      count(*) != 0 as should_error
    from (
      
    
    

select
    order_id as unique_field,
    count(*) as n_records

from TEST_SNOWFLAKE_LEANING.SCHM_F_SNOWLEARN_01.stg_raw_trade_orders
where order_id is not null
group by order_id
having count(*) > 1



      
    ) dbt_internal_test
[0m23:51:02.630542 [debug] [Thread-2 (]: Opening a new connection, currently in state init
[0m23:51:03.084295 [debug] [Thread-5 (]: SQL status: SUCCESS 1 in 0.538 seconds
[0m23:51:03.086610 [info ] [Thread-5 (]: 29 of 32 PASS unique_stg_dim_account_account_key ............................... [[32mPASS[0m in 0.55s]
[0m23:51:03.087353 [debug] [Thread-5 (]: Finished running node test.dbt_finance.unique_stg_dim_account_account_key.24f70477e8
[0m23:51:03.096668 [debug] [Thread-3 (]: SQL status: SUCCESS 1 in 0.531 seconds
[0m23:51:03.098758 [info ] [Thread-3 (]: 30 of 32 PASS unique_stg_dim_security_security_key ............................. [[32mPASS[0m in 0.55s]
[0m23:51:03.099459 [debug] [Thread-3 (]: Finished running node test.dbt_finance.unique_stg_dim_security_security_key.73f52a6847
[0m23:51:03.188545 [debug] [Thread-2 (]: SQL status: SUCCESS 1 in 0.558 seconds
[0m23:51:03.190803 [info ] [Thread-2 (]: 32 of 32 PASS unique_stg_raw_trade_orders_order_id ............................. [[32mPASS[0m in 0.59s]
[0m23:51:03.191604 [debug] [Thread-2 (]: Finished running node test.dbt_finance.unique_stg_raw_trade_orders_order_id.9ac183a5ee
[0m23:51:03.199324 [debug] [Thread-4 (]: SQL status: SUCCESS 1 in 0.571 seconds
[0m23:51:03.201298 [info ] [Thread-4 (]: 31 of 32 PASS unique_stg_dim_security_symbol ................................... [[32mPASS[0m in 0.61s]
[0m23:51:03.201984 [debug] [Thread-4 (]: Finished running node test.dbt_finance.unique_stg_dim_security_symbol.ffe139b55f
[0m23:51:03.205087 [debug] [Dummy-1   ]: Connection 'master' was properly closed.
[0m23:51:03.205838 [debug] [Dummy-1   ]: Connection 'test.dbt_finance.unique_stg_raw_trade_orders_order_id.9ac183a5ee' was properly closed.
[0m23:51:03.206369 [debug] [Dummy-1   ]: Connection 'test.dbt_finance.unique_stg_dim_security_security_key.73f52a6847' was properly closed.
[0m23:51:03.206791 [debug] [Dummy-1   ]: Connection 'test.dbt_finance.unique_stg_dim_security_symbol.ffe139b55f' was properly closed.
[0m23:51:03.207200 [debug] [Dummy-1   ]: Connection 'test.dbt_finance.unique_stg_dim_account_account_key.24f70477e8' was properly closed.
[0m23:51:03.207705 [info ] [Dummy-1   ]: 
[0m23:51:03.208245 [info ] [Dummy-1   ]: Finished running 32 data tests in 0 hours 0 minutes and 6.32 seconds (6.32s).
[0m23:51:03.212397 [debug] [Dummy-1   ]: Command end result
[0m23:51:03.242385 [debug] [Dummy-1   ]: Wrote artifact WritableManifest to /tmp/dbt/target/manifest.json
[0m23:51:03.244193 [debug] [Dummy-1   ]: Wrote artifact SemanticManifest to /tmp/dbt/target/semantic_manifest.json
[0m23:51:03.252245 [debug] [Dummy-1   ]: Wrote artifact RunExecutionResult to /tmp/dbt/target/run_results.json
[0m23:51:03.252753 [info ] [Dummy-1   ]: 
[0m23:51:03.253342 [info ] [Dummy-1   ]: [31mCompleted with 1 error, 0 partial successes, and 0 warnings:[0m
[0m23:51:03.253826 [info ] [Dummy-1   ]: 
[0m23:51:03.254418 [error] [Dummy-1   ]: [31mFailure in test unique_int_trade_enriched_order_id (models/schema.yml)[0m
[0m23:51:03.254955 [error] [Dummy-1   ]:   Got 4 results, configured to fail if != 0
[0m23:51:03.255362 [info ] [Dummy-1   ]: 
[0m23:51:03.255838 [info ] [Dummy-1   ]:   compiled code at /tmp/dbt/target/compiled/dbt_finance/models/schema.yml/unique_int_trade_enriched_order_id.sql
[0m23:51:03.256321 [info ] [Dummy-1   ]: 
[0m23:51:03.256785 [info ] [Dummy-1   ]: Done. PASS=31 WARN=0 ERROR=1 SKIP=0 TOTAL=32
[0m23:51:03.258514 [debug] [Dummy-1   ]: Resource report: {"command_name": "test", "command_success": false, "command_wall_clock_time": 7.587081, "process_in_blocks": "0", "process_kernel_time": 0.89, "process_mem_max_rss": "466428", "process_out_blocks": "0", "process_user_time": 5.06}
[0m23:51:03.259142 [debug] [Dummy-1   ]: Command `cli test` failed at 23:51:03.258892 after 7.59 seconds
[0m23:51:03.259662 [debug] [Dummy-1   ]: Flushing usage events


============================== 23:51:56.785935 | 0573ea49-cd0a-44b1-ad40-6f4514382b34 ==============================
[0m23:51:56.785935 [info ] [Dummy-1   ]: Running with dbt=1.9.4
[0m23:51:56.786764 [debug] [Dummy-1   ]: running dbt with arguments {'printer_width': '80', 'indirect_selection': 'eager', 'log_cache_events': 'False', 'write_json': 'True', 'partial_parse': 'True', 'cache_selected_only': 'False', 'warn_error': 'None', 'fail_fast': 'False', 'debug': 'False', 'log_path': '/tmp/dbt/logs', 'version_check': 'True', 'profiles_dir': '/tmp/dbt/', 'use_colors': 'True', 'use_experimental_parser': 'False', 'empty': 'False', 'quiet': 'False', 'no_print': 'None', 'warn_error_options': 'WarnErrorOptions(include=[], exclude=[])', 'introspect': 'True', 'static_parser': 'True', 'invocation_command': 'dbt ', 'target_path': '/tmp/dbt/target/', 'log_format': 'default', 'send_anonymous_usage_stats': 'False'}
[0m23:51:56.840673 [error] [Dummy-1   ]:  adapter: Invalid profile: 'user' is a required property.
[0m23:51:57.061474 [info ] [Dummy-1   ]: Registered adapter: snowflake=1.9.2
[0m23:51:57.475243 [debug] [Dummy-1   ]: checksum: 53ed91fada2233efb98368d1716b44ab532c83a9c293cf1890b7905d5b45fb25, vars: {}, profile: , target: dev, version: 1.9.4
[0m23:51:57.731850 [debug] [Dummy-1   ]: Partial parsing enabled: 0 files deleted, 0 files added, 2 files changed.
[0m23:51:57.733054 [debug] [Dummy-1   ]: Partial parsing: updated file: dbt_finance://models/schema.yml
[0m23:51:57.733579 [debug] [Dummy-1   ]: Partial parsing: updated file: dbt_finance://models/staging/stg_dim_account.sql
[0m23:51:58.407457 [debug] [Dummy-1   ]: Wrote artifact WritableManifest to /tmp/dbt/target/manifest.json
[0m23:51:58.409509 [debug] [Dummy-1   ]: Wrote artifact SemanticManifest to /tmp/dbt/target/semantic_manifest.json
[0m23:51:58.451220 [info ] [Dummy-1   ]: Found 9 models, 33 data tests, 5 sources, 474 macros
[0m23:51:58.453980 [info ] [Dummy-1   ]: 
[0m23:51:58.454477 [info ] [Dummy-1   ]: Concurrency: 4 threads (target='dev')
[0m23:51:58.454889 [info ] [Dummy-1   ]: 
[0m23:51:58.455565 [debug] [Dummy-1   ]: Acquiring new snowflake connection 'master'
[0m23:51:58.461292 [debug] [ThreadPool]: Acquiring new snowflake connection 'list_TEST_SNOWFLAKE_LEANING'
[0m23:51:58.541636 [debug] [ThreadPool]: Using snowflake connection "list_TEST_SNOWFLAKE_LEANING"
[0m23:51:58.542205 [debug] [ThreadPool]: On list_TEST_SNOWFLAKE_LEANING: /* {"app": "dbt", "dbt_version": "1.9.4", "profile_name": "dbt_finance", "target_name": "dev", "connection_name": "list_TEST_SNOWFLAKE_LEANING"} */
show terse schemas in database TEST_SNOWFLAKE_LEANING
    limit 10000
[0m23:51:58.542623 [debug] [ThreadPool]: Opening a new connection, currently in state init
[0m23:51:58.953975 [debug] [ThreadPool]: SQL status: SUCCESS 5 in 0.411 seconds
[0m23:51:58.958105 [debug] [ThreadPool]: Acquiring new snowflake connection 'list_TEST_SNOWFLAKE_LEANING_SCHM_F_SNOWLEARN_01'
[0m23:51:58.970174 [debug] [ThreadPool]: Using snowflake connection "list_TEST_SNOWFLAKE_LEANING_SCHM_F_SNOWLEARN_01"
[0m23:51:58.970672 [debug] [ThreadPool]: On list_TEST_SNOWFLAKE_LEANING_SCHM_F_SNOWLEARN_01: /* {"app": "dbt", "dbt_version": "1.9.4", "profile_name": "dbt_finance", "target_name": "dev", "connection_name": "list_TEST_SNOWFLAKE_LEANING_SCHM_F_SNOWLEARN_01"} */
alter session set quoted_identifiers_ignore_case = false;
[0m23:51:58.971124 [debug] [ThreadPool]: Opening a new connection, currently in state init
[0m23:51:59.328396 [debug] [ThreadPool]: SQL status: SUCCESS 1 in 0.357 seconds
[0m23:51:59.332878 [debug] [ThreadPool]: Using snowflake connection "list_TEST_SNOWFLAKE_LEANING_SCHM_F_SNOWLEARN_01"
[0m23:51:59.333378 [debug] [ThreadPool]: On list_TEST_SNOWFLAKE_LEANING_SCHM_F_SNOWLEARN_01: /* {"app": "dbt", "dbt_version": "1.9.4", "profile_name": "dbt_finance", "target_name": "dev", "connection_name": "list_TEST_SNOWFLAKE_LEANING_SCHM_F_SNOWLEARN_01"} */
show objects in TEST_SNOWFLAKE_LEANING.SCHM_F_SNOWLEARN_01
    limit 10000
    
;
[0m23:51:59.449696 [debug] [ThreadPool]: SQL status: SUCCESS 14 in 0.116 seconds
[0m23:51:59.452038 [debug] [ThreadPool]: Using snowflake connection "list_TEST_SNOWFLAKE_LEANING_SCHM_F_SNOWLEARN_01"
[0m23:51:59.452510 [debug] [ThreadPool]: On list_TEST_SNOWFLAKE_LEANING_SCHM_F_SNOWLEARN_01: /* {"app": "dbt", "dbt_version": "1.9.4", "profile_name": "dbt_finance", "target_name": "dev", "connection_name": "list_TEST_SNOWFLAKE_LEANING_SCHM_F_SNOWLEARN_01"} */
alter session unset quoted_identifiers_ignore_case;
[0m23:51:59.520661 [debug] [ThreadPool]: SQL status: SUCCESS 1 in 0.068 seconds
[0m23:51:59.532767 [debug] [Thread-2 (]: Began running node model.dbt_finance.stg_dim_account
[0m23:51:59.533345 [debug] [Thread-3 (]: Began running node model.dbt_finance.stg_dim_security
[0m23:51:59.533864 [debug] [Thread-4 (]: Began running node model.dbt_finance.stg_raw_fund_nav
[0m23:51:59.534418 [debug] [Thread-5 (]: Began running node model.dbt_finance.stg_raw_stock_quotes
[0m23:51:59.535116 [info ] [Thread-2 (]: 1 of 9 START sql view model SCHM_F_SNOWLEARN_01.stg_dim_account ................ [RUN]
[0m23:51:59.535768 [info ] [Thread-3 (]: 2 of 9 START sql view model SCHM_F_SNOWLEARN_01.stg_dim_security ............... [RUN]
[0m23:51:59.536418 [info ] [Thread-4 (]: 3 of 9 START sql view model SCHM_F_SNOWLEARN_01.stg_raw_fund_nav ............... [RUN]
[0m23:51:59.537061 [info ] [Thread-5 (]: 4 of 9 START sql view model SCHM_F_SNOWLEARN_01.stg_raw_stock_quotes ........... [RUN]
[0m23:51:59.537703 [debug] [Thread-2 (]: Re-using an available connection from the pool (formerly list_TEST_SNOWFLAKE_LEANING_SCHM_F_SNOWLEARN_01, now model.dbt_finance.stg_dim_account)
[0m23:51:59.538328 [debug] [Thread-3 (]: Re-using an available connection from the pool (formerly list_TEST_SNOWFLAKE_LEANING, now model.dbt_finance.stg_dim_security)
[0m23:51:59.538959 [debug] [Thread-4 (]: Acquiring new snowflake connection 'model.dbt_finance.stg_raw_fund_nav'
[0m23:51:59.539596 [debug] [Thread-5 (]: Acquiring new snowflake connection 'model.dbt_finance.stg_raw_stock_quotes'
[0m23:51:59.540088 [debug] [Thread-2 (]: Began compiling node model.dbt_finance.stg_dim_account
[0m23:51:59.540558 [debug] [Thread-3 (]: Began compiling node model.dbt_finance.stg_dim_security
[0m23:51:59.541024 [debug] [Thread-4 (]: Began compiling node model.dbt_finance.stg_raw_fund_nav
[0m23:51:59.541482 [debug] [Thread-5 (]: Began compiling node model.dbt_finance.stg_raw_stock_quotes
[0m23:51:59.550919 [debug] [Thread-2 (]: Writing injected SQL for node "model.dbt_finance.stg_dim_account"
[0m23:51:59.554849 [debug] [Thread-3 (]: Writing injected SQL for node "model.dbt_finance.stg_dim_security"
[0m23:51:59.558833 [debug] [Thread-4 (]: Writing injected SQL for node "model.dbt_finance.stg_raw_fund_nav"
[0m23:51:59.562830 [debug] [Thread-5 (]: Writing injected SQL for node "model.dbt_finance.stg_raw_stock_quotes"
[0m23:51:59.563864 [debug] [Thread-2 (]: Began executing node model.dbt_finance.stg_dim_account
[0m23:51:59.564584 [debug] [Thread-3 (]: Began executing node model.dbt_finance.stg_dim_security
[0m23:51:59.565376 [debug] [Thread-4 (]: Began executing node model.dbt_finance.stg_raw_fund_nav
[0m23:51:59.582345 [debug] [Thread-5 (]: Began executing node model.dbt_finance.stg_raw_stock_quotes
[0m23:51:59.609898 [debug] [Thread-2 (]: Writing runtime sql for node "model.dbt_finance.stg_dim_account"
[0m23:51:59.621550 [debug] [Thread-3 (]: Writing runtime sql for node "model.dbt_finance.stg_dim_security"
[0m23:51:59.625865 [debug] [Thread-4 (]: Writing runtime sql for node "model.dbt_finance.stg_raw_fund_nav"
[0m23:51:59.629882 [debug] [Thread-5 (]: Writing runtime sql for node "model.dbt_finance.stg_raw_stock_quotes"
[0m23:51:59.631978 [debug] [Thread-2 (]: Using snowflake connection "model.dbt_finance.stg_dim_account"
[0m23:51:59.633403 [debug] [Thread-3 (]: Using snowflake connection "model.dbt_finance.stg_dim_security"
[0m23:51:59.634785 [debug] [Thread-4 (]: Using snowflake connection "model.dbt_finance.stg_raw_fund_nav"
[0m23:51:59.635610 [debug] [Thread-2 (]: On model.dbt_finance.stg_dim_account: /* {"app": "dbt", "dbt_version": "1.9.4", "profile_name": "dbt_finance", "target_name": "dev", "node_id": "model.dbt_finance.stg_dim_account"} */
create or replace   view TEST_SNOWFLAKE_LEANING.SCHM_F_SNOWLEARN_01.stg_dim_account
  
   as (
    with ranked as (
    select
        account_key,
        account_id,
        client_name,
        upper(trim(risk_level)) as risk_level,
        upper(trim(account_type)) as account_type,
        open_date,
        is_active,
        datediff('day', open_date, current_date()) as account_age_days,
        etl_updated_at,
        row_number() over (partition by account_id order by etl_updated_at desc) as rn
    from TEST_SNOWFLAKE_LEANING.SCHM_F_SNOWLEARN_01.DIM_ACCOUNT
)

select
    account_key,
    account_id,
    client_name,
    risk_level,
    account_type,
    open_date,
    is_active,
    account_age_days,
    etl_updated_at
from ranked
where rn = 1
  );
[0m23:51:59.636895 [debug] [Thread-5 (]: Using snowflake connection "model.dbt_finance.stg_raw_stock_quotes"
[0m23:51:59.637393 [debug] [Thread-3 (]: On model.dbt_finance.stg_dim_security: /* {"app": "dbt", "dbt_version": "1.9.4", "profile_name": "dbt_finance", "target_name": "dev", "node_id": "model.dbt_finance.stg_dim_security"} */
create or replace   view TEST_SNOWFLAKE_LEANING.SCHM_F_SNOWLEARN_01.stg_dim_security
  
   as (
    select
    security_key,
    upper(trim(symbol)) as symbol,
    security_name,
    exchange,
    sector,
    industry,
    list_date,
    is_active,
    datediff('year', list_date, current_date()) as years_since_listing,
    etl_updated_at
from TEST_SNOWFLAKE_LEANING.SCHM_F_SNOWLEARN_01.DIM_SECURITY
  );
[0m23:51:59.637964 [debug] [Thread-4 (]: On model.dbt_finance.stg_raw_fund_nav: /* {"app": "dbt", "dbt_version": "1.9.4", "profile_name": "dbt_finance", "target_name": "dev", "node_id": "model.dbt_finance.stg_raw_fund_nav"} */
create or replace   view TEST_SNOWFLAKE_LEANING.SCHM_F_SNOWLEARN_01.stg_raw_fund_nav
  
   as (
    select
    upper(trim(fund_code)) as fund_code,
    nav_date,
    unit_nav,
    accumulated_nav,
    daily_return,
    round(daily_return * 100, 4) as daily_return_pct,
    source_file,
    ingestion_ts
from TEST_SNOWFLAKE_LEANING.SCHM_L_SNOWLEARN_01.RAW_FUND_NAV
where fund_code is not null and nav_date is not null
  );
[0m23:51:59.638498 [debug] [Thread-2 (]: Opening a new connection, currently in state init
[0m23:51:59.639043 [debug] [Thread-5 (]: On model.dbt_finance.stg_raw_stock_quotes: /* {"app": "dbt", "dbt_version": "1.9.4", "profile_name": "dbt_finance", "target_name": "dev", "node_id": "model.dbt_finance.stg_raw_stock_quotes"} */
create or replace   view TEST_SNOWFLAKE_LEANING.SCHM_F_SNOWLEARN_01.stg_raw_stock_quotes
  
   as (
    select
    upper(trim(symbol)) as symbol,
    trade_date,
    open_price,
    high_price,
    low_price,
    close_price,
    volume,
    close_price - open_price as daily_change,
    case
        when open_price > 0 then round((close_price - open_price) / open_price * 100, 4)
        else 0
    end as daily_change_pct,
    high_price - low_price as intraday_range,
    ingestion_ts
from TEST_SNOWFLAKE_LEANING.SCHM_L_SNOWLEARN_01.RAW_STOCK_QUOTES
where symbol is not null and trade_date is not null
  );
[0m23:51:59.639561 [debug] [Thread-3 (]: Opening a new connection, currently in state init
[0m23:51:59.640010 [debug] [Thread-4 (]: Opening a new connection, currently in state init
[0m23:51:59.640616 [debug] [Thread-5 (]: Opening a new connection, currently in state init
[0m23:52:00.311039 [debug] [Thread-3 (]: SQL status: SUCCESS 1 in 0.671 seconds
[0m23:52:00.321157 [debug] [Thread-2 (]: SQL status: SUCCESS 1 in 0.683 seconds
[0m23:52:00.333989 [debug] [Thread-5 (]: SQL status: SUCCESS 1 in 0.693 seconds
[0m23:52:00.334669 [debug] [Thread-4 (]: SQL status: SUCCESS 1 in 0.695 seconds
[0m23:52:00.346605 [info ] [Thread-3 (]: 2 of 9 OK created sql view model SCHM_F_SNOWLEARN_01.stg_dim_security .......... [[32mSUCCESS 1[0m in 0.80s]
[0m23:52:00.347327 [info ] [Thread-2 (]: 1 of 9 OK created sql view model SCHM_F_SNOWLEARN_01.stg_dim_account ........... [[32mSUCCESS 1[0m in 0.80s]
[0m23:52:00.348078 [info ] [Thread-5 (]: 4 of 9 OK created sql view model SCHM_F_SNOWLEARN_01.stg_raw_stock_quotes ...... [[32mSUCCESS 1[0m in 0.80s]
[0m23:52:00.348775 [info ] [Thread-4 (]: 3 of 9 OK created sql view model SCHM_F_SNOWLEARN_01.stg_raw_fund_nav .......... [[32mSUCCESS 1[0m in 0.81s]
[0m23:52:00.349451 [debug] [Thread-3 (]: Finished running node model.dbt_finance.stg_dim_security
[0m23:52:00.350114 [debug] [Thread-2 (]: Finished running node model.dbt_finance.stg_dim_account
[0m23:52:00.350770 [debug] [Thread-5 (]: Finished running node model.dbt_finance.stg_raw_stock_quotes
[0m23:52:00.351432 [debug] [Thread-4 (]: Finished running node model.dbt_finance.stg_raw_fund_nav
[0m23:52:00.352030 [debug] [Thread-3 (]: Began running node model.dbt_finance.stg_raw_trade_orders
[0m23:52:00.353265 [debug] [Thread-2 (]: Began running node model.dbt_finance.mart_security_daily_performance
[0m23:52:00.354140 [info ] [Thread-3 (]: 5 of 9 START sql view model SCHM_F_SNOWLEARN_01.stg_raw_trade_orders ........... [RUN]
[0m23:52:00.354855 [info ] [Thread-2 (]: 6 of 9 START sql table model SCHM_F_SNOWLEARN_01.mart_security_daily_performance  [RUN]
[0m23:52:00.355542 [debug] [Thread-3 (]: Re-using an available connection from the pool (formerly model.dbt_finance.stg_dim_security, now model.dbt_finance.stg_raw_trade_orders)
[0m23:52:00.356080 [debug] [Thread-2 (]: Re-using an available connection from the pool (formerly model.dbt_finance.stg_dim_account, now model.dbt_finance.mart_security_daily_performance)
[0m23:52:00.356572 [debug] [Thread-3 (]: Began compiling node model.dbt_finance.stg_raw_trade_orders
[0m23:52:00.357071 [debug] [Thread-2 (]: Began compiling node model.dbt_finance.mart_security_daily_performance
[0m23:52:00.430052 [debug] [Thread-3 (]: Writing injected SQL for node "model.dbt_finance.stg_raw_trade_orders"
[0m23:52:00.434260 [debug] [Thread-2 (]: Writing injected SQL for node "model.dbt_finance.mart_security_daily_performance"
[0m23:52:00.435129 [debug] [Thread-3 (]: Began executing node model.dbt_finance.stg_raw_trade_orders
[0m23:52:00.435608 [debug] [Thread-2 (]: Began executing node model.dbt_finance.mart_security_daily_performance
[0m23:52:00.439513 [debug] [Thread-3 (]: Writing runtime sql for node "model.dbt_finance.stg_raw_trade_orders"
[0m23:52:00.463827 [debug] [Thread-2 (]: Writing runtime sql for node "model.dbt_finance.mart_security_daily_performance"
[0m23:52:00.465510 [debug] [Thread-3 (]: Using snowflake connection "model.dbt_finance.stg_raw_trade_orders"
[0m23:52:00.467170 [debug] [Thread-2 (]: Using snowflake connection "model.dbt_finance.mart_security_daily_performance"
[0m23:52:00.467764 [debug] [Thread-3 (]: On model.dbt_finance.stg_raw_trade_orders: /* {"app": "dbt", "dbt_version": "1.9.4", "profile_name": "dbt_finance", "target_name": "dev", "node_id": "model.dbt_finance.stg_raw_trade_orders"} */
create or replace   view TEST_SNOWFLAKE_LEANING.SCHM_F_SNOWLEARN_01.stg_raw_trade_orders
  
   as (
    select
    order_id,
    account_id,
    upper(trim(symbol)) as symbol,
    upper(trim(order_type)) as order_type,
    upper(trim(direction)) as direction,
    quantity,
    price,
    round(quantity * price, 4) as computed_total_amount,
    order_time,
    order_time::date as order_date,
    upper(trim(status)) as status,
    source_file,
    ingestion_ts
from TEST_SNOWFLAKE_LEANING.SCHM_L_SNOWLEARN_01.RAW_TRADE_ORDERS
where order_id is not null
  );
[0m23:52:00.468424 [debug] [Thread-2 (]: On model.dbt_finance.mart_security_daily_performance: /* {"app": "dbt", "dbt_version": "1.9.4", "profile_name": "dbt_finance", "target_name": "dev", "node_id": "model.dbt_finance.mart_security_daily_performance"} */
create or replace transient table TEST_SNOWFLAKE_LEANING.SCHM_F_SNOWLEARN_01.mart_security_daily_performance
         as
        (select
    q.symbol,
    s.security_name,
    s.sector,
    s.industry,
    s.exchange,
    q.trade_date,

    q.open_price,
    q.high_price,
    q.low_price,
    q.close_price,
    q.volume,
    q.daily_change,
    q.daily_change_pct,
    q.intraday_range,

    case
        when q.daily_change_pct > 3 then 'STRONG_UP'
        when q.daily_change_pct > 0 then 'UP'
        when q.daily_change_pct = 0 then 'FLAT'
        when q.daily_change_pct > -3 then 'DOWN'
        else 'STRONG_DOWN'
    end as price_trend,

    case
        when q.volume > 50000000 then 'VERY_HIGH'
        when q.volume > 30000000 then 'HIGH'
        when q.volume > 10000000 then 'MEDIUM'
        else 'LOW'
    end as volume_tier

from TEST_SNOWFLAKE_LEANING.SCHM_F_SNOWLEARN_01.stg_raw_stock_quotes q
left join TEST_SNOWFLAKE_LEANING.SCHM_F_SNOWLEARN_01.stg_dim_security s
    on q.symbol = s.symbol
        );
[0m23:52:00.468981 [debug] [Thread-3 (]: Opening a new connection, currently in state init
[0m23:52:00.469476 [debug] [Thread-2 (]: Opening a new connection, currently in state init
[0m23:52:01.118526 [debug] [Thread-3 (]: SQL status: SUCCESS 1 in 0.649 seconds
[0m23:52:01.121607 [info ] [Thread-3 (]: 5 of 9 OK created sql view model SCHM_F_SNOWLEARN_01.stg_raw_trade_orders ...... [[32mSUCCESS 1[0m in 0.77s]
[0m23:52:01.122360 [debug] [Thread-3 (]: Finished running node model.dbt_finance.stg_raw_trade_orders
[0m23:52:01.123219 [debug] [Thread-5 (]: Began running node model.dbt_finance.int_trade_enriched
[0m23:52:01.123943 [info ] [Thread-5 (]: 7 of 9 START sql view model SCHM_F_SNOWLEARN_01.int_trade_enriched ............. [RUN]
[0m23:52:01.124589 [debug] [Thread-5 (]: Re-using an available connection from the pool (formerly model.dbt_finance.stg_raw_stock_quotes, now model.dbt_finance.int_trade_enriched)
[0m23:52:01.125072 [debug] [Thread-5 (]: Began compiling node model.dbt_finance.int_trade_enriched
[0m23:52:01.131487 [debug] [Thread-5 (]: Writing injected SQL for node "model.dbt_finance.int_trade_enriched"
[0m23:52:01.132211 [debug] [Thread-5 (]: Began executing node model.dbt_finance.int_trade_enriched
[0m23:52:01.136141 [debug] [Thread-5 (]: Writing runtime sql for node "model.dbt_finance.int_trade_enriched"
[0m23:52:01.137754 [debug] [Thread-5 (]: Using snowflake connection "model.dbt_finance.int_trade_enriched"
[0m23:52:01.138394 [debug] [Thread-5 (]: On model.dbt_finance.int_trade_enriched: /* {"app": "dbt", "dbt_version": "1.9.4", "profile_name": "dbt_finance", "target_name": "dev", "node_id": "model.dbt_finance.int_trade_enriched"} */
create or replace   view TEST_SNOWFLAKE_LEANING.SCHM_F_SNOWLEARN_01.int_trade_enriched
  
   as (
    select
    t.order_id,
    t.order_date,
    t.order_time,
    t.direction,
    t.order_type,
    t.status,
    t.quantity,
    t.price,
    t.computed_total_amount,

    a.account_key,
    a.account_id,
    a.client_name,
    a.risk_level,
    a.account_type,
    a.is_active as account_is_active,

    s.security_key,
    s.symbol,
    s.security_name,
    s.exchange,
    s.sector,
    s.industry

from TEST_SNOWFLAKE_LEANING.SCHM_F_SNOWLEARN_01.stg_raw_trade_orders t
left join TEST_SNOWFLAKE_LEANING.SCHM_F_SNOWLEARN_01.stg_dim_account a
    on t.account_id = a.account_id
left join TEST_SNOWFLAKE_LEANING.SCHM_F_SNOWLEARN_01.stg_dim_security s
    on t.symbol = s.symbol
  );
[0m23:52:01.138899 [debug] [Thread-5 (]: Opening a new connection, currently in state init
[0m23:52:02.056930 [debug] [Thread-5 (]: SQL status: SUCCESS 1 in 0.918 seconds
[0m23:52:02.060156 [info ] [Thread-5 (]: 7 of 9 OK created sql view model SCHM_F_SNOWLEARN_01.int_trade_enriched ........ [[32mSUCCESS 1[0m in 0.94s]
[0m23:52:02.060929 [debug] [Thread-5 (]: Finished running node model.dbt_finance.int_trade_enriched
[0m23:52:02.061934 [debug] [Thread-3 (]: Began running node model.dbt_finance.mart_client_trading_summary
[0m23:52:02.062489 [debug] [Thread-4 (]: Began running node model.dbt_finance.mart_risk_exposure_report
[0m23:52:02.063227 [info ] [Thread-3 (]: 8 of 9 START sql table model SCHM_F_SNOWLEARN_01.mart_client_trading_summary ... [RUN]
[0m23:52:02.063958 [info ] [Thread-4 (]: 9 of 9 START sql table model SCHM_F_SNOWLEARN_01.mart_risk_exposure_report ..... [RUN]
[0m23:52:02.064635 [debug] [Thread-3 (]: Re-using an available connection from the pool (formerly model.dbt_finance.stg_raw_trade_orders, now model.dbt_finance.mart_client_trading_summary)
[0m23:52:02.065250 [debug] [Thread-4 (]: Re-using an available connection from the pool (formerly model.dbt_finance.stg_raw_fund_nav, now model.dbt_finance.mart_risk_exposure_report)
[0m23:52:02.065804 [debug] [Thread-3 (]: Began compiling node model.dbt_finance.mart_client_trading_summary
[0m23:52:02.066339 [debug] [Thread-4 (]: Began compiling node model.dbt_finance.mart_risk_exposure_report
[0m23:52:02.071405 [debug] [Thread-3 (]: Writing injected SQL for node "model.dbt_finance.mart_client_trading_summary"
[0m23:52:02.075779 [debug] [Thread-4 (]: Writing injected SQL for node "model.dbt_finance.mart_risk_exposure_report"
[0m23:52:02.076758 [debug] [Thread-3 (]: Began executing node model.dbt_finance.mart_client_trading_summary
[0m23:52:02.077355 [debug] [Thread-4 (]: Began executing node model.dbt_finance.mart_risk_exposure_report
[0m23:52:02.081806 [debug] [Thread-3 (]: Writing runtime sql for node "model.dbt_finance.mart_client_trading_summary"
[0m23:52:02.088202 [debug] [Thread-4 (]: Writing runtime sql for node "model.dbt_finance.mart_risk_exposure_report"
[0m23:52:02.091124 [debug] [Thread-3 (]: Using snowflake connection "model.dbt_finance.mart_client_trading_summary"
[0m23:52:02.092062 [debug] [Thread-3 (]: On model.dbt_finance.mart_client_trading_summary: /* {"app": "dbt", "dbt_version": "1.9.4", "profile_name": "dbt_finance", "target_name": "dev", "node_id": "model.dbt_finance.mart_client_trading_summary"} */
create or replace transient table TEST_SNOWFLAKE_LEANING.SCHM_F_SNOWLEARN_01.mart_client_trading_summary
         as
        (select
    account_id,
    client_name,
    risk_level,
    account_type,

    count(distinct order_id) as total_orders,
    count(distinct case when status = 'FILLED' then order_id end) as filled_orders,
    count(distinct case when status = 'PARTIAL' then order_id end) as partial_orders,
    count(distinct case when status = 'CANCELLED' then order_id end) as cancelled_orders,

    round(
        count(distinct case when status = 'FILLED' then order_id end) * 100.0
        / nullif(count(distinct order_id), 0),
    2) as fill_rate_pct,

    sum(case when direction = 'BUY' then computed_total_amount else 0 end) as total_buy_amount,
    sum(case when direction = 'SELL' then computed_total_amount else 0 end) as total_sell_amount,
    sum(computed_total_amount) as total_traded_amount,

    sum(case when direction = 'BUY' then quantity else 0 end) as total_shares_bought,
    sum(case when direction = 'SELL' then quantity else 0 end) as total_shares_sold,

    count(distinct symbol) as distinct_securities_traded,
    count(distinct sector) as distinct_sectors,

    min(order_date) as first_trade_date,
    max(order_date) as last_trade_date,
    datediff('day', min(order_date), max(order_date)) as active_trading_days_span

from TEST_SNOWFLAKE_LEANING.SCHM_F_SNOWLEARN_01.int_trade_enriched
where account_id is not null
group by account_id, client_name, risk_level, account_type
        );
[0m23:52:02.094446 [debug] [Thread-4 (]: Using snowflake connection "model.dbt_finance.mart_risk_exposure_report"
[0m23:52:02.094977 [debug] [Thread-3 (]: Opening a new connection, currently in state init
[0m23:52:02.095631 [debug] [Thread-4 (]: On model.dbt_finance.mart_risk_exposure_report: /* {"app": "dbt", "dbt_version": "1.9.4", "profile_name": "dbt_finance", "target_name": "dev", "node_id": "model.dbt_finance.mart_risk_exposure_report"} */
create or replace transient table TEST_SNOWFLAKE_LEANING.SCHM_F_SNOWLEARN_01.mart_risk_exposure_report
         as
        (select
    t.account_id,
    t.client_name,
    t.risk_level,
    t.account_type,
    t.sector,
    t.symbol,
    t.security_name,

    sum(case when t.direction = 'BUY' then t.quantity else 0 end)
    - sum(case when t.direction = 'SELL' then t.quantity else 0 end) as net_position_qty,

    sum(case when t.direction = 'BUY' then t.computed_total_amount else 0 end)
    - sum(case when t.direction = 'SELL' then t.computed_total_amount else 0 end) as net_exposure_amount,

    case
        when (sum(case when t.direction = 'BUY' then t.computed_total_amount else 0 end)
              - sum(case when t.direction = 'SELL' then t.computed_total_amount else 0 end)) > 50000
        then 'HIGH'
        when (sum(case when t.direction = 'BUY' then t.computed_total_amount else 0 end)
              - sum(case when t.direction = 'SELL' then t.computed_total_amount else 0 end)) > 20000
        then 'MEDIUM'
        else 'LOW'
    end as exposure_level,

    case
        when t.risk_level = 'HIGH'
             and (sum(case when t.direction = 'BUY' then t.computed_total_amount else 0 end)
                  - sum(case when t.direction = 'SELL' then t.computed_total_amount else 0 end)) > 50000
        then true
        else false
    end as risk_alert_flag,

    count(distinct t.order_id) as trade_count,
    max(t.order_date) as last_trade_date

from TEST_SNOWFLAKE_LEANING.SCHM_F_SNOWLEARN_01.int_trade_enriched t
where t.status in ('FILLED', 'PARTIAL')
group by
    t.account_id, t.client_name, t.risk_level, t.account_type,
    t.sector, t.symbol, t.security_name
        );
[0m23:52:02.096350 [debug] [Thread-4 (]: Opening a new connection, currently in state init
[0m23:52:02.184491 [debug] [Thread-2 (]: SQL status: SUCCESS 1 in 1.715 seconds
[0m23:52:02.187428 [info ] [Thread-2 (]: 6 of 9 OK created sql table model SCHM_F_SNOWLEARN_01.mart_security_daily_performance  [[32mSUCCESS 1[0m in 1.83s]
[0m23:52:02.188276 [debug] [Thread-2 (]: Finished running node model.dbt_finance.mart_security_daily_performance
[0m23:52:03.523851 [debug] [Thread-4 (]: SQL status: SUCCESS 1 in 1.427 seconds
[0m23:52:03.526784 [info ] [Thread-4 (]: 9 of 9 OK created sql table model SCHM_F_SNOWLEARN_01.mart_risk_exposure_report  [[32mSUCCESS 1[0m in 1.46s]
[0m23:52:03.527535 [debug] [Thread-4 (]: Finished running node model.dbt_finance.mart_risk_exposure_report
[0m23:52:03.761358 [debug] [Thread-3 (]: SQL status: SUCCESS 1 in 1.666 seconds
[0m23:52:03.764257 [info ] [Thread-3 (]: 8 of 9 OK created sql table model SCHM_F_SNOWLEARN_01.mart_client_trading_summary  [[32mSUCCESS 1[0m in 1.70s]
[0m23:52:03.764996 [debug] [Thread-3 (]: Finished running node model.dbt_finance.mart_client_trading_summary
[0m23:52:03.768688 [debug] [Dummy-1   ]: Connection 'master' was properly closed.
[0m23:52:03.769578 [debug] [Dummy-1   ]: Connection 'model.dbt_finance.mart_client_trading_summary' was properly closed.
[0m23:52:03.769997 [debug] [Dummy-1   ]: Connection 'model.dbt_finance.mart_security_daily_performance' was properly closed.
[0m23:52:03.770377 [debug] [Dummy-1   ]: Connection 'model.dbt_finance.mart_risk_exposure_report' was properly closed.
[0m23:52:03.770748 [debug] [Dummy-1   ]: Connection 'model.dbt_finance.int_trade_enriched' was properly closed.
[0m23:52:03.771299 [info ] [Dummy-1   ]: 
[0m23:52:03.771760 [info ] [Dummy-1   ]: Finished running 3 table models, 6 view models in 0 hours 0 minutes and 5.32 seconds (5.32s).
[0m23:52:03.773404 [debug] [Dummy-1   ]: Command end result
[0m23:52:03.803455 [debug] [Dummy-1   ]: Wrote artifact WritableManifest to /tmp/dbt/target/manifest.json
[0m23:52:03.805263 [debug] [Dummy-1   ]: Wrote artifact SemanticManifest to /tmp/dbt/target/semantic_manifest.json
[0m23:52:03.811443 [debug] [Dummy-1   ]: Wrote artifact RunExecutionResult to /tmp/dbt/target/run_results.json
[0m23:52:03.811916 [info ] [Dummy-1   ]: 
[0m23:52:03.812495 [info ] [Dummy-1   ]: [32mCompleted successfully[0m
[0m23:52:03.812989 [info ] [Dummy-1   ]: 
[0m23:52:03.813478 [info ] [Dummy-1   ]: Done. PASS=9 WARN=0 ERROR=0 SKIP=0 TOTAL=9
[0m23:52:03.815177 [debug] [Dummy-1   ]: Resource report: {"command_name": "run", "command_success": true, "command_wall_clock_time": 7.101933, "process_in_blocks": "0", "process_kernel_time": 0.94, "process_mem_max_rss": "511076", "process_out_blocks": "0", "process_user_time": 4.77}
[0m23:52:03.815822 [debug] [Dummy-1   ]: Command `cli run` succeeded at 23:52:03.815554 after 7.10 seconds
[0m23:52:03.816328 [debug] [Dummy-1   ]: Flushing usage events


============================== 23:52:29.284319 | 74f6edca-6848-476c-9bed-89191b0d09e1 ==============================
[0m23:52:29.284319 [info ] [Dummy-1   ]: Running with dbt=1.9.4
[0m23:52:29.285115 [debug] [Dummy-1   ]: running dbt with arguments {'printer_width': '80', 'indirect_selection': 'eager', 'write_json': 'True', 'log_cache_events': 'False', 'partial_parse': 'True', 'cache_selected_only': 'False', 'warn_error': 'None', 'version_check': 'True', 'debug': 'False', 'log_path': '/tmp/dbt/logs', 'fail_fast': 'False', 'profiles_dir': '/tmp/dbt/', 'use_colors': 'True', 'use_experimental_parser': 'False', 'empty': 'None', 'quiet': 'False', 'no_print': 'None', 'warn_error_options': 'WarnErrorOptions(include=[], exclude=[])', 'invocation_command': 'dbt ', 'log_format': 'default', 'introspect': 'True', 'target_path': '/tmp/dbt/target/', 'static_parser': 'True', 'send_anonymous_usage_stats': 'False'}
[0m23:52:29.338063 [error] [Dummy-1   ]:  adapter: Invalid profile: 'user' is a required property.
[0m23:52:29.555304 [info ] [Dummy-1   ]: Registered adapter: snowflake=1.9.2
[0m23:52:29.963796 [debug] [Dummy-1   ]: checksum: 53ed91fada2233efb98368d1716b44ab532c83a9c293cf1890b7905d5b45fb25, vars: {}, profile: , target: dev, version: 1.9.4
[0m23:52:30.216512 [debug] [Dummy-1   ]: Partial parsing enabled: 0 files deleted, 0 files added, 0 files changed.
[0m23:52:30.217062 [debug] [Dummy-1   ]: Partial parsing enabled, no changes found, skipping parsing
[0m23:52:30.358888 [debug] [Dummy-1   ]: Wrote artifact WritableManifest to /tmp/dbt/target/manifest.json
[0m23:52:30.360738 [debug] [Dummy-1   ]: Wrote artifact SemanticManifest to /tmp/dbt/target/semantic_manifest.json
[0m23:52:30.413510 [info ] [Dummy-1   ]: Found 9 models, 33 data tests, 5 sources, 474 macros
[0m23:52:30.417076 [info ] [Dummy-1   ]: 
[0m23:52:30.417563 [info ] [Dummy-1   ]: Concurrency: 4 threads (target='dev')
[0m23:52:30.418033 [info ] [Dummy-1   ]: 
[0m23:52:30.418726 [debug] [Dummy-1   ]: Acquiring new snowflake connection 'master'
[0m23:52:30.424359 [debug] [ThreadPool]: Acquiring new snowflake connection 'list_TEST_SNOWFLAKE_LEANING_SCHM_F_SNOWLEARN_01'
[0m23:52:30.508984 [debug] [ThreadPool]: Using snowflake connection "list_TEST_SNOWFLAKE_LEANING_SCHM_F_SNOWLEARN_01"
[0m23:52:30.509570 [debug] [ThreadPool]: On list_TEST_SNOWFLAKE_LEANING_SCHM_F_SNOWLEARN_01: /* {"app": "dbt", "dbt_version": "1.9.4", "profile_name": "dbt_finance", "target_name": "dev", "connection_name": "list_TEST_SNOWFLAKE_LEANING_SCHM_F_SNOWLEARN_01"} */
alter session set quoted_identifiers_ignore_case = false;
[0m23:52:30.510031 [debug] [ThreadPool]: Opening a new connection, currently in state init
[0m23:52:31.009639 [debug] [ThreadPool]: SQL status: SUCCESS 1 in 0.499 seconds
[0m23:52:31.014038 [debug] [ThreadPool]: Using snowflake connection "list_TEST_SNOWFLAKE_LEANING_SCHM_F_SNOWLEARN_01"
[0m23:52:31.014522 [debug] [ThreadPool]: On list_TEST_SNOWFLAKE_LEANING_SCHM_F_SNOWLEARN_01: /* {"app": "dbt", "dbt_version": "1.9.4", "profile_name": "dbt_finance", "target_name": "dev", "connection_name": "list_TEST_SNOWFLAKE_LEANING_SCHM_F_SNOWLEARN_01"} */
show objects in TEST_SNOWFLAKE_LEANING.SCHM_F_SNOWLEARN_01
    limit 10000
    
;
[0m23:52:31.099094 [debug] [ThreadPool]: SQL status: SUCCESS 14 in 0.084 seconds
[0m23:52:31.101386 [debug] [ThreadPool]: Using snowflake connection "list_TEST_SNOWFLAKE_LEANING_SCHM_F_SNOWLEARN_01"
[0m23:52:31.101892 [debug] [ThreadPool]: On list_TEST_SNOWFLAKE_LEANING_SCHM_F_SNOWLEARN_01: /* {"app": "dbt", "dbt_version": "1.9.4", "profile_name": "dbt_finance", "target_name": "dev", "connection_name": "list_TEST_SNOWFLAKE_LEANING_SCHM_F_SNOWLEARN_01"} */
alter session unset quoted_identifiers_ignore_case;
[0m23:52:31.184421 [debug] [ThreadPool]: SQL status: SUCCESS 1 in 0.082 seconds
[0m23:52:31.197077 [debug] [Thread-2 (]: Began running node test.dbt_finance.accepted_values_mart_risk_exposure_report_exposure_level__HIGH__MEDIUM__LOW.8239039400
[0m23:52:31.197651 [debug] [Thread-3 (]: Began running node test.dbt_finance.accepted_values_mart_security_daily_performance_price_trend__STRONG_UP__UP__FLAT__DOWN__STRONG_DOWN.327f2efff7
[0m23:52:31.198343 [debug] [Thread-4 (]: Began running node test.dbt_finance.accepted_values_mart_security_daily_performance_volume_tier__VERY_HIGH__HIGH__MEDIUM__LOW.7f5f297415
[0m23:52:31.198964 [debug] [Thread-5 (]: Began running node test.dbt_finance.accepted_values_stg_dim_account_risk_level__LOW__MEDIUM__HIGH.530b60fec8
[0m23:52:31.199486 [info ] [Thread-2 (]: 1 of 33 START test accepted_values_mart_risk_exposure_report_exposure_level__HIGH__MEDIUM__LOW  [RUN]
[0m23:52:31.200044 [info ] [Thread-3 (]: 2 of 33 START test accepted_values_mart_security_daily_performance_price_trend__STRONG_UP__UP__FLAT__DOWN__STRONG_DOWN  [RUN]
[0m23:52:31.200594 [info ] [Thread-4 (]: 3 of 33 START test accepted_values_mart_security_daily_performance_volume_tier__VERY_HIGH__HIGH__MEDIUM__LOW  [RUN]
[0m23:52:31.201093 [info ] [Thread-5 (]: 4 of 33 START test accepted_values_stg_dim_account_risk_level__LOW__MEDIUM__HIGH  [RUN]
[0m23:52:31.201698 [debug] [Thread-2 (]: Re-using an available connection from the pool (formerly list_TEST_SNOWFLAKE_LEANING_SCHM_F_SNOWLEARN_01, now test.dbt_finance.accepted_values_mart_risk_exposure_report_exposure_level__HIGH__MEDIUM__LOW.8239039400)
[0m23:52:31.202331 [debug] [Thread-3 (]: Acquiring new snowflake connection 'test.dbt_finance.accepted_values_mart_security_daily_performance_price_trend__STRONG_UP__UP__FLAT__DOWN__STRONG_DOWN.327f2efff7'
[0m23:52:31.202960 [debug] [Thread-4 (]: Acquiring new snowflake connection 'test.dbt_finance.accepted_values_mart_security_daily_performance_volume_tier__VERY_HIGH__HIGH__MEDIUM__LOW.7f5f297415'
[0m23:52:31.203574 [debug] [Thread-5 (]: Acquiring new snowflake connection 'test.dbt_finance.accepted_values_stg_dim_account_risk_level__LOW__MEDIUM__HIGH.530b60fec8'
[0m23:52:31.204074 [debug] [Thread-2 (]: Began compiling node test.dbt_finance.accepted_values_mart_risk_exposure_report_exposure_level__HIGH__MEDIUM__LOW.8239039400
[0m23:52:31.204535 [debug] [Thread-3 (]: Began compiling node test.dbt_finance.accepted_values_mart_security_daily_performance_price_trend__STRONG_UP__UP__FLAT__DOWN__STRONG_DOWN.327f2efff7
[0m23:52:31.204990 [debug] [Thread-4 (]: Began compiling node test.dbt_finance.accepted_values_mart_security_daily_performance_volume_tier__VERY_HIGH__HIGH__MEDIUM__LOW.7f5f297415
[0m23:52:31.205439 [debug] [Thread-5 (]: Began compiling node test.dbt_finance.accepted_values_stg_dim_account_risk_level__LOW__MEDIUM__HIGH.530b60fec8
[0m23:52:31.224247 [debug] [Thread-2 (]: Writing injected SQL for node "test.dbt_finance.accepted_values_mart_risk_exposure_report_exposure_level__HIGH__MEDIUM__LOW.8239039400"
[0m23:52:31.233391 [debug] [Thread-3 (]: Writing injected SQL for node "test.dbt_finance.accepted_values_mart_security_daily_performance_price_trend__STRONG_UP__UP__FLAT__DOWN__STRONG_DOWN.327f2efff7"
[0m23:52:31.239659 [debug] [Thread-4 (]: Writing injected SQL for node "test.dbt_finance.accepted_values_mart_security_daily_performance_volume_tier__VERY_HIGH__HIGH__MEDIUM__LOW.7f5f297415"
[0m23:52:31.244663 [debug] [Thread-5 (]: Writing injected SQL for node "test.dbt_finance.accepted_values_stg_dim_account_risk_level__LOW__MEDIUM__HIGH.530b60fec8"
[0m23:52:31.245630 [debug] [Thread-2 (]: Began executing node test.dbt_finance.accepted_values_mart_risk_exposure_report_exposure_level__HIGH__MEDIUM__LOW.8239039400
[0m23:52:31.246418 [debug] [Thread-3 (]: Began executing node test.dbt_finance.accepted_values_mart_security_daily_performance_price_trend__STRONG_UP__UP__FLAT__DOWN__STRONG_DOWN.327f2efff7
[0m23:52:31.247245 [debug] [Thread-4 (]: Began executing node test.dbt_finance.accepted_values_mart_security_daily_performance_volume_tier__VERY_HIGH__HIGH__MEDIUM__LOW.7f5f297415
[0m23:52:31.259061 [debug] [Thread-5 (]: Began executing node test.dbt_finance.accepted_values_stg_dim_account_risk_level__LOW__MEDIUM__HIGH.530b60fec8
[0m23:52:31.271501 [debug] [Thread-2 (]: Writing runtime sql for node "test.dbt_finance.accepted_values_mart_risk_exposure_report_exposure_level__HIGH__MEDIUM__LOW.8239039400"
[0m23:52:31.275273 [debug] [Thread-3 (]: Writing runtime sql for node "test.dbt_finance.accepted_values_mart_security_daily_performance_price_trend__STRONG_UP__UP__FLAT__DOWN__STRONG_DOWN.327f2efff7"
[0m23:52:31.279831 [debug] [Thread-4 (]: Writing runtime sql for node "test.dbt_finance.accepted_values_mart_security_daily_performance_volume_tier__VERY_HIGH__HIGH__MEDIUM__LOW.7f5f297415"
[0m23:52:31.283405 [debug] [Thread-5 (]: Writing runtime sql for node "test.dbt_finance.accepted_values_stg_dim_account_risk_level__LOW__MEDIUM__HIGH.530b60fec8"
[0m23:52:31.285073 [debug] [Thread-2 (]: Using snowflake connection "test.dbt_finance.accepted_values_mart_risk_exposure_report_exposure_level__HIGH__MEDIUM__LOW.8239039400"
[0m23:52:31.286318 [debug] [Thread-3 (]: Using snowflake connection "test.dbt_finance.accepted_values_mart_security_daily_performance_price_trend__STRONG_UP__UP__FLAT__DOWN__STRONG_DOWN.327f2efff7"
[0m23:52:31.287718 [debug] [Thread-4 (]: Using snowflake connection "test.dbt_finance.accepted_values_mart_security_daily_performance_volume_tier__VERY_HIGH__HIGH__MEDIUM__LOW.7f5f297415"
[0m23:52:31.288408 [debug] [Thread-2 (]: On test.dbt_finance.accepted_values_mart_risk_exposure_report_exposure_level__HIGH__MEDIUM__LOW.8239039400: /* {"app": "dbt", "dbt_version": "1.9.4", "profile_name": "dbt_finance", "target_name": "dev", "node_id": "test.dbt_finance.accepted_values_mart_risk_exposure_report_exposure_level__HIGH__MEDIUM__LOW.8239039400"} */
select
      count(*) as failures,
      count(*) != 0 as should_warn,
      count(*) != 0 as should_error
    from (
      
    
    

with all_values as (

    select
        exposure_level as value_field,
        count(*) as n_records

    from TEST_SNOWFLAKE_LEANING.SCHM_F_SNOWLEARN_01.mart_risk_exposure_report
    group by exposure_level

)

select *
from all_values
where value_field not in (
    'HIGH','MEDIUM','LOW'
)



      
    ) dbt_internal_test
[0m23:52:31.289488 [debug] [Thread-5 (]: Using snowflake connection "test.dbt_finance.accepted_values_stg_dim_account_risk_level__LOW__MEDIUM__HIGH.530b60fec8"
[0m23:52:31.290052 [debug] [Thread-3 (]: On test.dbt_finance.accepted_values_mart_security_daily_performance_price_trend__STRONG_UP__UP__FLAT__DOWN__STRONG_DOWN.327f2efff7: /* {"app": "dbt", "dbt_version": "1.9.4", "profile_name": "dbt_finance", "target_name": "dev", "node_id": "test.dbt_finance.accepted_values_mart_security_daily_performance_price_trend__STRONG_UP__UP__FLAT__DOWN__STRONG_DOWN.327f2efff7"} */
select
      count(*) as failures,
      count(*) != 0 as should_warn,
      count(*) != 0 as should_error
    from (
      
    
    

with all_values as (

    select
        price_trend as value_field,
        count(*) as n_records

    from TEST_SNOWFLAKE_LEANING.SCHM_F_SNOWLEARN_01.mart_security_daily_performance
    group by price_trend

)

select *
from all_values
where value_field not in (
    'STRONG_UP','UP','FLAT','DOWN','STRONG_DOWN'
)



      
    ) dbt_internal_test
[0m23:52:31.290642 [debug] [Thread-4 (]: On test.dbt_finance.accepted_values_mart_security_daily_performance_volume_tier__VERY_HIGH__HIGH__MEDIUM__LOW.7f5f297415: /* {"app": "dbt", "dbt_version": "1.9.4", "profile_name": "dbt_finance", "target_name": "dev", "node_id": "test.dbt_finance.accepted_values_mart_security_daily_performance_volume_tier__VERY_HIGH__HIGH__MEDIUM__LOW.7f5f297415"} */
select
      count(*) as failures,
      count(*) != 0 as should_warn,
      count(*) != 0 as should_error
    from (
      
    
    

with all_values as (

    select
        volume_tier as value_field,
        count(*) as n_records

    from TEST_SNOWFLAKE_LEANING.SCHM_F_SNOWLEARN_01.mart_security_daily_performance
    group by volume_tier

)

select *
from all_values
where value_field not in (
    'VERY_HIGH','HIGH','MEDIUM','LOW'
)



      
    ) dbt_internal_test
[0m23:52:31.291268 [debug] [Thread-2 (]: Opening a new connection, currently in state init
[0m23:52:31.291823 [debug] [Thread-5 (]: On test.dbt_finance.accepted_values_stg_dim_account_risk_level__LOW__MEDIUM__HIGH.530b60fec8: /* {"app": "dbt", "dbt_version": "1.9.4", "profile_name": "dbt_finance", "target_name": "dev", "node_id": "test.dbt_finance.accepted_values_stg_dim_account_risk_level__LOW__MEDIUM__HIGH.530b60fec8"} */
select
      count(*) as failures,
      count(*) != 0 as should_warn,
      count(*) != 0 as should_error
    from (
      
    
    

with all_values as (

    select
        risk_level as value_field,
        count(*) as n_records

    from TEST_SNOWFLAKE_LEANING.SCHM_F_SNOWLEARN_01.stg_dim_account
    group by risk_level

)

select *
from all_values
where value_field not in (
    'LOW','MEDIUM','HIGH'
)



      
    ) dbt_internal_test
[0m23:52:31.292335 [debug] [Thread-3 (]: Opening a new connection, currently in state init
[0m23:52:31.292828 [debug] [Thread-4 (]: Opening a new connection, currently in state init
[0m23:52:31.293388 [debug] [Thread-5 (]: Opening a new connection, currently in state init
[0m23:52:31.890163 [debug] [Thread-5 (]: SQL status: SUCCESS 1 in 0.597 seconds
[0m23:52:31.899250 [info ] [Thread-5 (]: 4 of 33 PASS accepted_values_stg_dim_account_risk_level__LOW__MEDIUM__HIGH ..... [[32mPASS[0m in 0.70s]
[0m23:52:31.900014 [debug] [Thread-5 (]: Finished running node test.dbt_finance.accepted_values_stg_dim_account_risk_level__LOW__MEDIUM__HIGH.530b60fec8
[0m23:52:31.900646 [debug] [Thread-5 (]: Began running node test.dbt_finance.accepted_values_stg_raw_trade_orders_direction__BUY__SELL.d6d0f8e60e
[0m23:52:31.901290 [info ] [Thread-5 (]: 5 of 33 START test accepted_values_stg_raw_trade_orders_direction__BUY__SELL ... [RUN]
[0m23:52:31.901895 [debug] [Thread-5 (]: Re-using an available connection from the pool (formerly test.dbt_finance.accepted_values_stg_dim_account_risk_level__LOW__MEDIUM__HIGH.530b60fec8, now test.dbt_finance.accepted_values_stg_raw_trade_orders_direction__BUY__SELL.d6d0f8e60e)
[0m23:52:31.902386 [debug] [Thread-5 (]: Began compiling node test.dbt_finance.accepted_values_stg_raw_trade_orders_direction__BUY__SELL.d6d0f8e60e
[0m23:52:31.909085 [debug] [Thread-5 (]: Writing injected SQL for node "test.dbt_finance.accepted_values_stg_raw_trade_orders_direction__BUY__SELL.d6d0f8e60e"
[0m23:52:31.909810 [debug] [Thread-5 (]: Began executing node test.dbt_finance.accepted_values_stg_raw_trade_orders_direction__BUY__SELL.d6d0f8e60e
[0m23:52:31.913305 [debug] [Thread-5 (]: Writing runtime sql for node "test.dbt_finance.accepted_values_stg_raw_trade_orders_direction__BUY__SELL.d6d0f8e60e"
[0m23:52:31.914471 [debug] [Thread-5 (]: Using snowflake connection "test.dbt_finance.accepted_values_stg_raw_trade_orders_direction__BUY__SELL.d6d0f8e60e"
[0m23:52:31.915026 [debug] [Thread-5 (]: On test.dbt_finance.accepted_values_stg_raw_trade_orders_direction__BUY__SELL.d6d0f8e60e: /* {"app": "dbt", "dbt_version": "1.9.4", "profile_name": "dbt_finance", "target_name": "dev", "node_id": "test.dbt_finance.accepted_values_stg_raw_trade_orders_direction__BUY__SELL.d6d0f8e60e"} */
select
      count(*) as failures,
      count(*) != 0 as should_warn,
      count(*) != 0 as should_error
    from (
      
    
    

with all_values as (

    select
        direction as value_field,
        count(*) as n_records

    from TEST_SNOWFLAKE_LEANING.SCHM_F_SNOWLEARN_01.stg_raw_trade_orders
    group by direction

)

select *
from all_values
where value_field not in (
    'BUY','SELL'
)



      
    ) dbt_internal_test
[0m23:52:31.915553 [debug] [Thread-5 (]: Opening a new connection, currently in state init
[0m23:52:31.953270 [debug] [Thread-2 (]: SQL status: SUCCESS 1 in 0.662 seconds
[0m23:52:31.955704 [info ] [Thread-2 (]: 1 of 33 PASS accepted_values_mart_risk_exposure_report_exposure_level__HIGH__MEDIUM__LOW  [[32mPASS[0m in 0.75s]
[0m23:52:31.956429 [debug] [Thread-2 (]: Finished running node test.dbt_finance.accepted_values_mart_risk_exposure_report_exposure_level__HIGH__MEDIUM__LOW.8239039400
[0m23:52:31.957063 [debug] [Thread-2 (]: Began running node test.dbt_finance.accepted_values_stg_raw_trade_orders_order_type__LIMIT__MARKET.b2d921fb3f
[0m23:52:31.957663 [info ] [Thread-2 (]: 6 of 33 START test accepted_values_stg_raw_trade_orders_order_type__LIMIT__MARKET  [RUN]
[0m23:52:31.958334 [debug] [Thread-2 (]: Re-using an available connection from the pool (formerly test.dbt_finance.accepted_values_mart_risk_exposure_report_exposure_level__HIGH__MEDIUM__LOW.8239039400, now test.dbt_finance.accepted_values_stg_raw_trade_orders_order_type__LIMIT__MARKET.b2d921fb3f)
[0m23:52:31.958807 [debug] [Thread-2 (]: Began compiling node test.dbt_finance.accepted_values_stg_raw_trade_orders_order_type__LIMIT__MARKET.b2d921fb3f
[0m23:52:31.966801 [debug] [Thread-2 (]: Writing injected SQL for node "test.dbt_finance.accepted_values_stg_raw_trade_orders_order_type__LIMIT__MARKET.b2d921fb3f"
[0m23:52:31.967534 [debug] [Thread-3 (]: SQL status: SUCCESS 1 in 0.675 seconds
[0m23:52:31.969995 [info ] [Thread-3 (]: 2 of 33 PASS accepted_values_mart_security_daily_performance_price_trend__STRONG_UP__UP__FLAT__DOWN__STRONG_DOWN  [[32mPASS[0m in 0.77s]
[0m23:52:31.970572 [debug] [Thread-2 (]: Began executing node test.dbt_finance.accepted_values_stg_raw_trade_orders_order_type__LIMIT__MARKET.b2d921fb3f
[0m23:52:31.971216 [debug] [Thread-3 (]: Finished running node test.dbt_finance.accepted_values_mart_security_daily_performance_price_trend__STRONG_UP__UP__FLAT__DOWN__STRONG_DOWN.327f2efff7
[0m23:52:31.974750 [debug] [Thread-2 (]: Writing runtime sql for node "test.dbt_finance.accepted_values_stg_raw_trade_orders_order_type__LIMIT__MARKET.b2d921fb3f"
[0m23:52:31.975368 [debug] [Thread-3 (]: Began running node test.dbt_finance.accepted_values_stg_raw_trade_orders_status__FILLED__PARTIAL__CANCELLED.65213b3958
[0m23:52:31.976189 [info ] [Thread-3 (]: 7 of 33 START test accepted_values_stg_raw_trade_orders_status__FILLED__PARTIAL__CANCELLED  [RUN]
[0m23:52:31.977290 [debug] [Thread-2 (]: Using snowflake connection "test.dbt_finance.accepted_values_stg_raw_trade_orders_order_type__LIMIT__MARKET.b2d921fb3f"
[0m23:52:31.977849 [debug] [Thread-3 (]: Re-using an available connection from the pool (formerly test.dbt_finance.accepted_values_mart_security_daily_performance_price_trend__STRONG_UP__UP__FLAT__DOWN__STRONG_DOWN.327f2efff7, now test.dbt_finance.accepted_values_stg_raw_trade_orders_status__FILLED__PARTIAL__CANCELLED.65213b3958)
[0m23:52:31.978498 [debug] [Thread-2 (]: On test.dbt_finance.accepted_values_stg_raw_trade_orders_order_type__LIMIT__MARKET.b2d921fb3f: /* {"app": "dbt", "dbt_version": "1.9.4", "profile_name": "dbt_finance", "target_name": "dev", "node_id": "test.dbt_finance.accepted_values_stg_raw_trade_orders_order_type__LIMIT__MARKET.b2d921fb3f"} */
select
      count(*) as failures,
      count(*) != 0 as should_warn,
      count(*) != 0 as should_error
    from (
      
    
    

with all_values as (

    select
        order_type as value_field,
        count(*) as n_records

    from TEST_SNOWFLAKE_LEANING.SCHM_F_SNOWLEARN_01.stg_raw_trade_orders
    group by order_type

)

select *
from all_values
where value_field not in (
    'LIMIT','MARKET'
)



      
    ) dbt_internal_test
[0m23:52:31.979020 [debug] [Thread-3 (]: Began compiling node test.dbt_finance.accepted_values_stg_raw_trade_orders_status__FILLED__PARTIAL__CANCELLED.65213b3958
[0m23:52:31.979507 [debug] [Thread-2 (]: Opening a new connection, currently in state init
[0m23:52:31.986898 [debug] [Thread-4 (]: SQL status: SUCCESS 1 in 0.694 seconds
[0m23:52:31.987637 [debug] [Thread-3 (]: Writing injected SQL for node "test.dbt_finance.accepted_values_stg_raw_trade_orders_status__FILLED__PARTIAL__CANCELLED.65213b3958"
[0m23:52:31.996039 [info ] [Thread-4 (]: 3 of 33 PASS accepted_values_mart_security_daily_performance_volume_tier__VERY_HIGH__HIGH__MEDIUM__LOW  [[32mPASS[0m in 0.79s]
[0m23:52:31.997059 [debug] [Thread-4 (]: Finished running node test.dbt_finance.accepted_values_mart_security_daily_performance_volume_tier__VERY_HIGH__HIGH__MEDIUM__LOW.7f5f297415
[0m23:52:31.997644 [debug] [Thread-3 (]: Began executing node test.dbt_finance.accepted_values_stg_raw_trade_orders_status__FILLED__PARTIAL__CANCELLED.65213b3958
[0m23:52:31.998277 [debug] [Thread-4 (]: Began running node test.dbt_finance.not_null_int_trade_enriched_client_name.944715ff28
[0m23:52:32.002124 [debug] [Thread-3 (]: Writing runtime sql for node "test.dbt_finance.accepted_values_stg_raw_trade_orders_status__FILLED__PARTIAL__CANCELLED.65213b3958"
[0m23:52:32.002712 [info ] [Thread-4 (]: 8 of 33 START test not_null_int_trade_enriched_client_name ..................... [RUN]
[0m23:52:32.003497 [debug] [Thread-4 (]: Re-using an available connection from the pool (formerly test.dbt_finance.accepted_values_mart_security_daily_performance_volume_tier__VERY_HIGH__HIGH__MEDIUM__LOW.7f5f297415, now test.dbt_finance.not_null_int_trade_enriched_client_name.944715ff28)
[0m23:52:32.004537 [debug] [Thread-3 (]: Using snowflake connection "test.dbt_finance.accepted_values_stg_raw_trade_orders_status__FILLED__PARTIAL__CANCELLED.65213b3958"
[0m23:52:32.005015 [debug] [Thread-4 (]: Began compiling node test.dbt_finance.not_null_int_trade_enriched_client_name.944715ff28
[0m23:52:32.005537 [debug] [Thread-3 (]: On test.dbt_finance.accepted_values_stg_raw_trade_orders_status__FILLED__PARTIAL__CANCELLED.65213b3958: /* {"app": "dbt", "dbt_version": "1.9.4", "profile_name": "dbt_finance", "target_name": "dev", "node_id": "test.dbt_finance.accepted_values_stg_raw_trade_orders_status__FILLED__PARTIAL__CANCELLED.65213b3958"} */
select
      count(*) as failures,
      count(*) != 0 as should_warn,
      count(*) != 0 as should_error
    from (
      
    
    

with all_values as (

    select
        status as value_field,
        count(*) as n_records

    from TEST_SNOWFLAKE_LEANING.SCHM_F_SNOWLEARN_01.stg_raw_trade_orders
    group by status

)

select *
from all_values
where value_field not in (
    'FILLED','PARTIAL','CANCELLED'
)



      
    ) dbt_internal_test
[0m23:52:32.014169 [debug] [Thread-4 (]: Writing injected SQL for node "test.dbt_finance.not_null_int_trade_enriched_client_name.944715ff28"
[0m23:52:32.014740 [debug] [Thread-3 (]: Opening a new connection, currently in state init
[0m23:52:32.015603 [debug] [Thread-4 (]: Began executing node test.dbt_finance.not_null_int_trade_enriched_client_name.944715ff28
[0m23:52:32.019306 [debug] [Thread-4 (]: Writing runtime sql for node "test.dbt_finance.not_null_int_trade_enriched_client_name.944715ff28"
[0m23:52:32.020306 [debug] [Thread-4 (]: Using snowflake connection "test.dbt_finance.not_null_int_trade_enriched_client_name.944715ff28"
[0m23:52:32.020849 [debug] [Thread-4 (]: On test.dbt_finance.not_null_int_trade_enriched_client_name.944715ff28: /* {"app": "dbt", "dbt_version": "1.9.4", "profile_name": "dbt_finance", "target_name": "dev", "node_id": "test.dbt_finance.not_null_int_trade_enriched_client_name.944715ff28"} */
select
      count(*) as failures,
      count(*) != 0 as should_warn,
      count(*) != 0 as should_error
    from (
      
    
    



select client_name
from TEST_SNOWFLAKE_LEANING.SCHM_F_SNOWLEARN_01.int_trade_enriched
where client_name is null



      
    ) dbt_internal_test
[0m23:52:32.021349 [debug] [Thread-4 (]: Opening a new connection, currently in state init
[0m23:52:32.383927 [debug] [Thread-5 (]: SQL status: SUCCESS 1 in 0.468 seconds
[0m23:52:32.386643 [info ] [Thread-5 (]: 5 of 33 PASS accepted_values_stg_raw_trade_orders_direction__BUY__SELL ......... [[32mPASS[0m in 0.48s]
[0m23:52:32.387403 [debug] [Thread-5 (]: Finished running node test.dbt_finance.accepted_values_stg_raw_trade_orders_direction__BUY__SELL.d6d0f8e60e
[0m23:52:32.388037 [debug] [Thread-5 (]: Began running node test.dbt_finance.not_null_int_trade_enriched_order_id.752c3ca6fc
[0m23:52:32.388617 [info ] [Thread-5 (]: 9 of 33 START test not_null_int_trade_enriched_order_id ........................ [RUN]
[0m23:52:32.389186 [debug] [Thread-5 (]: Re-using an available connection from the pool (formerly test.dbt_finance.accepted_values_stg_raw_trade_orders_direction__BUY__SELL.d6d0f8e60e, now test.dbt_finance.not_null_int_trade_enriched_order_id.752c3ca6fc)
[0m23:52:32.389656 [debug] [Thread-5 (]: Began compiling node test.dbt_finance.not_null_int_trade_enriched_order_id.752c3ca6fc
[0m23:52:32.395241 [debug] [Thread-5 (]: Writing injected SQL for node "test.dbt_finance.not_null_int_trade_enriched_order_id.752c3ca6fc"
[0m23:52:32.395914 [debug] [Thread-5 (]: Began executing node test.dbt_finance.not_null_int_trade_enriched_order_id.752c3ca6fc
[0m23:52:32.399395 [debug] [Thread-5 (]: Writing runtime sql for node "test.dbt_finance.not_null_int_trade_enriched_order_id.752c3ca6fc"
[0m23:52:32.400387 [debug] [Thread-5 (]: Using snowflake connection "test.dbt_finance.not_null_int_trade_enriched_order_id.752c3ca6fc"
[0m23:52:32.400904 [debug] [Thread-5 (]: On test.dbt_finance.not_null_int_trade_enriched_order_id.752c3ca6fc: /* {"app": "dbt", "dbt_version": "1.9.4", "profile_name": "dbt_finance", "target_name": "dev", "node_id": "test.dbt_finance.not_null_int_trade_enriched_order_id.752c3ca6fc"} */
select
      count(*) as failures,
      count(*) != 0 as should_warn,
      count(*) != 0 as should_error
    from (
      
    
    



select order_id
from TEST_SNOWFLAKE_LEANING.SCHM_F_SNOWLEARN_01.int_trade_enriched
where order_id is null



      
    ) dbt_internal_test
[0m23:52:32.401379 [debug] [Thread-5 (]: Opening a new connection, currently in state init
[0m23:52:32.470194 [debug] [Thread-2 (]: SQL status: SUCCESS 1 in 0.491 seconds
[0m23:52:32.472555 [info ] [Thread-2 (]: 6 of 33 PASS accepted_values_stg_raw_trade_orders_order_type__LIMIT__MARKET .... [[32mPASS[0m in 0.51s]
[0m23:52:32.473268 [debug] [Thread-2 (]: Finished running node test.dbt_finance.accepted_values_stg_raw_trade_orders_order_type__LIMIT__MARKET.b2d921fb3f
[0m23:52:32.473859 [debug] [Thread-2 (]: Began running node test.dbt_finance.not_null_int_trade_enriched_symbol.201cdc7981
[0m23:52:32.474442 [info ] [Thread-2 (]: 10 of 33 START test not_null_int_trade_enriched_symbol ......................... [RUN]
[0m23:52:32.475026 [debug] [Thread-2 (]: Re-using an available connection from the pool (formerly test.dbt_finance.accepted_values_stg_raw_trade_orders_order_type__LIMIT__MARKET.b2d921fb3f, now test.dbt_finance.not_null_int_trade_enriched_symbol.201cdc7981)
[0m23:52:32.475511 [debug] [Thread-2 (]: Began compiling node test.dbt_finance.not_null_int_trade_enriched_symbol.201cdc7981
[0m23:52:32.481716 [debug] [Thread-2 (]: Writing injected SQL for node "test.dbt_finance.not_null_int_trade_enriched_symbol.201cdc7981"
[0m23:52:32.482404 [debug] [Thread-2 (]: Began executing node test.dbt_finance.not_null_int_trade_enriched_symbol.201cdc7981
[0m23:52:32.485945 [debug] [Thread-2 (]: Writing runtime sql for node "test.dbt_finance.not_null_int_trade_enriched_symbol.201cdc7981"
[0m23:52:32.486985 [debug] [Thread-2 (]: Using snowflake connection "test.dbt_finance.not_null_int_trade_enriched_symbol.201cdc7981"
[0m23:52:32.487499 [debug] [Thread-2 (]: On test.dbt_finance.not_null_int_trade_enriched_symbol.201cdc7981: /* {"app": "dbt", "dbt_version": "1.9.4", "profile_name": "dbt_finance", "target_name": "dev", "node_id": "test.dbt_finance.not_null_int_trade_enriched_symbol.201cdc7981"} */
select
      count(*) as failures,
      count(*) != 0 as should_warn,
      count(*) != 0 as should_error
    from (
      
    
    



select symbol
from TEST_SNOWFLAKE_LEANING.SCHM_F_SNOWLEARN_01.int_trade_enriched
where symbol is null



      
    ) dbt_internal_test
[0m23:52:32.488020 [debug] [Thread-2 (]: Opening a new connection, currently in state init
[0m23:52:32.518700 [debug] [Thread-3 (]: SQL status: SUCCESS 1 in 0.504 seconds
[0m23:52:32.520886 [info ] [Thread-3 (]: 7 of 33 PASS accepted_values_stg_raw_trade_orders_status__FILLED__PARTIAL__CANCELLED  [[32mPASS[0m in 0.54s]
[0m23:52:32.521601 [debug] [Thread-3 (]: Finished running node test.dbt_finance.accepted_values_stg_raw_trade_orders_status__FILLED__PARTIAL__CANCELLED.65213b3958
[0m23:52:32.522156 [debug] [Thread-3 (]: Began running node test.dbt_finance.not_null_mart_client_trading_summary_account_id.01eec252c5
[0m23:52:32.522761 [info ] [Thread-3 (]: 11 of 33 START test not_null_mart_client_trading_summary_account_id ............ [RUN]
[0m23:52:32.523364 [debug] [Thread-3 (]: Re-using an available connection from the pool (formerly test.dbt_finance.accepted_values_stg_raw_trade_orders_status__FILLED__PARTIAL__CANCELLED.65213b3958, now test.dbt_finance.not_null_mart_client_trading_summary_account_id.01eec252c5)
[0m23:52:32.523862 [debug] [Thread-3 (]: Began compiling node test.dbt_finance.not_null_mart_client_trading_summary_account_id.01eec252c5
[0m23:52:32.529235 [debug] [Thread-3 (]: Writing injected SQL for node "test.dbt_finance.not_null_mart_client_trading_summary_account_id.01eec252c5"
[0m23:52:32.529928 [debug] [Thread-3 (]: Began executing node test.dbt_finance.not_null_mart_client_trading_summary_account_id.01eec252c5
[0m23:52:32.533497 [debug] [Thread-3 (]: Writing runtime sql for node "test.dbt_finance.not_null_mart_client_trading_summary_account_id.01eec252c5"
[0m23:52:32.534591 [debug] [Thread-3 (]: Using snowflake connection "test.dbt_finance.not_null_mart_client_trading_summary_account_id.01eec252c5"
[0m23:52:32.535129 [debug] [Thread-3 (]: On test.dbt_finance.not_null_mart_client_trading_summary_account_id.01eec252c5: /* {"app": "dbt", "dbt_version": "1.9.4", "profile_name": "dbt_finance", "target_name": "dev", "node_id": "test.dbt_finance.not_null_mart_client_trading_summary_account_id.01eec252c5"} */
select
      count(*) as failures,
      count(*) != 0 as should_warn,
      count(*) != 0 as should_error
    from (
      
    
    



select account_id
from TEST_SNOWFLAKE_LEANING.SCHM_F_SNOWLEARN_01.mart_client_trading_summary
where account_id is null



      
    ) dbt_internal_test
[0m23:52:32.535616 [debug] [Thread-3 (]: Opening a new connection, currently in state init
[0m23:52:32.671869 [debug] [Thread-4 (]: SQL status: SUCCESS 1 in 0.650 seconds
[0m23:52:32.674785 [info ] [Thread-4 (]: 8 of 33 PASS not_null_int_trade_enriched_client_name ........................... [[32mPASS[0m in 0.67s]
[0m23:52:32.675554 [debug] [Thread-4 (]: Finished running node test.dbt_finance.not_null_int_trade_enriched_client_name.944715ff28
[0m23:52:32.676128 [debug] [Thread-4 (]: Began running node test.dbt_finance.not_null_mart_client_trading_summary_fill_rate_pct.db47f0f943
[0m23:52:32.676753 [info ] [Thread-4 (]: 12 of 33 START test not_null_mart_client_trading_summary_fill_rate_pct ......... [RUN]
[0m23:52:32.677374 [debug] [Thread-4 (]: Re-using an available connection from the pool (formerly test.dbt_finance.not_null_int_trade_enriched_client_name.944715ff28, now test.dbt_finance.not_null_mart_client_trading_summary_fill_rate_pct.db47f0f943)
[0m23:52:32.677908 [debug] [Thread-4 (]: Began compiling node test.dbt_finance.not_null_mart_client_trading_summary_fill_rate_pct.db47f0f943
[0m23:52:32.683330 [debug] [Thread-4 (]: Writing injected SQL for node "test.dbt_finance.not_null_mart_client_trading_summary_fill_rate_pct.db47f0f943"
[0m23:52:32.684502 [debug] [Thread-4 (]: Began executing node test.dbt_finance.not_null_mart_client_trading_summary_fill_rate_pct.db47f0f943
[0m23:52:32.689214 [debug] [Thread-4 (]: Writing runtime sql for node "test.dbt_finance.not_null_mart_client_trading_summary_fill_rate_pct.db47f0f943"
[0m23:52:32.690266 [debug] [Thread-4 (]: Using snowflake connection "test.dbt_finance.not_null_mart_client_trading_summary_fill_rate_pct.db47f0f943"
[0m23:52:32.690778 [debug] [Thread-4 (]: On test.dbt_finance.not_null_mart_client_trading_summary_fill_rate_pct.db47f0f943: /* {"app": "dbt", "dbt_version": "1.9.4", "profile_name": "dbt_finance", "target_name": "dev", "node_id": "test.dbt_finance.not_null_mart_client_trading_summary_fill_rate_pct.db47f0f943"} */
select
      count(*) as failures,
      count(*) != 0 as should_warn,
      count(*) != 0 as should_error
    from (
      
    
    



select fill_rate_pct
from TEST_SNOWFLAKE_LEANING.SCHM_F_SNOWLEARN_01.mart_client_trading_summary
where fill_rate_pct is null



      
    ) dbt_internal_test
[0m23:52:32.691270 [debug] [Thread-4 (]: Opening a new connection, currently in state init
[0m23:52:32.982776 [debug] [Thread-5 (]: SQL status: SUCCESS 1 in 0.581 seconds
[0m23:52:32.985132 [info ] [Thread-5 (]: 9 of 33 PASS not_null_int_trade_enriched_order_id .............................. [[32mPASS[0m in 0.60s]
[0m23:52:32.985936 [debug] [Thread-5 (]: Finished running node test.dbt_finance.not_null_int_trade_enriched_order_id.752c3ca6fc
[0m23:52:32.986560 [debug] [Thread-5 (]: Began running node test.dbt_finance.not_null_mart_risk_exposure_report_account_id.c6dfdf740c
[0m23:52:32.987151 [info ] [Thread-5 (]: 13 of 33 START test not_null_mart_risk_exposure_report_account_id .............. [RUN]
[0m23:52:32.987736 [debug] [Thread-5 (]: Re-using an available connection from the pool (formerly test.dbt_finance.not_null_int_trade_enriched_order_id.752c3ca6fc, now test.dbt_finance.not_null_mart_risk_exposure_report_account_id.c6dfdf740c)
[0m23:52:32.988286 [debug] [Thread-5 (]: Began compiling node test.dbt_finance.not_null_mart_risk_exposure_report_account_id.c6dfdf740c
[0m23:52:32.993765 [debug] [Thread-5 (]: Writing injected SQL for node "test.dbt_finance.not_null_mart_risk_exposure_report_account_id.c6dfdf740c"
[0m23:52:32.994477 [debug] [Thread-5 (]: Began executing node test.dbt_finance.not_null_mart_risk_exposure_report_account_id.c6dfdf740c
[0m23:52:32.998099 [debug] [Thread-5 (]: Writing runtime sql for node "test.dbt_finance.not_null_mart_risk_exposure_report_account_id.c6dfdf740c"
[0m23:52:32.999147 [debug] [Thread-5 (]: Using snowflake connection "test.dbt_finance.not_null_mart_risk_exposure_report_account_id.c6dfdf740c"
[0m23:52:32.999647 [debug] [Thread-5 (]: On test.dbt_finance.not_null_mart_risk_exposure_report_account_id.c6dfdf740c: /* {"app": "dbt", "dbt_version": "1.9.4", "profile_name": "dbt_finance", "target_name": "dev", "node_id": "test.dbt_finance.not_null_mart_risk_exposure_report_account_id.c6dfdf740c"} */
select
      count(*) as failures,
      count(*) != 0 as should_warn,
      count(*) != 0 as should_error
    from (
      
    
    



select account_id
from TEST_SNOWFLAKE_LEANING.SCHM_F_SNOWLEARN_01.mart_risk_exposure_report
where account_id is null



      
    ) dbt_internal_test
[0m23:52:33.000102 [debug] [Thread-5 (]: Opening a new connection, currently in state init
[0m23:52:33.081070 [debug] [Thread-2 (]: SQL status: SUCCESS 1 in 0.593 seconds
[0m23:52:33.083231 [info ] [Thread-2 (]: 10 of 33 PASS not_null_int_trade_enriched_symbol ............................... [[32mPASS[0m in 0.61s]
[0m23:52:33.083947 [debug] [Thread-2 (]: Finished running node test.dbt_finance.not_null_int_trade_enriched_symbol.201cdc7981
[0m23:52:33.084537 [debug] [Thread-2 (]: Began running node test.dbt_finance.not_null_mart_security_daily_performance_symbol.304c0f0e8a
[0m23:52:33.085119 [info ] [Thread-2 (]: 14 of 33 START test not_null_mart_security_daily_performance_symbol ............ [RUN]
[0m23:52:33.085732 [debug] [Thread-2 (]: Re-using an available connection from the pool (formerly test.dbt_finance.not_null_int_trade_enriched_symbol.201cdc7981, now test.dbt_finance.not_null_mart_security_daily_performance_symbol.304c0f0e8a)
[0m23:52:33.086263 [debug] [Thread-2 (]: Began compiling node test.dbt_finance.not_null_mart_security_daily_performance_symbol.304c0f0e8a
[0m23:52:33.091664 [debug] [Thread-2 (]: Writing injected SQL for node "test.dbt_finance.not_null_mart_security_daily_performance_symbol.304c0f0e8a"
[0m23:52:33.092439 [debug] [Thread-2 (]: Began executing node test.dbt_finance.not_null_mart_security_daily_performance_symbol.304c0f0e8a
[0m23:52:33.097272 [debug] [Thread-2 (]: Writing runtime sql for node "test.dbt_finance.not_null_mart_security_daily_performance_symbol.304c0f0e8a"
[0m23:52:33.098418 [debug] [Thread-2 (]: Using snowflake connection "test.dbt_finance.not_null_mart_security_daily_performance_symbol.304c0f0e8a"
[0m23:52:33.098943 [debug] [Thread-2 (]: On test.dbt_finance.not_null_mart_security_daily_performance_symbol.304c0f0e8a: /* {"app": "dbt", "dbt_version": "1.9.4", "profile_name": "dbt_finance", "target_name": "dev", "node_id": "test.dbt_finance.not_null_mart_security_daily_performance_symbol.304c0f0e8a"} */
select
      count(*) as failures,
      count(*) != 0 as should_warn,
      count(*) != 0 as should_error
    from (
      
    
    



select symbol
from TEST_SNOWFLAKE_LEANING.SCHM_F_SNOWLEARN_01.mart_security_daily_performance
where symbol is null



      
    ) dbt_internal_test
[0m23:52:33.099425 [debug] [Thread-2 (]: Opening a new connection, currently in state init
[0m23:52:33.108380 [debug] [Thread-4 (]: SQL status: SUCCESS 1 in 0.417 seconds
[0m23:52:33.109041 [debug] [Thread-3 (]: SQL status: SUCCESS 1 in 0.573 seconds
[0m23:52:33.111048 [info ] [Thread-4 (]: 12 of 33 PASS not_null_mart_client_trading_summary_fill_rate_pct ............... [[32mPASS[0m in 0.43s]
[0m23:52:33.112924 [info ] [Thread-3 (]: 11 of 33 PASS not_null_mart_client_trading_summary_account_id .................. [[32mPASS[0m in 0.59s]
[0m23:52:33.113636 [debug] [Thread-4 (]: Finished running node test.dbt_finance.not_null_mart_client_trading_summary_fill_rate_pct.db47f0f943
[0m23:52:33.114298 [debug] [Thread-3 (]: Finished running node test.dbt_finance.not_null_mart_client_trading_summary_account_id.01eec252c5
[0m23:52:33.114889 [debug] [Thread-4 (]: Began running node test.dbt_finance.not_null_mart_security_daily_performance_trade_date.520dc4e6eb
[0m23:52:33.115482 [debug] [Thread-3 (]: Began running node test.dbt_finance.not_null_stg_dim_account_account_id.e08784531f
[0m23:52:33.116065 [info ] [Thread-4 (]: 15 of 33 START test not_null_mart_security_daily_performance_trade_date ........ [RUN]
[0m23:52:33.116589 [info ] [Thread-3 (]: 16 of 33 START test not_null_stg_dim_account_account_id ........................ [RUN]
[0m23:52:33.117162 [debug] [Thread-4 (]: Re-using an available connection from the pool (formerly test.dbt_finance.not_null_mart_client_trading_summary_fill_rate_pct.db47f0f943, now test.dbt_finance.not_null_mart_security_daily_performance_trade_date.520dc4e6eb)
[0m23:52:33.117704 [debug] [Thread-3 (]: Re-using an available connection from the pool (formerly test.dbt_finance.not_null_mart_client_trading_summary_account_id.01eec252c5, now test.dbt_finance.not_null_stg_dim_account_account_id.e08784531f)
[0m23:52:33.118259 [debug] [Thread-4 (]: Began compiling node test.dbt_finance.not_null_mart_security_daily_performance_trade_date.520dc4e6eb
[0m23:52:33.118730 [debug] [Thread-3 (]: Began compiling node test.dbt_finance.not_null_stg_dim_account_account_id.e08784531f
[0m23:52:33.123651 [debug] [Thread-4 (]: Writing injected SQL for node "test.dbt_finance.not_null_mart_security_daily_performance_trade_date.520dc4e6eb"
[0m23:52:33.128713 [debug] [Thread-3 (]: Writing injected SQL for node "test.dbt_finance.not_null_stg_dim_account_account_id.e08784531f"
[0m23:52:33.129686 [debug] [Thread-4 (]: Began executing node test.dbt_finance.not_null_mart_security_daily_performance_trade_date.520dc4e6eb
[0m23:52:33.133188 [debug] [Thread-4 (]: Writing runtime sql for node "test.dbt_finance.not_null_mart_security_daily_performance_trade_date.520dc4e6eb"
[0m23:52:33.133832 [debug] [Thread-3 (]: Began executing node test.dbt_finance.not_null_stg_dim_account_account_id.e08784531f
[0m23:52:33.138202 [debug] [Thread-3 (]: Writing runtime sql for node "test.dbt_finance.not_null_stg_dim_account_account_id.e08784531f"
[0m23:52:33.139100 [debug] [Thread-4 (]: Using snowflake connection "test.dbt_finance.not_null_mart_security_daily_performance_trade_date.520dc4e6eb"
[0m23:52:33.140367 [debug] [Thread-4 (]: On test.dbt_finance.not_null_mart_security_daily_performance_trade_date.520dc4e6eb: /* {"app": "dbt", "dbt_version": "1.9.4", "profile_name": "dbt_finance", "target_name": "dev", "node_id": "test.dbt_finance.not_null_mart_security_daily_performance_trade_date.520dc4e6eb"} */
select
      count(*) as failures,
      count(*) != 0 as should_warn,
      count(*) != 0 as should_error
    from (
      
    
    



select trade_date
from TEST_SNOWFLAKE_LEANING.SCHM_F_SNOWLEARN_01.mart_security_daily_performance
where trade_date is null



      
    ) dbt_internal_test
[0m23:52:33.141287 [debug] [Thread-3 (]: Using snowflake connection "test.dbt_finance.not_null_stg_dim_account_account_id.e08784531f"
[0m23:52:33.141769 [debug] [Thread-4 (]: Opening a new connection, currently in state init
[0m23:52:33.142283 [debug] [Thread-3 (]: On test.dbt_finance.not_null_stg_dim_account_account_id.e08784531f: /* {"app": "dbt", "dbt_version": "1.9.4", "profile_name": "dbt_finance", "target_name": "dev", "node_id": "test.dbt_finance.not_null_stg_dim_account_account_id.e08784531f"} */
select
      count(*) as failures,
      count(*) != 0 as should_warn,
      count(*) != 0 as should_error
    from (
      
    
    



select account_id
from TEST_SNOWFLAKE_LEANING.SCHM_F_SNOWLEARN_01.stg_dim_account
where account_id is null



      
    ) dbt_internal_test
[0m23:52:33.142940 [debug] [Thread-3 (]: Opening a new connection, currently in state init
[0m23:52:33.415019 [debug] [Thread-5 (]: SQL status: SUCCESS 1 in 0.415 seconds
[0m23:52:33.417269 [info ] [Thread-5 (]: 13 of 33 PASS not_null_mart_risk_exposure_report_account_id .................... [[32mPASS[0m in 0.43s]
[0m23:52:33.418073 [debug] [Thread-5 (]: Finished running node test.dbt_finance.not_null_mart_risk_exposure_report_account_id.c6dfdf740c
[0m23:52:33.418651 [debug] [Thread-5 (]: Began running node test.dbt_finance.not_null_stg_dim_account_account_key.f12db6ab35
[0m23:52:33.419249 [info ] [Thread-5 (]: 17 of 33 START test not_null_stg_dim_account_account_key ....................... [RUN]
[0m23:52:33.419851 [debug] [Thread-5 (]: Re-using an available connection from the pool (formerly test.dbt_finance.not_null_mart_risk_exposure_report_account_id.c6dfdf740c, now test.dbt_finance.not_null_stg_dim_account_account_key.f12db6ab35)
[0m23:52:33.420336 [debug] [Thread-5 (]: Began compiling node test.dbt_finance.not_null_stg_dim_account_account_key.f12db6ab35
[0m23:52:33.491841 [debug] [Thread-5 (]: Writing injected SQL for node "test.dbt_finance.not_null_stg_dim_account_account_key.f12db6ab35"
[0m23:52:33.492778 [debug] [Thread-5 (]: Began executing node test.dbt_finance.not_null_stg_dim_account_account_key.f12db6ab35
[0m23:52:33.496215 [debug] [Thread-5 (]: Writing runtime sql for node "test.dbt_finance.not_null_stg_dim_account_account_key.f12db6ab35"
[0m23:52:33.497240 [debug] [Thread-5 (]: Using snowflake connection "test.dbt_finance.not_null_stg_dim_account_account_key.f12db6ab35"
[0m23:52:33.497747 [debug] [Thread-5 (]: On test.dbt_finance.not_null_stg_dim_account_account_key.f12db6ab35: /* {"app": "dbt", "dbt_version": "1.9.4", "profile_name": "dbt_finance", "target_name": "dev", "node_id": "test.dbt_finance.not_null_stg_dim_account_account_key.f12db6ab35"} */
select
      count(*) as failures,
      count(*) != 0 as should_warn,
      count(*) != 0 as should_error
    from (
      
    
    



select account_key
from TEST_SNOWFLAKE_LEANING.SCHM_F_SNOWLEARN_01.stg_dim_account
where account_key is null



      
    ) dbt_internal_test
[0m23:52:33.498404 [debug] [Thread-5 (]: Opening a new connection, currently in state init
[0m23:52:33.573191 [debug] [Thread-2 (]: SQL status: SUCCESS 1 in 0.474 seconds
[0m23:52:33.575318 [info ] [Thread-2 (]: 14 of 33 PASS not_null_mart_security_daily_performance_symbol .................. [[32mPASS[0m in 0.49s]
[0m23:52:33.576006 [debug] [Thread-2 (]: Finished running node test.dbt_finance.not_null_mart_security_daily_performance_symbol.304c0f0e8a
[0m23:52:33.576580 [debug] [Thread-2 (]: Began running node test.dbt_finance.not_null_stg_dim_security_security_key.d8109762eb
[0m23:52:33.577152 [info ] [Thread-2 (]: 18 of 33 START test not_null_stg_dim_security_security_key ..................... [RUN]
[0m23:52:33.577740 [debug] [Thread-2 (]: Re-using an available connection from the pool (formerly test.dbt_finance.not_null_mart_security_daily_performance_symbol.304c0f0e8a, now test.dbt_finance.not_null_stg_dim_security_security_key.d8109762eb)
[0m23:52:33.578293 [debug] [Thread-2 (]: Began compiling node test.dbt_finance.not_null_stg_dim_security_security_key.d8109762eb
[0m23:52:33.583515 [debug] [Thread-2 (]: Writing injected SQL for node "test.dbt_finance.not_null_stg_dim_security_security_key.d8109762eb"
[0m23:52:33.584159 [debug] [Thread-2 (]: Began executing node test.dbt_finance.not_null_stg_dim_security_security_key.d8109762eb
[0m23:52:33.587636 [debug] [Thread-2 (]: Writing runtime sql for node "test.dbt_finance.not_null_stg_dim_security_security_key.d8109762eb"
[0m23:52:33.588813 [debug] [Thread-2 (]: Using snowflake connection "test.dbt_finance.not_null_stg_dim_security_security_key.d8109762eb"
[0m23:52:33.589363 [debug] [Thread-2 (]: On test.dbt_finance.not_null_stg_dim_security_security_key.d8109762eb: /* {"app": "dbt", "dbt_version": "1.9.4", "profile_name": "dbt_finance", "target_name": "dev", "node_id": "test.dbt_finance.not_null_stg_dim_security_security_key.d8109762eb"} */
select
      count(*) as failures,
      count(*) != 0 as should_warn,
      count(*) != 0 as should_error
    from (
      
    
    



select security_key
from TEST_SNOWFLAKE_LEANING.SCHM_F_SNOWLEARN_01.stg_dim_security
where security_key is null



      
    ) dbt_internal_test
[0m23:52:33.589841 [debug] [Thread-2 (]: Opening a new connection, currently in state init
[0m23:52:33.606996 [debug] [Thread-3 (]: SQL status: SUCCESS 1 in 0.464 seconds
[0m23:52:33.609164 [info ] [Thread-3 (]: 16 of 33 PASS not_null_stg_dim_account_account_id .............................. [[32mPASS[0m in 0.49s]
[0m23:52:33.609867 [debug] [Thread-3 (]: Finished running node test.dbt_finance.not_null_stg_dim_account_account_id.e08784531f
[0m23:52:33.610440 [debug] [Thread-3 (]: Began running node test.dbt_finance.not_null_stg_dim_security_symbol.7bdb18d93f
[0m23:52:33.611010 [info ] [Thread-3 (]: 19 of 33 START test not_null_stg_dim_security_symbol ........................... [RUN]
[0m23:52:33.611599 [debug] [Thread-3 (]: Re-using an available connection from the pool (formerly test.dbt_finance.not_null_stg_dim_account_account_id.e08784531f, now test.dbt_finance.not_null_stg_dim_security_symbol.7bdb18d93f)
[0m23:52:33.612056 [debug] [Thread-3 (]: Began compiling node test.dbt_finance.not_null_stg_dim_security_symbol.7bdb18d93f
[0m23:52:33.618418 [debug] [Thread-3 (]: Writing injected SQL for node "test.dbt_finance.not_null_stg_dim_security_symbol.7bdb18d93f"
[0m23:52:33.619127 [debug] [Thread-3 (]: Began executing node test.dbt_finance.not_null_stg_dim_security_symbol.7bdb18d93f
[0m23:52:33.622947 [debug] [Thread-3 (]: Writing runtime sql for node "test.dbt_finance.not_null_stg_dim_security_symbol.7bdb18d93f"
[0m23:52:33.624392 [debug] [Thread-3 (]: Using snowflake connection "test.dbt_finance.not_null_stg_dim_security_symbol.7bdb18d93f"
[0m23:52:33.624913 [debug] [Thread-3 (]: On test.dbt_finance.not_null_stg_dim_security_symbol.7bdb18d93f: /* {"app": "dbt", "dbt_version": "1.9.4", "profile_name": "dbt_finance", "target_name": "dev", "node_id": "test.dbt_finance.not_null_stg_dim_security_symbol.7bdb18d93f"} */
select
      count(*) as failures,
      count(*) != 0 as should_warn,
      count(*) != 0 as should_error
    from (
      
    
    



select symbol
from TEST_SNOWFLAKE_LEANING.SCHM_F_SNOWLEARN_01.stg_dim_security
where symbol is null



      
    ) dbt_internal_test
[0m23:52:33.625377 [debug] [Thread-3 (]: Opening a new connection, currently in state init
[0m23:52:33.652762 [debug] [Thread-4 (]: SQL status: SUCCESS 1 in 0.511 seconds
[0m23:52:33.661974 [info ] [Thread-4 (]: 15 of 33 PASS not_null_mart_security_daily_performance_trade_date .............. [[32mPASS[0m in 0.54s]
[0m23:52:33.662707 [debug] [Thread-4 (]: Finished running node test.dbt_finance.not_null_mart_security_daily_performance_trade_date.520dc4e6eb
[0m23:52:33.663273 [debug] [Thread-4 (]: Began running node test.dbt_finance.not_null_stg_raw_fund_nav_fund_code.6632e7c2c3
[0m23:52:33.663826 [info ] [Thread-4 (]: 20 of 33 START test not_null_stg_raw_fund_nav_fund_code ........................ [RUN]
[0m23:52:33.664391 [debug] [Thread-4 (]: Re-using an available connection from the pool (formerly test.dbt_finance.not_null_mart_security_daily_performance_trade_date.520dc4e6eb, now test.dbt_finance.not_null_stg_raw_fund_nav_fund_code.6632e7c2c3)
[0m23:52:33.664875 [debug] [Thread-4 (]: Began compiling node test.dbt_finance.not_null_stg_raw_fund_nav_fund_code.6632e7c2c3
[0m23:52:33.670220 [debug] [Thread-4 (]: Writing injected SQL for node "test.dbt_finance.not_null_stg_raw_fund_nav_fund_code.6632e7c2c3"
[0m23:52:33.671568 [debug] [Thread-4 (]: Began executing node test.dbt_finance.not_null_stg_raw_fund_nav_fund_code.6632e7c2c3
[0m23:52:33.675158 [debug] [Thread-4 (]: Writing runtime sql for node "test.dbt_finance.not_null_stg_raw_fund_nav_fund_code.6632e7c2c3"
[0m23:52:33.676171 [debug] [Thread-4 (]: Using snowflake connection "test.dbt_finance.not_null_stg_raw_fund_nav_fund_code.6632e7c2c3"
[0m23:52:33.676682 [debug] [Thread-4 (]: On test.dbt_finance.not_null_stg_raw_fund_nav_fund_code.6632e7c2c3: /* {"app": "dbt", "dbt_version": "1.9.4", "profile_name": "dbt_finance", "target_name": "dev", "node_id": "test.dbt_finance.not_null_stg_raw_fund_nav_fund_code.6632e7c2c3"} */
select
      count(*) as failures,
      count(*) != 0 as should_warn,
      count(*) != 0 as should_error
    from (
      
    
    



select fund_code
from TEST_SNOWFLAKE_LEANING.SCHM_F_SNOWLEARN_01.stg_raw_fund_nav
where fund_code is null



      
    ) dbt_internal_test
[0m23:52:33.677157 [debug] [Thread-4 (]: Opening a new connection, currently in state init
[0m23:52:33.986399 [debug] [Thread-5 (]: SQL status: SUCCESS 1 in 0.488 seconds
[0m23:52:33.988738 [info ] [Thread-5 (]: 17 of 33 PASS not_null_stg_dim_account_account_key ............................. [[32mPASS[0m in 0.57s]
[0m23:52:33.989478 [debug] [Thread-5 (]: Finished running node test.dbt_finance.not_null_stg_dim_account_account_key.f12db6ab35
[0m23:52:33.990067 [debug] [Thread-5 (]: Began running node test.dbt_finance.not_null_stg_raw_fund_nav_nav_date.ef8270eae0
[0m23:52:33.990632 [info ] [Thread-5 (]: 21 of 33 START test not_null_stg_raw_fund_nav_nav_date ......................... [RUN]
[0m23:52:33.991215 [debug] [Thread-5 (]: Re-using an available connection from the pool (formerly test.dbt_finance.not_null_stg_dim_account_account_key.f12db6ab35, now test.dbt_finance.not_null_stg_raw_fund_nav_nav_date.ef8270eae0)
[0m23:52:33.991672 [debug] [Thread-5 (]: Began compiling node test.dbt_finance.not_null_stg_raw_fund_nav_nav_date.ef8270eae0
[0m23:52:33.998474 [debug] [Thread-5 (]: Writing injected SQL for node "test.dbt_finance.not_null_stg_raw_fund_nav_nav_date.ef8270eae0"
[0m23:52:34.000043 [debug] [Thread-5 (]: Began executing node test.dbt_finance.not_null_stg_raw_fund_nav_nav_date.ef8270eae0
[0m23:52:34.003652 [debug] [Thread-5 (]: Writing runtime sql for node "test.dbt_finance.not_null_stg_raw_fund_nav_nav_date.ef8270eae0"
[0m23:52:34.004681 [debug] [Thread-5 (]: Using snowflake connection "test.dbt_finance.not_null_stg_raw_fund_nav_nav_date.ef8270eae0"
[0m23:52:34.005236 [debug] [Thread-5 (]: On test.dbt_finance.not_null_stg_raw_fund_nav_nav_date.ef8270eae0: /* {"app": "dbt", "dbt_version": "1.9.4", "profile_name": "dbt_finance", "target_name": "dev", "node_id": "test.dbt_finance.not_null_stg_raw_fund_nav_nav_date.ef8270eae0"} */
select
      count(*) as failures,
      count(*) != 0 as should_warn,
      count(*) != 0 as should_error
    from (
      
    
    



select nav_date
from TEST_SNOWFLAKE_LEANING.SCHM_F_SNOWLEARN_01.stg_raw_fund_nav
where nav_date is null



      
    ) dbt_internal_test
[0m23:52:34.005737 [debug] [Thread-5 (]: Opening a new connection, currently in state init
[0m23:52:34.117874 [debug] [Thread-2 (]: SQL status: SUCCESS 1 in 0.528 seconds
[0m23:52:34.120138 [info ] [Thread-2 (]: 18 of 33 PASS not_null_stg_dim_security_security_key ........................... [[32mPASS[0m in 0.54s]
[0m23:52:34.120837 [debug] [Thread-2 (]: Finished running node test.dbt_finance.not_null_stg_dim_security_security_key.d8109762eb
[0m23:52:34.121395 [debug] [Thread-2 (]: Began running node test.dbt_finance.not_null_stg_raw_stock_quotes_symbol.92699082e2
[0m23:52:34.121955 [info ] [Thread-2 (]: 22 of 33 START test not_null_stg_raw_stock_quotes_symbol ....................... [RUN]
[0m23:52:34.122654 [debug] [Thread-3 (]: SQL status: SUCCESS 1 in 0.497 seconds
[0m23:52:34.123269 [debug] [Thread-2 (]: Re-using an available connection from the pool (formerly test.dbt_finance.not_null_stg_dim_security_security_key.d8109762eb, now test.dbt_finance.not_null_stg_raw_stock_quotes_symbol.92699082e2)
[0m23:52:34.125155 [info ] [Thread-3 (]: 19 of 33 PASS not_null_stg_dim_security_symbol ................................. [[32mPASS[0m in 0.51s]
[0m23:52:34.125714 [debug] [Thread-2 (]: Began compiling node test.dbt_finance.not_null_stg_raw_stock_quotes_symbol.92699082e2
[0m23:52:34.126332 [debug] [Thread-3 (]: Finished running node test.dbt_finance.not_null_stg_dim_security_symbol.7bdb18d93f
[0m23:52:34.131856 [debug] [Thread-2 (]: Writing injected SQL for node "test.dbt_finance.not_null_stg_raw_stock_quotes_symbol.92699082e2"
[0m23:52:34.132455 [debug] [Thread-3 (]: Began running node test.dbt_finance.not_null_stg_raw_stock_quotes_trade_date.ca8a10406c
[0m23:52:34.133271 [info ] [Thread-3 (]: 23 of 33 START test not_null_stg_raw_stock_quotes_trade_date ................... [RUN]
[0m23:52:34.133869 [debug] [Thread-2 (]: Began executing node test.dbt_finance.not_null_stg_raw_stock_quotes_symbol.92699082e2
[0m23:52:34.134411 [debug] [Thread-3 (]: Re-using an available connection from the pool (formerly test.dbt_finance.not_null_stg_dim_security_symbol.7bdb18d93f, now test.dbt_finance.not_null_stg_raw_stock_quotes_trade_date.ca8a10406c)
[0m23:52:34.137906 [debug] [Thread-2 (]: Writing runtime sql for node "test.dbt_finance.not_null_stg_raw_stock_quotes_symbol.92699082e2"
[0m23:52:34.138529 [debug] [Thread-3 (]: Began compiling node test.dbt_finance.not_null_stg_raw_stock_quotes_trade_date.ca8a10406c
[0m23:52:34.143735 [debug] [Thread-3 (]: Writing injected SQL for node "test.dbt_finance.not_null_stg_raw_stock_quotes_trade_date.ca8a10406c"
[0m23:52:34.145157 [debug] [Thread-2 (]: Using snowflake connection "test.dbt_finance.not_null_stg_raw_stock_quotes_symbol.92699082e2"
[0m23:52:34.146007 [debug] [Thread-2 (]: On test.dbt_finance.not_null_stg_raw_stock_quotes_symbol.92699082e2: /* {"app": "dbt", "dbt_version": "1.9.4", "profile_name": "dbt_finance", "target_name": "dev", "node_id": "test.dbt_finance.not_null_stg_raw_stock_quotes_symbol.92699082e2"} */
select
      count(*) as failures,
      count(*) != 0 as should_warn,
      count(*) != 0 as should_error
    from (
      
    
    



select symbol
from TEST_SNOWFLAKE_LEANING.SCHM_F_SNOWLEARN_01.stg_raw_stock_quotes
where symbol is null



      
    ) dbt_internal_test
[0m23:52:34.146725 [debug] [Thread-3 (]: Began executing node test.dbt_finance.not_null_stg_raw_stock_quotes_trade_date.ca8a10406c
[0m23:52:34.147227 [debug] [Thread-2 (]: Opening a new connection, currently in state init
[0m23:52:34.151868 [debug] [Thread-3 (]: Writing runtime sql for node "test.dbt_finance.not_null_stg_raw_stock_quotes_trade_date.ca8a10406c"
[0m23:52:34.153048 [debug] [Thread-3 (]: Using snowflake connection "test.dbt_finance.not_null_stg_raw_stock_quotes_trade_date.ca8a10406c"
[0m23:52:34.153584 [debug] [Thread-3 (]: On test.dbt_finance.not_null_stg_raw_stock_quotes_trade_date.ca8a10406c: /* {"app": "dbt", "dbt_version": "1.9.4", "profile_name": "dbt_finance", "target_name": "dev", "node_id": "test.dbt_finance.not_null_stg_raw_stock_quotes_trade_date.ca8a10406c"} */
select
      count(*) as failures,
      count(*) != 0 as should_warn,
      count(*) != 0 as should_error
    from (
      
    
    



select trade_date
from TEST_SNOWFLAKE_LEANING.SCHM_F_SNOWLEARN_01.stg_raw_stock_quotes
where trade_date is null



      
    ) dbt_internal_test
[0m23:52:34.154079 [debug] [Thread-3 (]: Opening a new connection, currently in state init
[0m23:52:34.334774 [debug] [Thread-4 (]: SQL status: SUCCESS 1 in 0.657 seconds
[0m23:52:34.337081 [info ] [Thread-4 (]: 20 of 33 PASS not_null_stg_raw_fund_nav_fund_code .............................. [[32mPASS[0m in 0.67s]
[0m23:52:34.337817 [debug] [Thread-4 (]: Finished running node test.dbt_finance.not_null_stg_raw_fund_nav_fund_code.6632e7c2c3
[0m23:52:34.338465 [debug] [Thread-4 (]: Began running node test.dbt_finance.not_null_stg_raw_trade_orders_order_id.f9af6bf111
[0m23:52:34.339044 [info ] [Thread-4 (]: 24 of 33 START test not_null_stg_raw_trade_orders_order_id ..................... [RUN]
[0m23:52:34.339639 [debug] [Thread-4 (]: Re-using an available connection from the pool (formerly test.dbt_finance.not_null_stg_raw_fund_nav_fund_code.6632e7c2c3, now test.dbt_finance.not_null_stg_raw_trade_orders_order_id.f9af6bf111)
[0m23:52:34.340103 [debug] [Thread-4 (]: Began compiling node test.dbt_finance.not_null_stg_raw_trade_orders_order_id.f9af6bf111
[0m23:52:34.345642 [debug] [Thread-4 (]: Writing injected SQL for node "test.dbt_finance.not_null_stg_raw_trade_orders_order_id.f9af6bf111"
[0m23:52:34.346353 [debug] [Thread-4 (]: Began executing node test.dbt_finance.not_null_stg_raw_trade_orders_order_id.f9af6bf111
[0m23:52:34.350027 [debug] [Thread-4 (]: Writing runtime sql for node "test.dbt_finance.not_null_stg_raw_trade_orders_order_id.f9af6bf111"
[0m23:52:34.351068 [debug] [Thread-4 (]: Using snowflake connection "test.dbt_finance.not_null_stg_raw_trade_orders_order_id.f9af6bf111"
[0m23:52:34.351614 [debug] [Thread-4 (]: On test.dbt_finance.not_null_stg_raw_trade_orders_order_id.f9af6bf111: /* {"app": "dbt", "dbt_version": "1.9.4", "profile_name": "dbt_finance", "target_name": "dev", "node_id": "test.dbt_finance.not_null_stg_raw_trade_orders_order_id.f9af6bf111"} */
select
      count(*) as failures,
      count(*) != 0 as should_warn,
      count(*) != 0 as should_error
    from (
      
    
    



select order_id
from TEST_SNOWFLAKE_LEANING.SCHM_F_SNOWLEARN_01.stg_raw_trade_orders
where order_id is null



      
    ) dbt_internal_test
[0m23:52:34.352110 [debug] [Thread-4 (]: Opening a new connection, currently in state init
[0m23:52:34.495344 [debug] [Thread-5 (]: SQL status: SUCCESS 1 in 0.489 seconds
[0m23:52:34.497654 [info ] [Thread-5 (]: 21 of 33 PASS not_null_stg_raw_fund_nav_nav_date ............................... [[32mPASS[0m in 0.51s]
[0m23:52:34.498450 [debug] [Thread-5 (]: Finished running node test.dbt_finance.not_null_stg_raw_fund_nav_nav_date.ef8270eae0
[0m23:52:34.499026 [debug] [Thread-5 (]: Began running node test.dbt_finance.not_null_stg_raw_trade_orders_price.01fb5edd6b
[0m23:52:34.499571 [info ] [Thread-5 (]: 25 of 33 START test not_null_stg_raw_trade_orders_price ........................ [RUN]
[0m23:52:34.500153 [debug] [Thread-5 (]: Re-using an available connection from the pool (formerly test.dbt_finance.not_null_stg_raw_fund_nav_nav_date.ef8270eae0, now test.dbt_finance.not_null_stg_raw_trade_orders_price.01fb5edd6b)
[0m23:52:34.500635 [debug] [Thread-5 (]: Began compiling node test.dbt_finance.not_null_stg_raw_trade_orders_price.01fb5edd6b
[0m23:52:34.505929 [debug] [Thread-5 (]: Writing injected SQL for node "test.dbt_finance.not_null_stg_raw_trade_orders_price.01fb5edd6b"
[0m23:52:34.506612 [debug] [Thread-5 (]: Began executing node test.dbt_finance.not_null_stg_raw_trade_orders_price.01fb5edd6b
[0m23:52:34.511608 [debug] [Thread-5 (]: Writing runtime sql for node "test.dbt_finance.not_null_stg_raw_trade_orders_price.01fb5edd6b"
[0m23:52:34.513165 [debug] [Thread-5 (]: Using snowflake connection "test.dbt_finance.not_null_stg_raw_trade_orders_price.01fb5edd6b"
[0m23:52:34.513671 [debug] [Thread-5 (]: On test.dbt_finance.not_null_stg_raw_trade_orders_price.01fb5edd6b: /* {"app": "dbt", "dbt_version": "1.9.4", "profile_name": "dbt_finance", "target_name": "dev", "node_id": "test.dbt_finance.not_null_stg_raw_trade_orders_price.01fb5edd6b"} */
select
      count(*) as failures,
      count(*) != 0 as should_warn,
      count(*) != 0 as should_error
    from (
      
    
    



select price
from TEST_SNOWFLAKE_LEANING.SCHM_F_SNOWLEARN_01.stg_raw_trade_orders
where price is null



      
    ) dbt_internal_test
[0m23:52:34.514128 [debug] [Thread-5 (]: Opening a new connection, currently in state init
[0m23:52:34.684524 [debug] [Thread-2 (]: SQL status: SUCCESS 1 in 0.537 seconds
[0m23:52:34.686756 [info ] [Thread-2 (]: 22 of 33 PASS not_null_stg_raw_stock_quotes_symbol ............................. [[32mPASS[0m in 0.56s]
[0m23:52:34.687505 [debug] [Thread-2 (]: Finished running node test.dbt_finance.not_null_stg_raw_stock_quotes_symbol.92699082e2
[0m23:52:34.688171 [debug] [Thread-2 (]: Began running node test.dbt_finance.not_null_stg_raw_trade_orders_quantity.81806273ce
[0m23:52:34.688768 [info ] [Thread-2 (]: 26 of 33 START test not_null_stg_raw_trade_orders_quantity ..................... [RUN]
[0m23:52:34.689388 [debug] [Thread-2 (]: Re-using an available connection from the pool (formerly test.dbt_finance.not_null_stg_raw_stock_quotes_symbol.92699082e2, now test.dbt_finance.not_null_stg_raw_trade_orders_quantity.81806273ce)
[0m23:52:34.689865 [debug] [Thread-2 (]: Began compiling node test.dbt_finance.not_null_stg_raw_trade_orders_quantity.81806273ce
[0m23:52:34.695361 [debug] [Thread-2 (]: Writing injected SQL for node "test.dbt_finance.not_null_stg_raw_trade_orders_quantity.81806273ce"
[0m23:52:34.696045 [debug] [Thread-2 (]: Began executing node test.dbt_finance.not_null_stg_raw_trade_orders_quantity.81806273ce
[0m23:52:34.699471 [debug] [Thread-2 (]: Writing runtime sql for node "test.dbt_finance.not_null_stg_raw_trade_orders_quantity.81806273ce"
[0m23:52:34.700511 [debug] [Thread-2 (]: Using snowflake connection "test.dbt_finance.not_null_stg_raw_trade_orders_quantity.81806273ce"
[0m23:52:34.701019 [debug] [Thread-2 (]: On test.dbt_finance.not_null_stg_raw_trade_orders_quantity.81806273ce: /* {"app": "dbt", "dbt_version": "1.9.4", "profile_name": "dbt_finance", "target_name": "dev", "node_id": "test.dbt_finance.not_null_stg_raw_trade_orders_quantity.81806273ce"} */
select
      count(*) as failures,
      count(*) != 0 as should_warn,
      count(*) != 0 as should_error
    from (
      
    
    



select quantity
from TEST_SNOWFLAKE_LEANING.SCHM_F_SNOWLEARN_01.stg_raw_trade_orders
where quantity is null



      
    ) dbt_internal_test
[0m23:52:34.701482 [debug] [Thread-2 (]: Opening a new connection, currently in state init
[0m23:52:34.735715 [debug] [Thread-3 (]: SQL status: SUCCESS 1 in 0.582 seconds
[0m23:52:34.738244 [info ] [Thread-3 (]: 23 of 33 PASS not_null_stg_raw_stock_quotes_trade_date ......................... [[32mPASS[0m in 0.60s]
[0m23:52:34.739144 [debug] [Thread-3 (]: Finished running node test.dbt_finance.not_null_stg_raw_stock_quotes_trade_date.ca8a10406c
[0m23:52:34.739734 [debug] [Thread-3 (]: Began running node test.dbt_finance.relationships_int_trade_enriched_symbol__symbol__ref_stg_dim_security_.75285f5800
[0m23:52:34.740300 [info ] [Thread-3 (]: 27 of 33 START test relationships_int_trade_enriched_symbol__symbol__ref_stg_dim_security_  [RUN]
[0m23:52:34.740905 [debug] [Thread-3 (]: Re-using an available connection from the pool (formerly test.dbt_finance.not_null_stg_raw_stock_quotes_trade_date.ca8a10406c, now test.dbt_finance.relationships_int_trade_enriched_symbol__symbol__ref_stg_dim_security_.75285f5800)
[0m23:52:34.741376 [debug] [Thread-3 (]: Began compiling node test.dbt_finance.relationships_int_trade_enriched_symbol__symbol__ref_stg_dim_security_.75285f5800
[0m23:52:34.751245 [debug] [Thread-3 (]: Writing injected SQL for node "test.dbt_finance.relationships_int_trade_enriched_symbol__symbol__ref_stg_dim_security_.75285f5800"
[0m23:52:34.752171 [debug] [Thread-3 (]: Began executing node test.dbt_finance.relationships_int_trade_enriched_symbol__symbol__ref_stg_dim_security_.75285f5800
[0m23:52:34.755596 [debug] [Thread-3 (]: Writing runtime sql for node "test.dbt_finance.relationships_int_trade_enriched_symbol__symbol__ref_stg_dim_security_.75285f5800"
[0m23:52:34.756892 [debug] [Thread-3 (]: Using snowflake connection "test.dbt_finance.relationships_int_trade_enriched_symbol__symbol__ref_stg_dim_security_.75285f5800"
[0m23:52:34.757418 [debug] [Thread-3 (]: On test.dbt_finance.relationships_int_trade_enriched_symbol__symbol__ref_stg_dim_security_.75285f5800: /* {"app": "dbt", "dbt_version": "1.9.4", "profile_name": "dbt_finance", "target_name": "dev", "node_id": "test.dbt_finance.relationships_int_trade_enriched_symbol__symbol__ref_stg_dim_security_.75285f5800"} */
select
      count(*) as failures,
      count(*) != 0 as should_warn,
      count(*) != 0 as should_error
    from (
      
    
    

with child as (
    select symbol as from_field
    from TEST_SNOWFLAKE_LEANING.SCHM_F_SNOWLEARN_01.int_trade_enriched
    where symbol is not null
),

parent as (
    select symbol as to_field
    from TEST_SNOWFLAKE_LEANING.SCHM_F_SNOWLEARN_01.stg_dim_security
)

select
    from_field

from child
left join parent
    on child.from_field = parent.to_field

where parent.to_field is null



      
    ) dbt_internal_test
[0m23:52:34.757905 [debug] [Thread-3 (]: Opening a new connection, currently in state init
[0m23:52:34.931114 [debug] [Thread-4 (]: SQL status: SUCCESS 1 in 0.579 seconds
[0m23:52:34.933277 [info ] [Thread-4 (]: 24 of 33 PASS not_null_stg_raw_trade_orders_order_id ........................... [[32mPASS[0m in 0.59s]
[0m23:52:34.933979 [debug] [Thread-4 (]: Finished running node test.dbt_finance.not_null_stg_raw_trade_orders_order_id.f9af6bf111
[0m23:52:34.934572 [debug] [Thread-4 (]: Began running node test.dbt_finance.unique_int_trade_enriched_order_id.46a62da788
[0m23:52:34.935176 [info ] [Thread-4 (]: 28 of 33 START test unique_int_trade_enriched_order_id ......................... [RUN]
[0m23:52:34.935771 [debug] [Thread-4 (]: Re-using an available connection from the pool (formerly test.dbt_finance.not_null_stg_raw_trade_orders_order_id.f9af6bf111, now test.dbt_finance.unique_int_trade_enriched_order_id.46a62da788)
[0m23:52:34.936259 [debug] [Thread-4 (]: Began compiling node test.dbt_finance.unique_int_trade_enriched_order_id.46a62da788
[0m23:52:34.943832 [debug] [Thread-4 (]: Writing injected SQL for node "test.dbt_finance.unique_int_trade_enriched_order_id.46a62da788"
[0m23:52:34.944536 [debug] [Thread-4 (]: Began executing node test.dbt_finance.unique_int_trade_enriched_order_id.46a62da788
[0m23:52:34.948007 [debug] [Thread-4 (]: Writing runtime sql for node "test.dbt_finance.unique_int_trade_enriched_order_id.46a62da788"
[0m23:52:34.949166 [debug] [Thread-4 (]: Using snowflake connection "test.dbt_finance.unique_int_trade_enriched_order_id.46a62da788"
[0m23:52:34.949700 [debug] [Thread-4 (]: On test.dbt_finance.unique_int_trade_enriched_order_id.46a62da788: /* {"app": "dbt", "dbt_version": "1.9.4", "profile_name": "dbt_finance", "target_name": "dev", "node_id": "test.dbt_finance.unique_int_trade_enriched_order_id.46a62da788"} */
select
      count(*) as failures,
      count(*) != 0 as should_warn,
      count(*) != 0 as should_error
    from (
      
    
    

select
    order_id as unique_field,
    count(*) as n_records

from TEST_SNOWFLAKE_LEANING.SCHM_F_SNOWLEARN_01.int_trade_enriched
where order_id is not null
group by order_id
having count(*) > 1



      
    ) dbt_internal_test
[0m23:52:34.950195 [debug] [Thread-4 (]: Opening a new connection, currently in state init
[0m23:52:35.061692 [debug] [Thread-5 (]: SQL status: SUCCESS 1 in 0.547 seconds
[0m23:52:35.063852 [info ] [Thread-5 (]: 25 of 33 PASS not_null_stg_raw_trade_orders_price .............................. [[32mPASS[0m in 0.56s]
[0m23:52:35.064595 [debug] [Thread-5 (]: Finished running node test.dbt_finance.not_null_stg_raw_trade_orders_price.01fb5edd6b
[0m23:52:35.065222 [debug] [Thread-5 (]: Began running node test.dbt_finance.unique_stg_dim_account_account_id.b4185e9c8a
[0m23:52:35.065834 [info ] [Thread-5 (]: 29 of 33 START test unique_stg_dim_account_account_id .......................... [RUN]
[0m23:52:35.066413 [debug] [Thread-5 (]: Re-using an available connection from the pool (formerly test.dbt_finance.not_null_stg_raw_trade_orders_price.01fb5edd6b, now test.dbt_finance.unique_stg_dim_account_account_id.b4185e9c8a)
[0m23:52:35.066887 [debug] [Thread-5 (]: Began compiling node test.dbt_finance.unique_stg_dim_account_account_id.b4185e9c8a
[0m23:52:35.071976 [debug] [Thread-5 (]: Writing injected SQL for node "test.dbt_finance.unique_stg_dim_account_account_id.b4185e9c8a"
[0m23:52:35.072624 [debug] [Thread-5 (]: Began executing node test.dbt_finance.unique_stg_dim_account_account_id.b4185e9c8a
[0m23:52:35.076279 [debug] [Thread-5 (]: Writing runtime sql for node "test.dbt_finance.unique_stg_dim_account_account_id.b4185e9c8a"
[0m23:52:35.077352 [debug] [Thread-5 (]: Using snowflake connection "test.dbt_finance.unique_stg_dim_account_account_id.b4185e9c8a"
[0m23:52:35.077859 [debug] [Thread-5 (]: On test.dbt_finance.unique_stg_dim_account_account_id.b4185e9c8a: /* {"app": "dbt", "dbt_version": "1.9.4", "profile_name": "dbt_finance", "target_name": "dev", "node_id": "test.dbt_finance.unique_stg_dim_account_account_id.b4185e9c8a"} */
select
      count(*) as failures,
      count(*) != 0 as should_warn,
      count(*) != 0 as should_error
    from (
      
    
    

select
    account_id as unique_field,
    count(*) as n_records

from TEST_SNOWFLAKE_LEANING.SCHM_F_SNOWLEARN_01.stg_dim_account
where account_id is not null
group by account_id
having count(*) > 1



      
    ) dbt_internal_test
[0m23:52:35.078411 [debug] [Thread-5 (]: Opening a new connection, currently in state init
[0m23:52:35.133203 [debug] [Thread-2 (]: SQL status: SUCCESS 1 in 0.432 seconds
[0m23:52:35.135235 [info ] [Thread-2 (]: 26 of 33 PASS not_null_stg_raw_trade_orders_quantity ........................... [[32mPASS[0m in 0.45s]
[0m23:52:35.135921 [debug] [Thread-2 (]: Finished running node test.dbt_finance.not_null_stg_raw_trade_orders_quantity.81806273ce
[0m23:52:35.136492 [debug] [Thread-2 (]: Began running node test.dbt_finance.unique_stg_dim_account_account_key.24f70477e8
[0m23:52:35.137065 [info ] [Thread-2 (]: 30 of 33 START test unique_stg_dim_account_account_key ......................... [RUN]
[0m23:52:35.137680 [debug] [Thread-2 (]: Re-using an available connection from the pool (formerly test.dbt_finance.not_null_stg_raw_trade_orders_quantity.81806273ce, now test.dbt_finance.unique_stg_dim_account_account_key.24f70477e8)
[0m23:52:35.138199 [debug] [Thread-2 (]: Began compiling node test.dbt_finance.unique_stg_dim_account_account_key.24f70477e8
[0m23:52:35.144260 [debug] [Thread-2 (]: Writing injected SQL for node "test.dbt_finance.unique_stg_dim_account_account_key.24f70477e8"
[0m23:52:35.152155 [debug] [Thread-2 (]: Began executing node test.dbt_finance.unique_stg_dim_account_account_key.24f70477e8
[0m23:52:35.155797 [debug] [Thread-2 (]: Writing runtime sql for node "test.dbt_finance.unique_stg_dim_account_account_key.24f70477e8"
[0m23:52:35.156975 [debug] [Thread-2 (]: Using snowflake connection "test.dbt_finance.unique_stg_dim_account_account_key.24f70477e8"
[0m23:52:35.157516 [debug] [Thread-2 (]: On test.dbt_finance.unique_stg_dim_account_account_key.24f70477e8: /* {"app": "dbt", "dbt_version": "1.9.4", "profile_name": "dbt_finance", "target_name": "dev", "node_id": "test.dbt_finance.unique_stg_dim_account_account_key.24f70477e8"} */
select
      count(*) as failures,
      count(*) != 0 as should_warn,
      count(*) != 0 as should_error
    from (
      
    
    

select
    account_key as unique_field,
    count(*) as n_records

from TEST_SNOWFLAKE_LEANING.SCHM_F_SNOWLEARN_01.stg_dim_account
where account_key is not null
group by account_key
having count(*) > 1



      
    ) dbt_internal_test
[0m23:52:35.158087 [debug] [Thread-2 (]: Opening a new connection, currently in state init
[0m23:52:35.473913 [debug] [Thread-3 (]: SQL status: SUCCESS 1 in 0.716 seconds
[0m23:52:35.476130 [info ] [Thread-3 (]: 27 of 33 PASS relationships_int_trade_enriched_symbol__symbol__ref_stg_dim_security_  [[32mPASS[0m in 0.74s]
[0m23:52:35.476851 [debug] [Thread-3 (]: Finished running node test.dbt_finance.relationships_int_trade_enriched_symbol__symbol__ref_stg_dim_security_.75285f5800
[0m23:52:35.477425 [debug] [Thread-3 (]: Began running node test.dbt_finance.unique_stg_dim_security_security_key.73f52a6847
[0m23:52:35.478066 [info ] [Thread-3 (]: 31 of 33 START test unique_stg_dim_security_security_key ....................... [RUN]
[0m23:52:35.478667 [debug] [Thread-3 (]: Re-using an available connection from the pool (formerly test.dbt_finance.relationships_int_trade_enriched_symbol__symbol__ref_stg_dim_security_.75285f5800, now test.dbt_finance.unique_stg_dim_security_security_key.73f52a6847)
[0m23:52:35.479137 [debug] [Thread-3 (]: Began compiling node test.dbt_finance.unique_stg_dim_security_security_key.73f52a6847
[0m23:52:35.484459 [debug] [Thread-3 (]: Writing injected SQL for node "test.dbt_finance.unique_stg_dim_security_security_key.73f52a6847"
[0m23:52:35.485159 [debug] [Thread-3 (]: Began executing node test.dbt_finance.unique_stg_dim_security_security_key.73f52a6847
[0m23:52:35.488823 [debug] [Thread-3 (]: Writing runtime sql for node "test.dbt_finance.unique_stg_dim_security_security_key.73f52a6847"
[0m23:52:35.490019 [debug] [Thread-3 (]: Using snowflake connection "test.dbt_finance.unique_stg_dim_security_security_key.73f52a6847"
[0m23:52:35.490529 [debug] [Thread-3 (]: On test.dbt_finance.unique_stg_dim_security_security_key.73f52a6847: /* {"app": "dbt", "dbt_version": "1.9.4", "profile_name": "dbt_finance", "target_name": "dev", "node_id": "test.dbt_finance.unique_stg_dim_security_security_key.73f52a6847"} */
select
      count(*) as failures,
      count(*) != 0 as should_warn,
      count(*) != 0 as should_error
    from (
      
    
    

select
    security_key as unique_field,
    count(*) as n_records

from TEST_SNOWFLAKE_LEANING.SCHM_F_SNOWLEARN_01.stg_dim_security
where security_key is not null
group by security_key
having count(*) > 1



      
    ) dbt_internal_test
[0m23:52:35.491003 [debug] [Thread-3 (]: Opening a new connection, currently in state init
[0m23:52:35.531877 [debug] [Thread-5 (]: SQL status: SUCCESS 1 in 0.453 seconds
[0m23:52:35.534101 [info ] [Thread-5 (]: 29 of 33 PASS unique_stg_dim_account_account_id ................................ [[32mPASS[0m in 0.47s]
[0m23:52:35.534804 [debug] [Thread-5 (]: Finished running node test.dbt_finance.unique_stg_dim_account_account_id.b4185e9c8a
[0m23:52:35.535359 [debug] [Thread-5 (]: Began running node test.dbt_finance.unique_stg_dim_security_symbol.ffe139b55f
[0m23:52:35.535920 [info ] [Thread-5 (]: 32 of 33 START test unique_stg_dim_security_symbol ............................. [RUN]
[0m23:52:35.536528 [debug] [Thread-5 (]: Re-using an available connection from the pool (formerly test.dbt_finance.unique_stg_dim_account_account_id.b4185e9c8a, now test.dbt_finance.unique_stg_dim_security_symbol.ffe139b55f)
[0m23:52:35.537039 [debug] [Thread-5 (]: Began compiling node test.dbt_finance.unique_stg_dim_security_symbol.ffe139b55f
[0m23:52:35.543375 [debug] [Thread-5 (]: Writing injected SQL for node "test.dbt_finance.unique_stg_dim_security_symbol.ffe139b55f"
[0m23:52:35.544606 [debug] [Thread-5 (]: Began executing node test.dbt_finance.unique_stg_dim_security_symbol.ffe139b55f
[0m23:52:35.548315 [debug] [Thread-5 (]: Writing runtime sql for node "test.dbt_finance.unique_stg_dim_security_symbol.ffe139b55f"
[0m23:52:35.549453 [debug] [Thread-5 (]: Using snowflake connection "test.dbt_finance.unique_stg_dim_security_symbol.ffe139b55f"
[0m23:52:35.550003 [debug] [Thread-5 (]: On test.dbt_finance.unique_stg_dim_security_symbol.ffe139b55f: /* {"app": "dbt", "dbt_version": "1.9.4", "profile_name": "dbt_finance", "target_name": "dev", "node_id": "test.dbt_finance.unique_stg_dim_security_symbol.ffe139b55f"} */
select
      count(*) as failures,
      count(*) != 0 as should_warn,
      count(*) != 0 as should_error
    from (
      
    
    

select
    symbol as unique_field,
    count(*) as n_records

from TEST_SNOWFLAKE_LEANING.SCHM_F_SNOWLEARN_01.stg_dim_security
where symbol is not null
group by symbol
having count(*) > 1



      
    ) dbt_internal_test
[0m23:52:35.550524 [debug] [Thread-5 (]: Opening a new connection, currently in state init
[0m23:52:35.568068 [debug] [Thread-4 (]: SQL status: SUCCESS 1 in 0.618 seconds
[0m23:52:35.570068 [info ] [Thread-4 (]: 28 of 33 PASS unique_int_trade_enriched_order_id ............................... [[32mPASS[0m in 0.63s]
[0m23:52:35.570777 [debug] [Thread-4 (]: Finished running node test.dbt_finance.unique_int_trade_enriched_order_id.46a62da788
[0m23:52:35.571356 [debug] [Thread-4 (]: Began running node test.dbt_finance.unique_stg_raw_trade_orders_order_id.9ac183a5ee
[0m23:52:35.571917 [info ] [Thread-4 (]: 33 of 33 START test unique_stg_raw_trade_orders_order_id ....................... [RUN]
[0m23:52:35.572469 [debug] [Thread-4 (]: Re-using an available connection from the pool (formerly test.dbt_finance.unique_int_trade_enriched_order_id.46a62da788, now test.dbt_finance.unique_stg_raw_trade_orders_order_id.9ac183a5ee)
[0m23:52:35.572933 [debug] [Thread-4 (]: Began compiling node test.dbt_finance.unique_stg_raw_trade_orders_order_id.9ac183a5ee
[0m23:52:35.578287 [debug] [Thread-4 (]: Writing injected SQL for node "test.dbt_finance.unique_stg_raw_trade_orders_order_id.9ac183a5ee"
[0m23:52:35.579625 [debug] [Thread-4 (]: Began executing node test.dbt_finance.unique_stg_raw_trade_orders_order_id.9ac183a5ee
[0m23:52:35.583209 [debug] [Thread-4 (]: Writing runtime sql for node "test.dbt_finance.unique_stg_raw_trade_orders_order_id.9ac183a5ee"
[0m23:52:35.584325 [debug] [Thread-4 (]: Using snowflake connection "test.dbt_finance.unique_stg_raw_trade_orders_order_id.9ac183a5ee"
[0m23:52:35.584829 [debug] [Thread-4 (]: On test.dbt_finance.unique_stg_raw_trade_orders_order_id.9ac183a5ee: /* {"app": "dbt", "dbt_version": "1.9.4", "profile_name": "dbt_finance", "target_name": "dev", "node_id": "test.dbt_finance.unique_stg_raw_trade_orders_order_id.9ac183a5ee"} */
select
      count(*) as failures,
      count(*) != 0 as should_warn,
      count(*) != 0 as should_error
    from (
      
    
    

select
    order_id as unique_field,
    count(*) as n_records

from TEST_SNOWFLAKE_LEANING.SCHM_F_SNOWLEARN_01.stg_raw_trade_orders
where order_id is not null
group by order_id
having count(*) > 1



      
    ) dbt_internal_test
[0m23:52:35.585311 [debug] [Thread-4 (]: Opening a new connection, currently in state init
[0m23:52:35.679285 [debug] [Thread-2 (]: SQL status: SUCCESS 1 in 0.521 seconds
[0m23:52:35.681516 [info ] [Thread-2 (]: 30 of 33 PASS unique_stg_dim_account_account_key ............................... [[32mPASS[0m in 0.54s]
[0m23:52:35.682198 [debug] [Thread-2 (]: Finished running node test.dbt_finance.unique_stg_dim_account_account_key.24f70477e8
[0m23:52:35.975105 [debug] [Thread-3 (]: SQL status: SUCCESS 1 in 0.484 seconds
[0m23:52:35.977287 [info ] [Thread-3 (]: 31 of 33 PASS unique_stg_dim_security_security_key ............................. [[32mPASS[0m in 0.50s]
[0m23:52:35.978054 [debug] [Thread-3 (]: Finished running node test.dbt_finance.unique_stg_dim_security_security_key.73f52a6847
[0m23:52:36.036971 [debug] [Thread-4 (]: SQL status: SUCCESS 1 in 0.452 seconds
[0m23:52:36.039274 [info ] [Thread-4 (]: 33 of 33 PASS unique_stg_raw_trade_orders_order_id ............................. [[32mPASS[0m in 0.47s]
[0m23:52:36.040015 [debug] [Thread-5 (]: SQL status: SUCCESS 1 in 0.489 seconds
[0m23:52:36.040719 [debug] [Thread-4 (]: Finished running node test.dbt_finance.unique_stg_raw_trade_orders_order_id.9ac183a5ee
[0m23:52:36.042603 [info ] [Thread-5 (]: 32 of 33 PASS unique_stg_dim_security_symbol ................................... [[32mPASS[0m in 0.51s]
[0m23:52:36.043596 [debug] [Thread-5 (]: Finished running node test.dbt_finance.unique_stg_dim_security_symbol.ffe139b55f
[0m23:52:36.046414 [debug] [Dummy-1   ]: Connection 'master' was properly closed.
[0m23:52:36.047355 [debug] [Dummy-1   ]: Connection 'test.dbt_finance.unique_stg_dim_account_account_key.24f70477e8' was properly closed.
[0m23:52:36.048020 [debug] [Dummy-1   ]: Connection 'test.dbt_finance.unique_stg_dim_security_security_key.73f52a6847' was properly closed.
[0m23:52:36.048472 [debug] [Dummy-1   ]: Connection 'test.dbt_finance.unique_stg_raw_trade_orders_order_id.9ac183a5ee' was properly closed.
[0m23:52:36.048914 [debug] [Dummy-1   ]: Connection 'test.dbt_finance.unique_stg_dim_security_symbol.ffe139b55f' was properly closed.
[0m23:52:36.049425 [info ] [Dummy-1   ]: 
[0m23:52:36.049925 [info ] [Dummy-1   ]: Finished running 33 data tests in 0 hours 0 minutes and 5.63 seconds (5.63s).
[0m23:52:36.054235 [debug] [Dummy-1   ]: Command end result
[0m23:52:36.084846 [debug] [Dummy-1   ]: Wrote artifact WritableManifest to /tmp/dbt/target/manifest.json
[0m23:52:36.086633 [debug] [Dummy-1   ]: Wrote artifact SemanticManifest to /tmp/dbt/target/semantic_manifest.json
[0m23:52:36.094726 [debug] [Dummy-1   ]: Wrote artifact RunExecutionResult to /tmp/dbt/target/run_results.json
[0m23:52:36.095256 [info ] [Dummy-1   ]: 
[0m23:52:36.095827 [info ] [Dummy-1   ]: [32mCompleted successfully[0m
[0m23:52:36.096339 [info ] [Dummy-1   ]: 
[0m23:52:36.096835 [info ] [Dummy-1   ]: Done. PASS=33 WARN=0 ERROR=0 SKIP=0 TOTAL=33
[0m23:52:36.098584 [debug] [Dummy-1   ]: Resource report: {"command_name": "test", "command_success": true, "command_wall_clock_time": 6.8867965, "process_in_blocks": "0", "process_kernel_time": 0.86, "process_mem_max_rss": "465244", "process_out_blocks": "0", "process_user_time": 4.9}
[0m23:52:36.099192 [debug] [Dummy-1   ]: Command `cli test` succeeded at 23:52:36.098948 after 6.89 seconds
[0m23:52:36.099683 [debug] [Dummy-1   ]: Flushing usage events


============================== 01:55:51.669383 | a7ceeb12-1d9a-45a8-8e82-661b8155bbed ==============================
[0m01:55:51.669383 [info ] [Dummy-1   ]: Running with dbt=1.9.4
[0m01:55:51.670350 [debug] [Dummy-1   ]: running dbt with arguments {'printer_width': '80', 'indirect_selection': 'eager', 'log_cache_events': 'False', 'write_json': 'True', 'partial_parse': 'True', 'cache_selected_only': 'False', 'profiles_dir': '/tmp/dbt/', 'debug': 'False', 'warn_error': 'None', 'log_path': '/tmp/dbt/logs', 'fail_fast': 'False', 'version_check': 'True', 'use_colors': 'True', 'use_experimental_parser': 'False', 'empty': 'False', 'quiet': 'False', 'no_print': 'None', 'warn_error_options': 'WarnErrorOptions(include=[], exclude=[])', 'introspect': 'True', 'invocation_command': 'dbt ', 'static_parser': 'True', 'target_path': '/tmp/dbt/target/', 'log_format': 'default', 'send_anonymous_usage_stats': 'False'}
[0m01:55:51.727463 [error] [Dummy-1   ]:  adapter: Invalid profile: 'user' is a required property.
[0m01:55:51.964663 [info ] [Dummy-1   ]: Registered adapter: snowflake=1.9.2
[0m01:55:52.389650 [debug] [Dummy-1   ]: checksum: 6d8301ed5f8f0471e249cbcc8805b42bc5f78a9b258cb4e5c4b012c6ace116b4, vars: {}, profile: , target: prod, version: 1.9.4
[0m01:55:52.544448 [info ] [Dummy-1   ]: Unable to do partial parsing because config vars, config profile, or config target have changed
[0m01:55:52.545085 [debug] [Dummy-1   ]: previous checksum: 6d8301ed5f8f0471e249cbcc8805b42bc5f78a9b258cb4e5c4b012c6ace116b4, current checksum: 53ed91fada2233efb98368d1716b44ab532c83a9c293cf1890b7905d5b45fb25
[0m01:55:52.545573 [info ] [Dummy-1   ]: Unable to do partial parsing because a project config has changed
[0m01:55:54.415908 [debug] [Dummy-1   ]: Wrote artifact WritableManifest to /tmp/dbt/target/manifest.json
[0m01:55:54.418357 [debug] [Dummy-1   ]: Wrote artifact SemanticManifest to /tmp/dbt/target/semantic_manifest.json
[0m01:55:54.456688 [info ] [Dummy-1   ]: Found 9 models, 33 data tests, 5 sources, 474 macros
[0m01:55:54.460647 [info ] [Dummy-1   ]: 
[0m01:55:54.461283 [info ] [Dummy-1   ]: Concurrency: 4 threads (target='prod')
[0m01:55:54.461723 [info ] [Dummy-1   ]: 
[0m01:55:54.462458 [debug] [Dummy-1   ]: Acquiring new snowflake connection 'master'
[0m01:55:54.468657 [debug] [ThreadPool]: Acquiring new snowflake connection 'list_TEST_SNOWFLAKE_LEANING_SCHM_F_SNOWLEARN_01'
[0m01:55:54.555621 [debug] [ThreadPool]: Using snowflake connection "list_TEST_SNOWFLAKE_LEANING_SCHM_F_SNOWLEARN_01"
[0m01:55:54.556253 [debug] [ThreadPool]: On list_TEST_SNOWFLAKE_LEANING_SCHM_F_SNOWLEARN_01: /* {"app": "dbt", "dbt_version": "1.9.4", "profile_name": "dbt_finance", "target_name": "prod", "connection_name": "list_TEST_SNOWFLAKE_LEANING_SCHM_F_SNOWLEARN_01"} */
alter session set quoted_identifiers_ignore_case = false;
[0m01:55:54.556750 [debug] [ThreadPool]: Opening a new connection, currently in state init
[0m01:55:55.183677 [debug] [ThreadPool]: SQL status: SUCCESS 1 in 0.627 seconds
[0m01:55:55.188591 [debug] [ThreadPool]: Using snowflake connection "list_TEST_SNOWFLAKE_LEANING_SCHM_F_SNOWLEARN_01"
[0m01:55:55.189191 [debug] [ThreadPool]: On list_TEST_SNOWFLAKE_LEANING_SCHM_F_SNOWLEARN_01: /* {"app": "dbt", "dbt_version": "1.9.4", "profile_name": "dbt_finance", "target_name": "prod", "connection_name": "list_TEST_SNOWFLAKE_LEANING_SCHM_F_SNOWLEARN_01"} */
show objects in TEST_SNOWFLAKE_LEANING.SCHM_F_SNOWLEARN_01
    limit 10000
    
;
[0m01:55:55.333085 [debug] [ThreadPool]: SQL status: SUCCESS 14 in 0.143 seconds
[0m01:55:55.335822 [debug] [ThreadPool]: Using snowflake connection "list_TEST_SNOWFLAKE_LEANING_SCHM_F_SNOWLEARN_01"
[0m01:55:55.336412 [debug] [ThreadPool]: On list_TEST_SNOWFLAKE_LEANING_SCHM_F_SNOWLEARN_01: /* {"app": "dbt", "dbt_version": "1.9.4", "profile_name": "dbt_finance", "target_name": "prod", "connection_name": "list_TEST_SNOWFLAKE_LEANING_SCHM_F_SNOWLEARN_01"} */
alter session unset quoted_identifiers_ignore_case;
[0m01:55:55.436561 [debug] [ThreadPool]: SQL status: SUCCESS 1 in 0.100 seconds
[0m01:55:55.450173 [debug] [Thread-2 (]: Began running node model.dbt_finance.stg_dim_account
[0m01:55:55.450915 [debug] [Thread-3 (]: Began running node model.dbt_finance.stg_dim_security
[0m01:55:55.451566 [debug] [Thread-4 (]: Began running node model.dbt_finance.stg_raw_fund_nav
[0m01:55:55.452174 [debug] [Thread-5 (]: Began running node model.dbt_finance.stg_raw_stock_quotes
[0m01:55:55.452886 [debug] [Thread-2 (]: Re-using an available connection from the pool (formerly list_TEST_SNOWFLAKE_LEANING_SCHM_F_SNOWLEARN_01, now model.dbt_finance.stg_dim_account)
[0m01:55:55.453695 [debug] [Thread-3 (]: Acquiring new snowflake connection 'model.dbt_finance.stg_dim_security'
[0m01:55:55.454440 [debug] [Thread-4 (]: Acquiring new snowflake connection 'model.dbt_finance.stg_raw_fund_nav'
[0m01:55:55.455138 [debug] [Thread-5 (]: Acquiring new snowflake connection 'model.dbt_finance.stg_raw_stock_quotes'
[0m01:55:55.455700 [debug] [Thread-2 (]: Began compiling node model.dbt_finance.stg_dim_account
[0m01:55:55.456269 [debug] [Thread-3 (]: Began compiling node model.dbt_finance.stg_dim_security
[0m01:55:55.456791 [debug] [Thread-4 (]: Began compiling node model.dbt_finance.stg_raw_fund_nav
[0m01:55:55.457303 [debug] [Thread-5 (]: Began compiling node model.dbt_finance.stg_raw_stock_quotes
[0m01:55:55.466662 [debug] [Thread-2 (]: Writing injected SQL for node "model.dbt_finance.stg_dim_account"
[0m01:55:55.472807 [debug] [Thread-3 (]: Writing injected SQL for node "model.dbt_finance.stg_dim_security"
[0m01:55:55.477806 [debug] [Thread-4 (]: Writing injected SQL for node "model.dbt_finance.stg_raw_fund_nav"
[0m01:55:55.482789 [debug] [Thread-5 (]: Writing injected SQL for node "model.dbt_finance.stg_raw_stock_quotes"
[0m01:55:55.484029 [debug] [Thread-2 (]: Began executing node model.dbt_finance.stg_dim_account
[0m01:55:55.484774 [debug] [Thread-3 (]: Began executing node model.dbt_finance.stg_dim_security
[0m01:55:55.485701 [debug] [Thread-4 (]: Began executing node model.dbt_finance.stg_raw_fund_nav
[0m01:55:55.486748 [debug] [Thread-2 (]: Finished running node model.dbt_finance.stg_dim_account
[0m01:55:55.487471 [debug] [Thread-5 (]: Began executing node model.dbt_finance.stg_raw_stock_quotes
[0m01:55:55.488488 [debug] [Thread-3 (]: Finished running node model.dbt_finance.stg_dim_security
[0m01:55:55.489359 [debug] [Thread-4 (]: Finished running node model.dbt_finance.stg_raw_fund_nav
[0m01:55:55.490025 [debug] [Thread-2 (]: Began running node model.dbt_finance.stg_raw_trade_orders
[0m01:55:55.491279 [debug] [Thread-5 (]: Finished running node model.dbt_finance.stg_raw_stock_quotes
[0m01:55:55.491919 [debug] [Thread-3 (]: Began running node test.dbt_finance.accepted_values_stg_dim_account_risk_level__LOW__MEDIUM__HIGH.530b60fec8
[0m01:55:55.492795 [debug] [Thread-4 (]: Began running node test.dbt_finance.not_null_stg_dim_account_account_id.e08784531f
[0m01:55:55.493706 [debug] [Thread-2 (]: Re-using an available connection from the pool (formerly model.dbt_finance.stg_dim_account, now model.dbt_finance.stg_raw_trade_orders)
[0m01:55:55.494358 [debug] [Thread-5 (]: Began running node test.dbt_finance.not_null_stg_dim_account_account_key.f12db6ab35
[0m01:55:55.495534 [debug] [Thread-3 (]: Re-using an available connection from the pool (formerly model.dbt_finance.stg_dim_security, now test.dbt_finance.accepted_values_stg_dim_account_risk_level__LOW__MEDIUM__HIGH.530b60fec8)
[0m01:55:55.496220 [debug] [Thread-4 (]: Re-using an available connection from the pool (formerly model.dbt_finance.stg_raw_fund_nav, now test.dbt_finance.not_null_stg_dim_account_account_id.e08784531f)
[0m01:55:55.496796 [debug] [Thread-2 (]: Began compiling node model.dbt_finance.stg_raw_trade_orders
[0m01:55:55.497565 [debug] [Thread-5 (]: Re-using an available connection from the pool (formerly model.dbt_finance.stg_raw_stock_quotes, now test.dbt_finance.not_null_stg_dim_account_account_key.f12db6ab35)
[0m01:55:55.498233 [debug] [Thread-3 (]: Began compiling node test.dbt_finance.accepted_values_stg_dim_account_risk_level__LOW__MEDIUM__HIGH.530b60fec8
[0m01:55:55.498798 [debug] [Thread-4 (]: Began compiling node test.dbt_finance.not_null_stg_dim_account_account_id.e08784531f
[0m01:55:55.503598 [debug] [Thread-2 (]: Writing injected SQL for node "model.dbt_finance.stg_raw_trade_orders"
[0m01:55:55.504239 [debug] [Thread-5 (]: Began compiling node test.dbt_finance.not_null_stg_dim_account_account_key.f12db6ab35
[0m01:55:55.510647 [debug] [Thread-3 (]: Writing injected SQL for node "test.dbt_finance.accepted_values_stg_dim_account_risk_level__LOW__MEDIUM__HIGH.530b60fec8"
[0m01:55:55.524027 [debug] [Thread-4 (]: Writing injected SQL for node "test.dbt_finance.not_null_stg_dim_account_account_id.e08784531f"
[0m01:55:55.530798 [debug] [Thread-5 (]: Writing injected SQL for node "test.dbt_finance.not_null_stg_dim_account_account_key.f12db6ab35"
[0m01:55:55.531600 [debug] [Thread-2 (]: Began executing node model.dbt_finance.stg_raw_trade_orders
[0m01:55:55.532689 [debug] [Thread-3 (]: Began executing node test.dbt_finance.accepted_values_stg_dim_account_risk_level__LOW__MEDIUM__HIGH.530b60fec8
[0m01:55:55.533505 [debug] [Thread-4 (]: Began executing node test.dbt_finance.not_null_stg_dim_account_account_id.e08784531f
[0m01:55:55.534483 [debug] [Thread-2 (]: Finished running node model.dbt_finance.stg_raw_trade_orders
[0m01:55:55.535023 [debug] [Thread-5 (]: Began executing node test.dbt_finance.not_null_stg_dim_account_account_key.f12db6ab35
[0m01:55:55.535854 [debug] [Thread-3 (]: Finished running node test.dbt_finance.accepted_values_stg_dim_account_risk_level__LOW__MEDIUM__HIGH.530b60fec8
[0m01:55:55.536672 [debug] [Thread-4 (]: Finished running node test.dbt_finance.not_null_stg_dim_account_account_id.e08784531f
[0m01:55:55.537341 [debug] [Thread-2 (]: Began running node test.dbt_finance.unique_stg_dim_account_account_id.b4185e9c8a
[0m01:55:55.539028 [debug] [Thread-5 (]: Finished running node test.dbt_finance.not_null_stg_dim_account_account_key.f12db6ab35
[0m01:55:55.539693 [debug] [Thread-3 (]: Began running node test.dbt_finance.unique_stg_dim_account_account_key.24f70477e8
[0m01:55:55.540373 [debug] [Thread-4 (]: Began running node test.dbt_finance.not_null_stg_dim_security_security_key.d8109762eb
[0m01:55:55.541082 [debug] [Thread-2 (]: Re-using an available connection from the pool (formerly model.dbt_finance.stg_raw_trade_orders, now test.dbt_finance.unique_stg_dim_account_account_id.b4185e9c8a)
[0m01:55:55.541671 [debug] [Thread-5 (]: Began running node test.dbt_finance.not_null_stg_dim_security_symbol.7bdb18d93f
[0m01:55:55.542377 [debug] [Thread-3 (]: Re-using an available connection from the pool (formerly test.dbt_finance.accepted_values_stg_dim_account_risk_level__LOW__MEDIUM__HIGH.530b60fec8, now test.dbt_finance.unique_stg_dim_account_account_key.24f70477e8)
[0m01:55:55.542948 [debug] [Thread-4 (]: Re-using an available connection from the pool (formerly test.dbt_finance.not_null_stg_dim_account_account_id.e08784531f, now test.dbt_finance.not_null_stg_dim_security_security_key.d8109762eb)
[0m01:55:55.543460 [debug] [Thread-2 (]: Began compiling node test.dbt_finance.unique_stg_dim_account_account_id.b4185e9c8a
[0m01:55:55.544018 [debug] [Thread-5 (]: Re-using an available connection from the pool (formerly test.dbt_finance.not_null_stg_dim_account_account_key.f12db6ab35, now test.dbt_finance.not_null_stg_dim_security_symbol.7bdb18d93f)
[0m01:55:55.544519 [debug] [Thread-3 (]: Began compiling node test.dbt_finance.unique_stg_dim_account_account_key.24f70477e8
[0m01:55:55.545056 [debug] [Thread-4 (]: Began compiling node test.dbt_finance.not_null_stg_dim_security_security_key.d8109762eb
[0m01:55:55.553968 [debug] [Thread-2 (]: Writing injected SQL for node "test.dbt_finance.unique_stg_dim_account_account_id.b4185e9c8a"
[0m01:55:55.554625 [debug] [Thread-5 (]: Began compiling node test.dbt_finance.not_null_stg_dim_security_symbol.7bdb18d93f
[0m01:55:55.561121 [debug] [Thread-3 (]: Writing injected SQL for node "test.dbt_finance.unique_stg_dim_account_account_key.24f70477e8"
[0m01:55:55.567162 [debug] [Thread-4 (]: Writing injected SQL for node "test.dbt_finance.not_null_stg_dim_security_security_key.d8109762eb"
[0m01:55:55.575810 [debug] [Thread-5 (]: Writing injected SQL for node "test.dbt_finance.not_null_stg_dim_security_symbol.7bdb18d93f"
[0m01:55:55.576516 [debug] [Thread-2 (]: Began executing node test.dbt_finance.unique_stg_dim_account_account_id.b4185e9c8a
[0m01:55:55.577504 [debug] [Thread-3 (]: Began executing node test.dbt_finance.unique_stg_dim_account_account_key.24f70477e8
[0m01:55:55.578468 [debug] [Thread-4 (]: Began executing node test.dbt_finance.not_null_stg_dim_security_security_key.d8109762eb
[0m01:55:55.579408 [debug] [Thread-2 (]: Finished running node test.dbt_finance.unique_stg_dim_account_account_id.b4185e9c8a
[0m01:55:55.580068 [debug] [Thread-5 (]: Began executing node test.dbt_finance.not_null_stg_dim_security_symbol.7bdb18d93f
[0m01:55:55.580893 [debug] [Thread-3 (]: Finished running node test.dbt_finance.unique_stg_dim_account_account_key.24f70477e8
[0m01:55:55.581711 [debug] [Thread-4 (]: Finished running node test.dbt_finance.not_null_stg_dim_security_security_key.d8109762eb
[0m01:55:55.582361 [debug] [Thread-2 (]: Began running node test.dbt_finance.unique_stg_dim_security_security_key.73f52a6847
[0m01:55:55.583218 [debug] [Thread-5 (]: Finished running node test.dbt_finance.not_null_stg_dim_security_symbol.7bdb18d93f
[0m01:55:55.583820 [debug] [Thread-3 (]: Began running node test.dbt_finance.unique_stg_dim_security_symbol.ffe139b55f
[0m01:55:55.584485 [debug] [Thread-4 (]: Began running node test.dbt_finance.not_null_stg_raw_fund_nav_fund_code.6632e7c2c3
[0m01:55:55.585178 [debug] [Thread-2 (]: Re-using an available connection from the pool (formerly test.dbt_finance.unique_stg_dim_account_account_id.b4185e9c8a, now test.dbt_finance.unique_stg_dim_security_security_key.73f52a6847)
[0m01:55:55.585794 [debug] [Thread-5 (]: Began running node test.dbt_finance.not_null_stg_raw_fund_nav_nav_date.ef8270eae0
[0m01:55:55.586463 [debug] [Thread-3 (]: Re-using an available connection from the pool (formerly test.dbt_finance.unique_stg_dim_account_account_key.24f70477e8, now test.dbt_finance.unique_stg_dim_security_symbol.ffe139b55f)
[0m01:55:55.587014 [debug] [Thread-4 (]: Re-using an available connection from the pool (formerly test.dbt_finance.not_null_stg_dim_security_security_key.d8109762eb, now test.dbt_finance.not_null_stg_raw_fund_nav_fund_code.6632e7c2c3)
[0m01:55:55.587517 [debug] [Thread-2 (]: Began compiling node test.dbt_finance.unique_stg_dim_security_security_key.73f52a6847
[0m01:55:55.588172 [debug] [Thread-5 (]: Re-using an available connection from the pool (formerly test.dbt_finance.not_null_stg_dim_security_symbol.7bdb18d93f, now test.dbt_finance.not_null_stg_raw_fund_nav_nav_date.ef8270eae0)
[0m01:55:55.588752 [debug] [Thread-3 (]: Began compiling node test.dbt_finance.unique_stg_dim_security_symbol.ffe139b55f
[0m01:55:55.589265 [debug] [Thread-4 (]: Began compiling node test.dbt_finance.not_null_stg_raw_fund_nav_fund_code.6632e7c2c3
[0m01:55:55.595519 [debug] [Thread-2 (]: Writing injected SQL for node "test.dbt_finance.unique_stg_dim_security_security_key.73f52a6847"
[0m01:55:55.596131 [debug] [Thread-5 (]: Began compiling node test.dbt_finance.not_null_stg_raw_fund_nav_nav_date.ef8270eae0
[0m01:55:55.602202 [debug] [Thread-3 (]: Writing injected SQL for node "test.dbt_finance.unique_stg_dim_security_symbol.ffe139b55f"
[0m01:55:55.608624 [debug] [Thread-4 (]: Writing injected SQL for node "test.dbt_finance.not_null_stg_raw_fund_nav_fund_code.6632e7c2c3"
[0m01:55:55.615273 [debug] [Thread-5 (]: Writing injected SQL for node "test.dbt_finance.not_null_stg_raw_fund_nav_nav_date.ef8270eae0"
[0m01:55:55.615920 [debug] [Thread-2 (]: Began executing node test.dbt_finance.unique_stg_dim_security_security_key.73f52a6847
[0m01:55:55.616833 [debug] [Thread-3 (]: Began executing node test.dbt_finance.unique_stg_dim_security_symbol.ffe139b55f
[0m01:55:55.617791 [debug] [Thread-4 (]: Began executing node test.dbt_finance.not_null_stg_raw_fund_nav_fund_code.6632e7c2c3
[0m01:55:55.618816 [debug] [Thread-2 (]: Finished running node test.dbt_finance.unique_stg_dim_security_security_key.73f52a6847
[0m01:55:55.619409 [debug] [Thread-5 (]: Began executing node test.dbt_finance.not_null_stg_raw_fund_nav_nav_date.ef8270eae0
[0m01:55:55.620249 [debug] [Thread-3 (]: Finished running node test.dbt_finance.unique_stg_dim_security_symbol.ffe139b55f
[0m01:55:55.623233 [debug] [Thread-4 (]: Finished running node test.dbt_finance.not_null_stg_raw_fund_nav_fund_code.6632e7c2c3
[0m01:55:55.624008 [debug] [Thread-2 (]: Began running node model.dbt_finance.mart_security_daily_performance
[0m01:55:55.625021 [debug] [Thread-5 (]: Finished running node test.dbt_finance.not_null_stg_raw_fund_nav_nav_date.ef8270eae0
[0m01:55:55.625714 [debug] [Thread-3 (]: Began running node test.dbt_finance.not_null_stg_raw_stock_quotes_symbol.92699082e2
[0m01:55:55.626346 [debug] [Thread-4 (]: Began running node test.dbt_finance.not_null_stg_raw_stock_quotes_trade_date.ca8a10406c
[0m01:55:55.627027 [debug] [Thread-2 (]: Re-using an available connection from the pool (formerly test.dbt_finance.unique_stg_dim_security_security_key.73f52a6847, now model.dbt_finance.mart_security_daily_performance)
[0m01:55:55.627623 [debug] [Thread-5 (]: Began running node model.dbt_finance.int_trade_enriched
[0m01:55:55.628397 [debug] [Thread-3 (]: Re-using an available connection from the pool (formerly test.dbt_finance.unique_stg_dim_security_symbol.ffe139b55f, now test.dbt_finance.not_null_stg_raw_stock_quotes_symbol.92699082e2)
[0m01:55:55.628990 [debug] [Thread-4 (]: Re-using an available connection from the pool (formerly test.dbt_finance.not_null_stg_raw_fund_nav_fund_code.6632e7c2c3, now test.dbt_finance.not_null_stg_raw_stock_quotes_trade_date.ca8a10406c)
[0m01:55:55.629501 [debug] [Thread-2 (]: Began compiling node model.dbt_finance.mart_security_daily_performance
[0m01:55:55.630071 [debug] [Thread-5 (]: Re-using an available connection from the pool (formerly test.dbt_finance.not_null_stg_raw_fund_nav_nav_date.ef8270eae0, now model.dbt_finance.int_trade_enriched)
[0m01:55:55.630569 [debug] [Thread-3 (]: Began compiling node test.dbt_finance.not_null_stg_raw_stock_quotes_symbol.92699082e2
[0m01:55:55.631051 [debug] [Thread-4 (]: Began compiling node test.dbt_finance.not_null_stg_raw_stock_quotes_trade_date.ca8a10406c
[0m01:55:55.635997 [debug] [Thread-2 (]: Writing injected SQL for node "model.dbt_finance.mart_security_daily_performance"
[0m01:55:55.636656 [debug] [Thread-5 (]: Began compiling node model.dbt_finance.int_trade_enriched
[0m01:55:55.643054 [debug] [Thread-3 (]: Writing injected SQL for node "test.dbt_finance.not_null_stg_raw_stock_quotes_symbol.92699082e2"
[0m01:55:55.649424 [debug] [Thread-4 (]: Writing injected SQL for node "test.dbt_finance.not_null_stg_raw_stock_quotes_trade_date.ca8a10406c"
[0m01:55:55.654761 [debug] [Thread-5 (]: Writing injected SQL for node "model.dbt_finance.int_trade_enriched"
[0m01:55:55.655492 [debug] [Thread-2 (]: Began executing node model.dbt_finance.mart_security_daily_performance
[0m01:55:55.656312 [debug] [Thread-3 (]: Began executing node test.dbt_finance.not_null_stg_raw_stock_quotes_symbol.92699082e2
[0m01:55:55.657036 [debug] [Thread-4 (]: Began executing node test.dbt_finance.not_null_stg_raw_stock_quotes_trade_date.ca8a10406c
[0m01:55:55.658191 [debug] [Thread-2 (]: Finished running node model.dbt_finance.mart_security_daily_performance
[0m01:55:55.658759 [debug] [Thread-5 (]: Began executing node model.dbt_finance.int_trade_enriched
[0m01:55:55.659610 [debug] [Thread-3 (]: Finished running node test.dbt_finance.not_null_stg_raw_stock_quotes_symbol.92699082e2
[0m01:55:55.660484 [debug] [Thread-4 (]: Finished running node test.dbt_finance.not_null_stg_raw_stock_quotes_trade_date.ca8a10406c
[0m01:55:55.661153 [debug] [Thread-2 (]: Began running node test.dbt_finance.accepted_values_stg_raw_trade_orders_direction__BUY__SELL.d6d0f8e60e
[0m01:55:55.662298 [debug] [Thread-5 (]: Finished running node model.dbt_finance.int_trade_enriched
[0m01:55:55.662931 [debug] [Thread-3 (]: Began running node test.dbt_finance.accepted_values_stg_raw_trade_orders_order_type__LIMIT__MARKET.b2d921fb3f
[0m01:55:55.663615 [debug] [Thread-4 (]: Began running node test.dbt_finance.accepted_values_stg_raw_trade_orders_status__FILLED__PARTIAL__CANCELLED.65213b3958
[0m01:55:55.664315 [debug] [Thread-2 (]: Re-using an available connection from the pool (formerly model.dbt_finance.mart_security_daily_performance, now test.dbt_finance.accepted_values_stg_raw_trade_orders_direction__BUY__SELL.d6d0f8e60e)
[0m01:55:55.665007 [debug] [Thread-5 (]: Began running node test.dbt_finance.not_null_stg_raw_trade_orders_order_id.f9af6bf111
[0m01:55:55.666017 [debug] [Thread-3 (]: Re-using an available connection from the pool (formerly test.dbt_finance.not_null_stg_raw_stock_quotes_symbol.92699082e2, now test.dbt_finance.accepted_values_stg_raw_trade_orders_order_type__LIMIT__MARKET.b2d921fb3f)
[0m01:55:55.666651 [debug] [Thread-4 (]: Re-using an available connection from the pool (formerly test.dbt_finance.not_null_stg_raw_stock_quotes_trade_date.ca8a10406c, now test.dbt_finance.accepted_values_stg_raw_trade_orders_status__FILLED__PARTIAL__CANCELLED.65213b3958)
[0m01:55:55.667236 [debug] [Thread-2 (]: Began compiling node test.dbt_finance.accepted_values_stg_raw_trade_orders_direction__BUY__SELL.d6d0f8e60e
[0m01:55:55.667866 [debug] [Thread-5 (]: Re-using an available connection from the pool (formerly model.dbt_finance.int_trade_enriched, now test.dbt_finance.not_null_stg_raw_trade_orders_order_id.f9af6bf111)
[0m01:55:55.668527 [debug] [Thread-3 (]: Began compiling node test.dbt_finance.accepted_values_stg_raw_trade_orders_order_type__LIMIT__MARKET.b2d921fb3f
[0m01:55:55.669087 [debug] [Thread-4 (]: Began compiling node test.dbt_finance.accepted_values_stg_raw_trade_orders_status__FILLED__PARTIAL__CANCELLED.65213b3958
[0m01:55:55.677360 [debug] [Thread-2 (]: Writing injected SQL for node "test.dbt_finance.accepted_values_stg_raw_trade_orders_direction__BUY__SELL.d6d0f8e60e"
[0m01:55:55.678078 [debug] [Thread-5 (]: Began compiling node test.dbt_finance.not_null_stg_raw_trade_orders_order_id.f9af6bf111
[0m01:55:55.684573 [debug] [Thread-3 (]: Writing injected SQL for node "test.dbt_finance.accepted_values_stg_raw_trade_orders_order_type__LIMIT__MARKET.b2d921fb3f"
[0m01:55:55.691312 [debug] [Thread-4 (]: Writing injected SQL for node "test.dbt_finance.accepted_values_stg_raw_trade_orders_status__FILLED__PARTIAL__CANCELLED.65213b3958"
[0m01:55:55.697715 [debug] [Thread-5 (]: Writing injected SQL for node "test.dbt_finance.not_null_stg_raw_trade_orders_order_id.f9af6bf111"
[0m01:55:55.698528 [debug] [Thread-2 (]: Began executing node test.dbt_finance.accepted_values_stg_raw_trade_orders_direction__BUY__SELL.d6d0f8e60e
[0m01:55:55.699604 [debug] [Thread-3 (]: Began executing node test.dbt_finance.accepted_values_stg_raw_trade_orders_order_type__LIMIT__MARKET.b2d921fb3f
[0m01:55:55.700383 [debug] [Thread-4 (]: Began executing node test.dbt_finance.accepted_values_stg_raw_trade_orders_status__FILLED__PARTIAL__CANCELLED.65213b3958
[0m01:55:55.701407 [debug] [Thread-2 (]: Finished running node test.dbt_finance.accepted_values_stg_raw_trade_orders_direction__BUY__SELL.d6d0f8e60e
[0m01:55:55.701958 [debug] [Thread-5 (]: Began executing node test.dbt_finance.not_null_stg_raw_trade_orders_order_id.f9af6bf111
[0m01:55:55.702789 [debug] [Thread-3 (]: Finished running node test.dbt_finance.accepted_values_stg_raw_trade_orders_order_type__LIMIT__MARKET.b2d921fb3f
[0m01:55:55.703628 [debug] [Thread-4 (]: Finished running node test.dbt_finance.accepted_values_stg_raw_trade_orders_status__FILLED__PARTIAL__CANCELLED.65213b3958
[0m01:55:55.704265 [debug] [Thread-2 (]: Began running node test.dbt_finance.not_null_stg_raw_trade_orders_price.01fb5edd6b
[0m01:55:55.705162 [debug] [Thread-5 (]: Finished running node test.dbt_finance.not_null_stg_raw_trade_orders_order_id.f9af6bf111
[0m01:55:55.705782 [debug] [Thread-3 (]: Began running node test.dbt_finance.not_null_stg_raw_trade_orders_quantity.81806273ce
[0m01:55:55.706458 [debug] [Thread-4 (]: Began running node test.dbt_finance.unique_stg_raw_trade_orders_order_id.9ac183a5ee
[0m01:55:55.707155 [debug] [Thread-2 (]: Re-using an available connection from the pool (formerly test.dbt_finance.accepted_values_stg_raw_trade_orders_direction__BUY__SELL.d6d0f8e60e, now test.dbt_finance.not_null_stg_raw_trade_orders_price.01fb5edd6b)
[0m01:55:55.707768 [debug] [Thread-5 (]: Began running node test.dbt_finance.accepted_values_mart_security_daily_performance_price_trend__STRONG_UP__UP__FLAT__DOWN__STRONG_DOWN.327f2efff7
[0m01:55:55.708600 [debug] [Thread-3 (]: Re-using an available connection from the pool (formerly test.dbt_finance.accepted_values_stg_raw_trade_orders_order_type__LIMIT__MARKET.b2d921fb3f, now test.dbt_finance.not_null_stg_raw_trade_orders_quantity.81806273ce)
[0m01:55:55.709243 [debug] [Thread-4 (]: Re-using an available connection from the pool (formerly test.dbt_finance.accepted_values_stg_raw_trade_orders_status__FILLED__PARTIAL__CANCELLED.65213b3958, now test.dbt_finance.unique_stg_raw_trade_orders_order_id.9ac183a5ee)
[0m01:55:55.709803 [debug] [Thread-2 (]: Began compiling node test.dbt_finance.not_null_stg_raw_trade_orders_price.01fb5edd6b
[0m01:55:55.710438 [debug] [Thread-5 (]: Re-using an available connection from the pool (formerly test.dbt_finance.not_null_stg_raw_trade_orders_order_id.f9af6bf111, now test.dbt_finance.accepted_values_mart_security_daily_performance_price_trend__STRONG_UP__UP__FLAT__DOWN__STRONG_DOWN.327f2efff7)
[0m01:55:55.710966 [debug] [Thread-3 (]: Began compiling node test.dbt_finance.not_null_stg_raw_trade_orders_quantity.81806273ce
[0m01:55:55.711475 [debug] [Thread-4 (]: Began compiling node test.dbt_finance.unique_stg_raw_trade_orders_order_id.9ac183a5ee
[0m01:55:55.718145 [debug] [Thread-2 (]: Writing injected SQL for node "test.dbt_finance.not_null_stg_raw_trade_orders_price.01fb5edd6b"
[0m01:55:55.718832 [debug] [Thread-5 (]: Began compiling node test.dbt_finance.accepted_values_mart_security_daily_performance_price_trend__STRONG_UP__UP__FLAT__DOWN__STRONG_DOWN.327f2efff7
[0m01:55:55.726786 [debug] [Thread-3 (]: Writing injected SQL for node "test.dbt_finance.not_null_stg_raw_trade_orders_quantity.81806273ce"
[0m01:55:55.733306 [debug] [Thread-4 (]: Writing injected SQL for node "test.dbt_finance.unique_stg_raw_trade_orders_order_id.9ac183a5ee"
[0m01:55:55.740359 [debug] [Thread-5 (]: Writing injected SQL for node "test.dbt_finance.accepted_values_mart_security_daily_performance_price_trend__STRONG_UP__UP__FLAT__DOWN__STRONG_DOWN.327f2efff7"
[0m01:55:55.740947 [debug] [Thread-2 (]: Began executing node test.dbt_finance.not_null_stg_raw_trade_orders_price.01fb5edd6b
[0m01:55:55.742138 [debug] [Thread-3 (]: Began executing node test.dbt_finance.not_null_stg_raw_trade_orders_quantity.81806273ce
[0m01:55:55.742960 [debug] [Thread-4 (]: Began executing node test.dbt_finance.unique_stg_raw_trade_orders_order_id.9ac183a5ee
[0m01:55:55.743969 [debug] [Thread-2 (]: Finished running node test.dbt_finance.not_null_stg_raw_trade_orders_price.01fb5edd6b
[0m01:55:55.744503 [debug] [Thread-5 (]: Began executing node test.dbt_finance.accepted_values_mart_security_daily_performance_price_trend__STRONG_UP__UP__FLAT__DOWN__STRONG_DOWN.327f2efff7
[0m01:55:55.745378 [debug] [Thread-3 (]: Finished running node test.dbt_finance.not_null_stg_raw_trade_orders_quantity.81806273ce
[0m01:55:55.746204 [debug] [Thread-4 (]: Finished running node test.dbt_finance.unique_stg_raw_trade_orders_order_id.9ac183a5ee
[0m01:55:55.746831 [debug] [Thread-2 (]: Began running node test.dbt_finance.accepted_values_mart_security_daily_performance_volume_tier__VERY_HIGH__HIGH__MEDIUM__LOW.7f5f297415
[0m01:55:55.747728 [debug] [Thread-5 (]: Finished running node test.dbt_finance.accepted_values_mart_security_daily_performance_price_trend__STRONG_UP__UP__FLAT__DOWN__STRONG_DOWN.327f2efff7
[0m01:55:55.748437 [debug] [Thread-3 (]: Began running node test.dbt_finance.not_null_mart_security_daily_performance_symbol.304c0f0e8a
[0m01:55:55.749129 [debug] [Thread-4 (]: Began running node test.dbt_finance.not_null_mart_security_daily_performance_trade_date.520dc4e6eb
[0m01:55:55.749826 [debug] [Thread-2 (]: Re-using an available connection from the pool (formerly test.dbt_finance.not_null_stg_raw_trade_orders_price.01fb5edd6b, now test.dbt_finance.accepted_values_mart_security_daily_performance_volume_tier__VERY_HIGH__HIGH__MEDIUM__LOW.7f5f297415)
[0m01:55:55.750427 [debug] [Thread-5 (]: Began running node model.dbt_finance.mart_client_trading_summary
[0m01:55:55.751082 [debug] [Thread-3 (]: Re-using an available connection from the pool (formerly test.dbt_finance.not_null_stg_raw_trade_orders_quantity.81806273ce, now test.dbt_finance.not_null_mart_security_daily_performance_symbol.304c0f0e8a)
[0m01:55:55.751631 [debug] [Thread-4 (]: Re-using an available connection from the pool (formerly test.dbt_finance.unique_stg_raw_trade_orders_order_id.9ac183a5ee, now test.dbt_finance.not_null_mart_security_daily_performance_trade_date.520dc4e6eb)
[0m01:55:55.752138 [debug] [Thread-2 (]: Began compiling node test.dbt_finance.accepted_values_mart_security_daily_performance_volume_tier__VERY_HIGH__HIGH__MEDIUM__LOW.7f5f297415
[0m01:55:55.752694 [debug] [Thread-5 (]: Re-using an available connection from the pool (formerly test.dbt_finance.accepted_values_mart_security_daily_performance_price_trend__STRONG_UP__UP__FLAT__DOWN__STRONG_DOWN.327f2efff7, now model.dbt_finance.mart_client_trading_summary)
[0m01:55:55.753201 [debug] [Thread-3 (]: Began compiling node test.dbt_finance.not_null_mart_security_daily_performance_symbol.304c0f0e8a
[0m01:55:55.753677 [debug] [Thread-4 (]: Began compiling node test.dbt_finance.not_null_mart_security_daily_performance_trade_date.520dc4e6eb
[0m01:55:55.760496 [debug] [Thread-2 (]: Writing injected SQL for node "test.dbt_finance.accepted_values_mart_security_daily_performance_volume_tier__VERY_HIGH__HIGH__MEDIUM__LOW.7f5f297415"
[0m01:55:55.761120 [debug] [Thread-5 (]: Began compiling node model.dbt_finance.mart_client_trading_summary
[0m01:55:55.767146 [debug] [Thread-3 (]: Writing injected SQL for node "test.dbt_finance.not_null_mart_security_daily_performance_symbol.304c0f0e8a"
[0m01:55:55.775695 [debug] [Thread-4 (]: Writing injected SQL for node "test.dbt_finance.not_null_mart_security_daily_performance_trade_date.520dc4e6eb"
[0m01:55:55.780957 [debug] [Thread-5 (]: Writing injected SQL for node "model.dbt_finance.mart_client_trading_summary"
[0m01:55:55.781640 [debug] [Thread-2 (]: Began executing node test.dbt_finance.accepted_values_mart_security_daily_performance_volume_tier__VERY_HIGH__HIGH__MEDIUM__LOW.7f5f297415
[0m01:55:55.782628 [debug] [Thread-3 (]: Began executing node test.dbt_finance.not_null_mart_security_daily_performance_symbol.304c0f0e8a
[0m01:55:55.783412 [debug] [Thread-4 (]: Began executing node test.dbt_finance.not_null_mart_security_daily_performance_trade_date.520dc4e6eb
[0m01:55:55.784329 [debug] [Thread-2 (]: Finished running node test.dbt_finance.accepted_values_mart_security_daily_performance_volume_tier__VERY_HIGH__HIGH__MEDIUM__LOW.7f5f297415
[0m01:55:55.784862 [debug] [Thread-5 (]: Began executing node model.dbt_finance.mart_client_trading_summary
[0m01:55:55.785688 [debug] [Thread-3 (]: Finished running node test.dbt_finance.not_null_mart_security_daily_performance_symbol.304c0f0e8a
[0m01:55:55.786489 [debug] [Thread-4 (]: Finished running node test.dbt_finance.not_null_mart_security_daily_performance_trade_date.520dc4e6eb
[0m01:55:55.787102 [debug] [Thread-2 (]: Began running node model.dbt_finance.mart_risk_exposure_report
[0m01:55:55.788106 [debug] [Thread-5 (]: Finished running node model.dbt_finance.mart_client_trading_summary
[0m01:55:55.788739 [debug] [Thread-3 (]: Began running node test.dbt_finance.not_null_int_trade_enriched_client_name.944715ff28
[0m01:55:55.789395 [debug] [Thread-4 (]: Began running node test.dbt_finance.not_null_int_trade_enriched_order_id.752c3ca6fc
[0m01:55:55.790098 [debug] [Thread-2 (]: Re-using an available connection from the pool (formerly test.dbt_finance.accepted_values_mart_security_daily_performance_volume_tier__VERY_HIGH__HIGH__MEDIUM__LOW.7f5f297415, now model.dbt_finance.mart_risk_exposure_report)
[0m01:55:55.790709 [debug] [Thread-5 (]: Began running node test.dbt_finance.not_null_int_trade_enriched_symbol.201cdc7981
[0m01:55:55.791571 [debug] [Thread-3 (]: Re-using an available connection from the pool (formerly test.dbt_finance.not_null_mart_security_daily_performance_symbol.304c0f0e8a, now test.dbt_finance.not_null_int_trade_enriched_client_name.944715ff28)
[0m01:55:55.792190 [debug] [Thread-4 (]: Re-using an available connection from the pool (formerly test.dbt_finance.not_null_mart_security_daily_performance_trade_date.520dc4e6eb, now test.dbt_finance.not_null_int_trade_enriched_order_id.752c3ca6fc)
[0m01:55:55.792751 [debug] [Thread-2 (]: Began compiling node model.dbt_finance.mart_risk_exposure_report
[0m01:55:55.793353 [debug] [Thread-5 (]: Re-using an available connection from the pool (formerly model.dbt_finance.mart_client_trading_summary, now test.dbt_finance.not_null_int_trade_enriched_symbol.201cdc7981)
[0m01:55:55.793853 [debug] [Thread-3 (]: Began compiling node test.dbt_finance.not_null_int_trade_enriched_client_name.944715ff28
[0m01:55:55.794358 [debug] [Thread-4 (]: Began compiling node test.dbt_finance.not_null_int_trade_enriched_order_id.752c3ca6fc
[0m01:55:55.799329 [debug] [Thread-2 (]: Writing injected SQL for node "model.dbt_finance.mart_risk_exposure_report"
[0m01:55:55.799941 [debug] [Thread-5 (]: Began compiling node test.dbt_finance.not_null_int_trade_enriched_symbol.201cdc7981
[0m01:55:55.806205 [debug] [Thread-3 (]: Writing injected SQL for node "test.dbt_finance.not_null_int_trade_enriched_client_name.944715ff28"
[0m01:55:55.812395 [debug] [Thread-4 (]: Writing injected SQL for node "test.dbt_finance.not_null_int_trade_enriched_order_id.752c3ca6fc"
[0m01:55:55.821213 [debug] [Thread-5 (]: Writing injected SQL for node "test.dbt_finance.not_null_int_trade_enriched_symbol.201cdc7981"
[0m01:55:55.821900 [debug] [Thread-2 (]: Began executing node model.dbt_finance.mart_risk_exposure_report
[0m01:55:55.822934 [debug] [Thread-3 (]: Began executing node test.dbt_finance.not_null_int_trade_enriched_client_name.944715ff28
[0m01:55:55.823910 [debug] [Thread-4 (]: Began executing node test.dbt_finance.not_null_int_trade_enriched_order_id.752c3ca6fc
[0m01:55:55.824900 [debug] [Thread-2 (]: Finished running node model.dbt_finance.mart_risk_exposure_report
[0m01:55:55.825504 [debug] [Thread-5 (]: Began executing node test.dbt_finance.not_null_int_trade_enriched_symbol.201cdc7981
[0m01:55:55.826353 [debug] [Thread-3 (]: Finished running node test.dbt_finance.not_null_int_trade_enriched_client_name.944715ff28
[0m01:55:55.827175 [debug] [Thread-4 (]: Finished running node test.dbt_finance.not_null_int_trade_enriched_order_id.752c3ca6fc
[0m01:55:55.827814 [debug] [Thread-2 (]: Began running node test.dbt_finance.relationships_int_trade_enriched_symbol__symbol__ref_stg_dim_security_.75285f5800
[0m01:55:55.829069 [debug] [Thread-5 (]: Finished running node test.dbt_finance.not_null_int_trade_enriched_symbol.201cdc7981
[0m01:55:55.829733 [debug] [Thread-3 (]: Began running node test.dbt_finance.unique_int_trade_enriched_order_id.46a62da788
[0m01:55:55.830398 [debug] [Thread-4 (]: Began running node test.dbt_finance.not_null_mart_client_trading_summary_account_id.01eec252c5
[0m01:55:55.831198 [debug] [Thread-2 (]: Re-using an available connection from the pool (formerly model.dbt_finance.mart_risk_exposure_report, now test.dbt_finance.relationships_int_trade_enriched_symbol__symbol__ref_stg_dim_security_.75285f5800)
[0m01:55:55.831839 [debug] [Thread-5 (]: Began running node test.dbt_finance.not_null_mart_client_trading_summary_fill_rate_pct.db47f0f943
[0m01:55:55.832597 [debug] [Thread-3 (]: Re-using an available connection from the pool (formerly test.dbt_finance.not_null_int_trade_enriched_client_name.944715ff28, now test.dbt_finance.unique_int_trade_enriched_order_id.46a62da788)
[0m01:55:55.833246 [debug] [Thread-4 (]: Re-using an available connection from the pool (formerly test.dbt_finance.not_null_int_trade_enriched_order_id.752c3ca6fc, now test.dbt_finance.not_null_mart_client_trading_summary_account_id.01eec252c5)
[0m01:55:55.833827 [debug] [Thread-2 (]: Began compiling node test.dbt_finance.relationships_int_trade_enriched_symbol__symbol__ref_stg_dim_security_.75285f5800
[0m01:55:55.834585 [debug] [Thread-5 (]: Re-using an available connection from the pool (formerly test.dbt_finance.not_null_int_trade_enriched_symbol.201cdc7981, now test.dbt_finance.not_null_mart_client_trading_summary_fill_rate_pct.db47f0f943)
[0m01:55:55.835141 [debug] [Thread-3 (]: Began compiling node test.dbt_finance.unique_int_trade_enriched_order_id.46a62da788
[0m01:55:55.835654 [debug] [Thread-4 (]: Began compiling node test.dbt_finance.not_null_mart_client_trading_summary_account_id.01eec252c5
[0m01:55:55.843179 [debug] [Thread-2 (]: Writing injected SQL for node "test.dbt_finance.relationships_int_trade_enriched_symbol__symbol__ref_stg_dim_security_.75285f5800"
[0m01:55:55.843814 [debug] [Thread-5 (]: Began compiling node test.dbt_finance.not_null_mart_client_trading_summary_fill_rate_pct.db47f0f943
[0m01:55:55.850367 [debug] [Thread-3 (]: Writing injected SQL for node "test.dbt_finance.unique_int_trade_enriched_order_id.46a62da788"
[0m01:55:55.856334 [debug] [Thread-4 (]: Writing injected SQL for node "test.dbt_finance.not_null_mart_client_trading_summary_account_id.01eec252c5"
[0m01:55:55.862907 [debug] [Thread-5 (]: Writing injected SQL for node "test.dbt_finance.not_null_mart_client_trading_summary_fill_rate_pct.db47f0f943"
[0m01:55:55.863716 [debug] [Thread-2 (]: Began executing node test.dbt_finance.relationships_int_trade_enriched_symbol__symbol__ref_stg_dim_security_.75285f5800
[0m01:55:55.864728 [debug] [Thread-3 (]: Began executing node test.dbt_finance.unique_int_trade_enriched_order_id.46a62da788
[0m01:55:55.865526 [debug] [Thread-4 (]: Began executing node test.dbt_finance.not_null_mart_client_trading_summary_account_id.01eec252c5
[0m01:55:55.866537 [debug] [Thread-2 (]: Finished running node test.dbt_finance.relationships_int_trade_enriched_symbol__symbol__ref_stg_dim_security_.75285f5800
[0m01:55:55.867038 [debug] [Thread-5 (]: Began executing node test.dbt_finance.not_null_mart_client_trading_summary_fill_rate_pct.db47f0f943
[0m01:55:55.867920 [debug] [Thread-3 (]: Finished running node test.dbt_finance.unique_int_trade_enriched_order_id.46a62da788
[0m01:55:55.868949 [debug] [Thread-4 (]: Finished running node test.dbt_finance.not_null_mart_client_trading_summary_account_id.01eec252c5
[0m01:55:55.869658 [debug] [Thread-2 (]: Began running node test.dbt_finance.accepted_values_mart_risk_exposure_report_exposure_level__HIGH__MEDIUM__LOW.8239039400
[0m01:55:55.870626 [debug] [Thread-5 (]: Finished running node test.dbt_finance.not_null_mart_client_trading_summary_fill_rate_pct.db47f0f943
[0m01:55:55.871265 [debug] [Thread-3 (]: Began running node test.dbt_finance.not_null_mart_risk_exposure_report_account_id.c6dfdf740c
[0m01:55:55.872129 [debug] [Thread-2 (]: Re-using an available connection from the pool (formerly test.dbt_finance.relationships_int_trade_enriched_symbol__symbol__ref_stg_dim_security_.75285f5800, now test.dbt_finance.accepted_values_mart_risk_exposure_report_exposure_level__HIGH__MEDIUM__LOW.8239039400)
[0m01:55:55.872922 [debug] [Thread-3 (]: Re-using an available connection from the pool (formerly test.dbt_finance.unique_int_trade_enriched_order_id.46a62da788, now test.dbt_finance.not_null_mart_risk_exposure_report_account_id.c6dfdf740c)
[0m01:55:55.873538 [debug] [Thread-2 (]: Began compiling node test.dbt_finance.accepted_values_mart_risk_exposure_report_exposure_level__HIGH__MEDIUM__LOW.8239039400
[0m01:55:55.874043 [debug] [Thread-3 (]: Began compiling node test.dbt_finance.not_null_mart_risk_exposure_report_account_id.c6dfdf740c
[0m01:55:55.882552 [debug] [Thread-2 (]: Writing injected SQL for node "test.dbt_finance.accepted_values_mart_risk_exposure_report_exposure_level__HIGH__MEDIUM__LOW.8239039400"
[0m01:55:55.889170 [debug] [Thread-3 (]: Writing injected SQL for node "test.dbt_finance.not_null_mart_risk_exposure_report_account_id.c6dfdf740c"
[0m01:55:55.890299 [debug] [Thread-2 (]: Began executing node test.dbt_finance.accepted_values_mart_risk_exposure_report_exposure_level__HIGH__MEDIUM__LOW.8239039400
[0m01:55:55.890984 [debug] [Thread-3 (]: Began executing node test.dbt_finance.not_null_mart_risk_exposure_report_account_id.c6dfdf740c
[0m01:55:55.891835 [debug] [Thread-2 (]: Finished running node test.dbt_finance.accepted_values_mart_risk_exposure_report_exposure_level__HIGH__MEDIUM__LOW.8239039400
[0m01:55:55.892738 [debug] [Thread-3 (]: Finished running node test.dbt_finance.not_null_mart_risk_exposure_report_account_id.c6dfdf740c
[0m01:55:55.895423 [debug] [Dummy-1   ]: Connection 'master' was properly closed.
[0m01:55:55.896018 [debug] [Dummy-1   ]: Connection 'test.dbt_finance.accepted_values_mart_risk_exposure_report_exposure_level__HIGH__MEDIUM__LOW.8239039400' was properly closed.
[0m01:55:55.896493 [debug] [Dummy-1   ]: Connection 'test.dbt_finance.not_null_mart_risk_exposure_report_account_id.c6dfdf740c' was properly closed.
[0m01:55:55.896956 [debug] [Dummy-1   ]: Connection 'test.dbt_finance.not_null_mart_client_trading_summary_account_id.01eec252c5' was properly closed.
[0m01:55:55.897366 [debug] [Dummy-1   ]: Connection 'test.dbt_finance.not_null_mart_client_trading_summary_fill_rate_pct.db47f0f943' was properly closed.
[0m01:55:55.902588 [debug] [Dummy-1   ]: Command end result
[0m01:55:55.934800 [debug] [Dummy-1   ]: Wrote artifact WritableManifest to /tmp/dbt/target/manifest.json
[0m01:55:55.937164 [debug] [Dummy-1   ]: Wrote artifact SemanticManifest to /tmp/dbt/target/semantic_manifest.json
[0m01:55:55.945903 [debug] [Dummy-1   ]: Wrote artifact RunExecutionResult to /tmp/dbt/target/run_results.json
[0m01:55:55.947871 [debug] [Dummy-1   ]: Resource report: {"command_name": "compile", "command_success": true, "command_wall_clock_time": 4.3564944, "process_in_blocks": "0", "process_kernel_time": 0.98, "process_mem_max_rss": "512624", "process_out_blocks": "0", "process_user_time": 5.89}
[0m01:55:55.948664 [debug] [Dummy-1   ]: Command `cli compile` succeeded at 01:55:55.948390 after 4.36 seconds
[0m01:55:55.949248 [debug] [Dummy-1   ]: Flushing usage events


============================== 01:56:16.308714 | 86367509-5b5c-451e-9042-22d9749244a3 ==============================
[0m01:56:16.308714 [info ] [Dummy-1   ]: Running with dbt=1.9.4
[0m01:56:16.309669 [debug] [Dummy-1   ]: running dbt with arguments {'printer_width': '80', 'indirect_selection': 'eager', 'log_cache_events': 'False', 'write_json': 'True', 'partial_parse': 'True', 'cache_selected_only': 'False', 'warn_error': 'None', 'debug': 'False', 'fail_fast': 'False', 'log_path': '/tmp/dbt/logs', 'profiles_dir': '/tmp/dbt/', 'version_check': 'True', 'use_colors': 'True', 'use_experimental_parser': 'False', 'no_print': 'None', 'quiet': 'False', 'empty': 'False', 'log_format': 'default', 'introspect': 'True', 'warn_error_options': 'WarnErrorOptions(include=[], exclude=[])', 'invocation_command': 'dbt ', 'target_path': '/tmp/dbt/target/', 'static_parser': 'True', 'send_anonymous_usage_stats': 'False'}
[0m01:56:16.365234 [error] [Dummy-1   ]:  adapter: Invalid profile: 'user' is a required property.
[0m01:56:16.598048 [info ] [Dummy-1   ]: Registered adapter: snowflake=1.9.2
[0m01:56:17.020052 [debug] [Dummy-1   ]: checksum: 6d8301ed5f8f0471e249cbcc8805b42bc5f78a9b258cb4e5c4b012c6ace116b4, vars: {}, profile: , target: prod, version: 1.9.4
[0m01:56:17.298475 [debug] [Dummy-1   ]: Partial parsing enabled: 0 files deleted, 0 files added, 0 files changed.
[0m01:56:17.299088 [debug] [Dummy-1   ]: Partial parsing enabled, no changes found, skipping parsing
[0m01:56:17.450902 [debug] [Dummy-1   ]: Wrote artifact WritableManifest to /tmp/dbt/target/manifest.json
[0m01:56:17.453058 [debug] [Dummy-1   ]: Wrote artifact SemanticManifest to /tmp/dbt/target/semantic_manifest.json
[0m01:56:17.496424 [info ] [Dummy-1   ]: Found 9 models, 33 data tests, 5 sources, 474 macros
[0m01:56:17.499402 [info ] [Dummy-1   ]: 
[0m01:56:17.499972 [info ] [Dummy-1   ]: Concurrency: 4 threads (target='prod')
[0m01:56:17.500415 [info ] [Dummy-1   ]: 
[0m01:56:17.501137 [debug] [Dummy-1   ]: Acquiring new snowflake connection 'master'
[0m01:56:17.506991 [debug] [ThreadPool]: Acquiring new snowflake connection 'list_TEST_SNOWFLAKE_LEANING'
[0m01:56:17.590389 [debug] [ThreadPool]: Using snowflake connection "list_TEST_SNOWFLAKE_LEANING"
[0m01:56:17.590967 [debug] [ThreadPool]: On list_TEST_SNOWFLAKE_LEANING: /* {"app": "dbt", "dbt_version": "1.9.4", "profile_name": "dbt_finance", "target_name": "prod", "connection_name": "list_TEST_SNOWFLAKE_LEANING"} */
show terse schemas in database TEST_SNOWFLAKE_LEANING
    limit 10000
[0m01:56:17.591435 [debug] [ThreadPool]: Opening a new connection, currently in state init
[0m01:56:18.220056 [debug] [ThreadPool]: SQL status: SUCCESS 6 in 0.628 seconds
[0m01:56:18.224621 [debug] [ThreadPool]: Acquiring new snowflake connection 'list_TEST_SNOWFLAKE_LEANING_SCHM_F_SNOWLEARN_01'
[0m01:56:18.238252 [debug] [ThreadPool]: Using snowflake connection "list_TEST_SNOWFLAKE_LEANING_SCHM_F_SNOWLEARN_01"
[0m01:56:18.238807 [debug] [ThreadPool]: On list_TEST_SNOWFLAKE_LEANING_SCHM_F_SNOWLEARN_01: /* {"app": "dbt", "dbt_version": "1.9.4", "profile_name": "dbt_finance", "target_name": "prod", "connection_name": "list_TEST_SNOWFLAKE_LEANING_SCHM_F_SNOWLEARN_01"} */
alter session set quoted_identifiers_ignore_case = false;
[0m01:56:18.239242 [debug] [ThreadPool]: Opening a new connection, currently in state init
[0m01:56:18.678816 [debug] [ThreadPool]: SQL status: SUCCESS 1 in 0.439 seconds
[0m01:56:18.683473 [debug] [ThreadPool]: Using snowflake connection "list_TEST_SNOWFLAKE_LEANING_SCHM_F_SNOWLEARN_01"
[0m01:56:18.684032 [debug] [ThreadPool]: On list_TEST_SNOWFLAKE_LEANING_SCHM_F_SNOWLEARN_01: /* {"app": "dbt", "dbt_version": "1.9.4", "profile_name": "dbt_finance", "target_name": "prod", "connection_name": "list_TEST_SNOWFLAKE_LEANING_SCHM_F_SNOWLEARN_01"} */
show objects in TEST_SNOWFLAKE_LEANING.SCHM_F_SNOWLEARN_01
    limit 10000
    
;
[0m01:56:18.811241 [debug] [ThreadPool]: SQL status: SUCCESS 14 in 0.127 seconds
[0m01:56:18.814132 [debug] [ThreadPool]: Using snowflake connection "list_TEST_SNOWFLAKE_LEANING_SCHM_F_SNOWLEARN_01"
[0m01:56:18.814672 [debug] [ThreadPool]: On list_TEST_SNOWFLAKE_LEANING_SCHM_F_SNOWLEARN_01: /* {"app": "dbt", "dbt_version": "1.9.4", "profile_name": "dbt_finance", "target_name": "prod", "connection_name": "list_TEST_SNOWFLAKE_LEANING_SCHM_F_SNOWLEARN_01"} */
alter session unset quoted_identifiers_ignore_case;
[0m01:56:18.893683 [debug] [ThreadPool]: SQL status: SUCCESS 1 in 0.078 seconds
[0m01:56:18.905387 [debug] [Thread-2 (]: Began running node model.dbt_finance.stg_dim_account
[0m01:56:18.905997 [debug] [Thread-3 (]: Began running node model.dbt_finance.stg_dim_security
[0m01:56:18.906593 [debug] [Thread-4 (]: Began running node model.dbt_finance.stg_raw_fund_nav
[0m01:56:18.907186 [debug] [Thread-5 (]: Began running node model.dbt_finance.stg_raw_stock_quotes
[0m01:56:18.907897 [info ] [Thread-2 (]: 1 of 9 START sql view model SCHM_F_SNOWLEARN_01.stg_dim_account ................ [RUN]
[0m01:56:18.908739 [info ] [Thread-3 (]: 2 of 9 START sql view model SCHM_F_SNOWLEARN_01.stg_dim_security ............... [RUN]
[0m01:56:18.909462 [info ] [Thread-4 (]: 3 of 9 START sql view model SCHM_F_SNOWLEARN_01.stg_raw_fund_nav ............... [RUN]
[0m01:56:18.910154 [info ] [Thread-5 (]: 4 of 9 START sql view model SCHM_F_SNOWLEARN_01.stg_raw_stock_quotes ........... [RUN]
[0m01:56:18.910884 [debug] [Thread-2 (]: Re-using an available connection from the pool (formerly list_TEST_SNOWFLAKE_LEANING_SCHM_F_SNOWLEARN_01, now model.dbt_finance.stg_dim_account)
[0m01:56:18.911466 [debug] [Thread-3 (]: Re-using an available connection from the pool (formerly list_TEST_SNOWFLAKE_LEANING, now model.dbt_finance.stg_dim_security)
[0m01:56:18.912139 [debug] [Thread-4 (]: Acquiring new snowflake connection 'model.dbt_finance.stg_raw_fund_nav'
[0m01:56:18.913062 [debug] [Thread-5 (]: Acquiring new snowflake connection 'model.dbt_finance.stg_raw_stock_quotes'
[0m01:56:18.913577 [debug] [Thread-2 (]: Began compiling node model.dbt_finance.stg_dim_account
[0m01:56:18.914083 [debug] [Thread-3 (]: Began compiling node model.dbt_finance.stg_dim_security
[0m01:56:18.914599 [debug] [Thread-4 (]: Began compiling node model.dbt_finance.stg_raw_fund_nav
[0m01:56:18.915132 [debug] [Thread-5 (]: Began compiling node model.dbt_finance.stg_raw_stock_quotes
[0m01:56:18.924132 [debug] [Thread-2 (]: Writing injected SQL for node "model.dbt_finance.stg_dim_account"
[0m01:56:18.928604 [debug] [Thread-3 (]: Writing injected SQL for node "model.dbt_finance.stg_dim_security"
[0m01:56:18.933077 [debug] [Thread-4 (]: Writing injected SQL for node "model.dbt_finance.stg_raw_fund_nav"
[0m01:56:18.938635 [debug] [Thread-5 (]: Writing injected SQL for node "model.dbt_finance.stg_raw_stock_quotes"
[0m01:56:18.939763 [debug] [Thread-2 (]: Began executing node model.dbt_finance.stg_dim_account
[0m01:56:18.940539 [debug] [Thread-3 (]: Began executing node model.dbt_finance.stg_dim_security
[0m01:56:18.941274 [debug] [Thread-4 (]: Began executing node model.dbt_finance.stg_raw_fund_nav
[0m01:56:18.964268 [debug] [Thread-5 (]: Began executing node model.dbt_finance.stg_raw_stock_quotes
[0m01:56:18.985855 [debug] [Thread-2 (]: Writing runtime sql for node "model.dbt_finance.stg_dim_account"
[0m01:56:18.999446 [debug] [Thread-3 (]: Writing runtime sql for node "model.dbt_finance.stg_dim_security"
[0m01:56:19.003974 [debug] [Thread-4 (]: Writing runtime sql for node "model.dbt_finance.stg_raw_fund_nav"
[0m01:56:19.009258 [debug] [Thread-5 (]: Writing runtime sql for node "model.dbt_finance.stg_raw_stock_quotes"
[0m01:56:19.011378 [debug] [Thread-2 (]: Using snowflake connection "model.dbt_finance.stg_dim_account"
[0m01:56:19.012704 [debug] [Thread-3 (]: Using snowflake connection "model.dbt_finance.stg_dim_security"
[0m01:56:19.013961 [debug] [Thread-4 (]: Using snowflake connection "model.dbt_finance.stg_raw_fund_nav"
[0m01:56:19.014592 [debug] [Thread-2 (]: On model.dbt_finance.stg_dim_account: /* {"app": "dbt", "dbt_version": "1.9.4", "profile_name": "dbt_finance", "target_name": "prod", "node_id": "model.dbt_finance.stg_dim_account"} */
create or replace   view TEST_SNOWFLAKE_LEANING.SCHM_F_SNOWLEARN_01.stg_dim_account
  
   as (
    with ranked as (
    select
        account_key,
        account_id,
        client_name,
        upper(trim(risk_level)) as risk_level,
        upper(trim(account_type)) as account_type,
        open_date,
        is_active,
        datediff('day', open_date, current_date()) as account_age_days,
        etl_updated_at,
        row_number() over (partition by account_id order by etl_updated_at desc) as rn
    from TEST_SNOWFLAKE_LEANING.SCHM_F_SNOWLEARN_01.DIM_ACCOUNT
)

select
    account_key,
    account_id,
    client_name,
    risk_level,
    account_type,
    open_date,
    is_active,
    account_age_days,
    etl_updated_at
from ranked
where rn = 1
  );
[0m01:56:19.015833 [debug] [Thread-5 (]: Using snowflake connection "model.dbt_finance.stg_raw_stock_quotes"
[0m01:56:19.016379 [debug] [Thread-3 (]: On model.dbt_finance.stg_dim_security: /* {"app": "dbt", "dbt_version": "1.9.4", "profile_name": "dbt_finance", "target_name": "prod", "node_id": "model.dbt_finance.stg_dim_security"} */
create or replace   view TEST_SNOWFLAKE_LEANING.SCHM_F_SNOWLEARN_01.stg_dim_security
  
   as (
    select
    security_key,
    upper(trim(symbol)) as symbol,
    security_name,
    exchange,
    sector,
    industry,
    list_date,
    is_active,
    datediff('year', list_date, current_date()) as years_since_listing,
    etl_updated_at
from TEST_SNOWFLAKE_LEANING.SCHM_F_SNOWLEARN_01.DIM_SECURITY
  );
[0m01:56:19.016949 [debug] [Thread-4 (]: On model.dbt_finance.stg_raw_fund_nav: /* {"app": "dbt", "dbt_version": "1.9.4", "profile_name": "dbt_finance", "target_name": "prod", "node_id": "model.dbt_finance.stg_raw_fund_nav"} */
create or replace   view TEST_SNOWFLAKE_LEANING.SCHM_F_SNOWLEARN_01.stg_raw_fund_nav
  
   as (
    select
    upper(trim(fund_code)) as fund_code,
    nav_date,
    unit_nav,
    accumulated_nav,
    daily_return,
    round(daily_return * 100, 4) as daily_return_pct,
    source_file,
    ingestion_ts
from TEST_SNOWFLAKE_LEANING.SCHM_L_SNOWLEARN_01.RAW_FUND_NAV
where fund_code is not null and nav_date is not null
  );
[0m01:56:19.017520 [debug] [Thread-2 (]: Opening a new connection, currently in state init
[0m01:56:19.018189 [debug] [Thread-5 (]: On model.dbt_finance.stg_raw_stock_quotes: /* {"app": "dbt", "dbt_version": "1.9.4", "profile_name": "dbt_finance", "target_name": "prod", "node_id": "model.dbt_finance.stg_raw_stock_quotes"} */
create or replace   view TEST_SNOWFLAKE_LEANING.SCHM_F_SNOWLEARN_01.stg_raw_stock_quotes
  
   as (
    select
    upper(trim(symbol)) as symbol,
    trade_date,
    open_price,
    high_price,
    low_price,
    close_price,
    volume,
    close_price - open_price as daily_change,
    case
        when open_price > 0 then round((close_price - open_price) / open_price * 100, 4)
        else 0
    end as daily_change_pct,
    high_price - low_price as intraday_range,
    ingestion_ts
from TEST_SNOWFLAKE_LEANING.SCHM_L_SNOWLEARN_01.RAW_STOCK_QUOTES
where symbol is not null and trade_date is not null
  );
[0m01:56:19.018748 [debug] [Thread-3 (]: Opening a new connection, currently in state init
[0m01:56:19.019234 [debug] [Thread-4 (]: Opening a new connection, currently in state init
[0m01:56:19.019861 [debug] [Thread-5 (]: Opening a new connection, currently in state init
[0m01:56:20.121910 [debug] [Thread-2 (]: SQL status: SUCCESS 1 in 1.104 seconds
[0m01:56:20.151195 [info ] [Thread-2 (]: 1 of 9 OK created sql view model SCHM_F_SNOWLEARN_01.stg_dim_account ........... [[32mSUCCESS 1[0m in 1.24s]
[0m01:56:20.152023 [debug] [Thread-2 (]: Finished running node model.dbt_finance.stg_dim_account
[0m01:56:20.152652 [debug] [Thread-2 (]: Began running node model.dbt_finance.stg_raw_trade_orders
[0m01:56:20.153460 [info ] [Thread-2 (]: 5 of 9 START sql view model SCHM_F_SNOWLEARN_01.stg_raw_trade_orders ........... [RUN]
[0m01:56:20.154120 [debug] [Thread-2 (]: Re-using an available connection from the pool (formerly model.dbt_finance.stg_dim_account, now model.dbt_finance.stg_raw_trade_orders)
[0m01:56:20.154595 [debug] [Thread-2 (]: Began compiling node model.dbt_finance.stg_raw_trade_orders
[0m01:56:20.159124 [debug] [Thread-2 (]: Writing injected SQL for node "model.dbt_finance.stg_raw_trade_orders"
[0m01:56:20.159894 [debug] [Thread-2 (]: Began executing node model.dbt_finance.stg_raw_trade_orders
[0m01:56:20.164526 [debug] [Thread-2 (]: Writing runtime sql for node "model.dbt_finance.stg_raw_trade_orders"
[0m01:56:20.166095 [debug] [Thread-2 (]: Using snowflake connection "model.dbt_finance.stg_raw_trade_orders"
[0m01:56:20.166656 [debug] [Thread-2 (]: On model.dbt_finance.stg_raw_trade_orders: /* {"app": "dbt", "dbt_version": "1.9.4", "profile_name": "dbt_finance", "target_name": "prod", "node_id": "model.dbt_finance.stg_raw_trade_orders"} */
create or replace   view TEST_SNOWFLAKE_LEANING.SCHM_F_SNOWLEARN_01.stg_raw_trade_orders
  
   as (
    select
    order_id,
    account_id,
    upper(trim(symbol)) as symbol,
    upper(trim(order_type)) as order_type,
    upper(trim(direction)) as direction,
    quantity,
    price,
    round(quantity * price, 4) as computed_total_amount,
    order_time,
    order_time::date as order_date,
    upper(trim(status)) as status,
    source_file,
    ingestion_ts
from TEST_SNOWFLAKE_LEANING.SCHM_L_SNOWLEARN_01.RAW_TRADE_ORDERS
where order_id is not null
  );
[0m01:56:20.167157 [debug] [Thread-2 (]: Opening a new connection, currently in state init
[0m01:56:20.171535 [debug] [Thread-4 (]: SQL status: SUCCESS 1 in 1.152 seconds
[0m01:56:20.172254 [debug] [Thread-3 (]: SQL status: SUCCESS 1 in 1.153 seconds
[0m01:56:20.175263 [info ] [Thread-4 (]: 3 of 9 OK created sql view model SCHM_F_SNOWLEARN_01.stg_raw_fund_nav .......... [[32mSUCCESS 1[0m in 1.26s]
[0m01:56:20.176068 [debug] [Thread-5 (]: SQL status: SUCCESS 1 in 1.156 seconds
[0m01:56:20.178919 [info ] [Thread-3 (]: 2 of 9 OK created sql view model SCHM_F_SNOWLEARN_01.stg_dim_security .......... [[32mSUCCESS 1[0m in 1.27s]
[0m01:56:20.179697 [debug] [Thread-4 (]: Finished running node model.dbt_finance.stg_raw_fund_nav
[0m01:56:20.182460 [info ] [Thread-5 (]: 4 of 9 OK created sql view model SCHM_F_SNOWLEARN_01.stg_raw_stock_quotes ...... [[32mSUCCESS 1[0m in 1.27s]
[0m01:56:20.183193 [debug] [Thread-3 (]: Finished running node model.dbt_finance.stg_dim_security
[0m01:56:20.184062 [debug] [Thread-5 (]: Finished running node model.dbt_finance.stg_raw_stock_quotes
[0m01:56:20.185093 [debug] [Thread-4 (]: Began running node model.dbt_finance.mart_security_daily_performance
[0m01:56:20.185804 [info ] [Thread-4 (]: 6 of 9 START sql table model SCHM_F_SNOWLEARN_01.mart_security_daily_performance  [RUN]
[0m01:56:20.186454 [debug] [Thread-4 (]: Re-using an available connection from the pool (formerly model.dbt_finance.stg_raw_fund_nav, now model.dbt_finance.mart_security_daily_performance)
[0m01:56:20.186935 [debug] [Thread-4 (]: Began compiling node model.dbt_finance.mart_security_daily_performance
[0m01:56:20.193295 [debug] [Thread-4 (]: Writing injected SQL for node "model.dbt_finance.mart_security_daily_performance"
[0m01:56:20.194052 [debug] [Thread-4 (]: Began executing node model.dbt_finance.mart_security_daily_performance
[0m01:56:20.220631 [debug] [Thread-4 (]: Writing runtime sql for node "model.dbt_finance.mart_security_daily_performance"
[0m01:56:20.223148 [debug] [Thread-4 (]: Using snowflake connection "model.dbt_finance.mart_security_daily_performance"
[0m01:56:20.223872 [debug] [Thread-4 (]: On model.dbt_finance.mart_security_daily_performance: /* {"app": "dbt", "dbt_version": "1.9.4", "profile_name": "dbt_finance", "target_name": "prod", "node_id": "model.dbt_finance.mart_security_daily_performance"} */
create or replace transient table TEST_SNOWFLAKE_LEANING.SCHM_F_SNOWLEARN_01.mart_security_daily_performance
         as
        (select
    q.symbol,
    s.security_name,
    s.sector,
    s.industry,
    s.exchange,
    q.trade_date,

    q.open_price,
    q.high_price,
    q.low_price,
    q.close_price,
    q.volume,
    q.daily_change,
    q.daily_change_pct,
    q.intraday_range,

    case
        when q.daily_change_pct > 3 then 'STRONG_UP'
        when q.daily_change_pct > 0 then 'UP'
        when q.daily_change_pct = 0 then 'FLAT'
        when q.daily_change_pct > -3 then 'DOWN'
        else 'STRONG_DOWN'
    end as price_trend,

    case
        when q.volume > 50000000 then 'VERY_HIGH'
        when q.volume > 30000000 then 'HIGH'
        when q.volume > 10000000 then 'MEDIUM'
        else 'LOW'
    end as volume_tier

from TEST_SNOWFLAKE_LEANING.SCHM_F_SNOWLEARN_01.stg_raw_stock_quotes q
left join TEST_SNOWFLAKE_LEANING.SCHM_F_SNOWLEARN_01.stg_dim_security s
    on q.symbol = s.symbol
        );
[0m01:56:20.224422 [debug] [Thread-4 (]: Opening a new connection, currently in state init
[0m01:56:20.905219 [debug] [Thread-2 (]: SQL status: SUCCESS 1 in 0.738 seconds
[0m01:56:20.908852 [info ] [Thread-2 (]: 5 of 9 OK created sql view model SCHM_F_SNOWLEARN_01.stg_raw_trade_orders ...... [[32mSUCCESS 1[0m in 0.75s]
[0m01:56:20.909693 [debug] [Thread-2 (]: Finished running node model.dbt_finance.stg_raw_trade_orders
[0m01:56:20.910633 [debug] [Thread-5 (]: Began running node model.dbt_finance.int_trade_enriched
[0m01:56:20.911401 [info ] [Thread-5 (]: 7 of 9 START sql view model SCHM_F_SNOWLEARN_01.int_trade_enriched ............. [RUN]
[0m01:56:20.912105 [debug] [Thread-5 (]: Re-using an available connection from the pool (formerly model.dbt_finance.stg_raw_stock_quotes, now model.dbt_finance.int_trade_enriched)
[0m01:56:20.912612 [debug] [Thread-5 (]: Began compiling node model.dbt_finance.int_trade_enriched
[0m01:56:20.917599 [debug] [Thread-5 (]: Writing injected SQL for node "model.dbt_finance.int_trade_enriched"
[0m01:56:20.918503 [debug] [Thread-5 (]: Began executing node model.dbt_finance.int_trade_enriched
[0m01:56:20.923230 [debug] [Thread-5 (]: Writing runtime sql for node "model.dbt_finance.int_trade_enriched"
[0m01:56:20.925009 [debug] [Thread-5 (]: Using snowflake connection "model.dbt_finance.int_trade_enriched"
[0m01:56:20.925632 [debug] [Thread-5 (]: On model.dbt_finance.int_trade_enriched: /* {"app": "dbt", "dbt_version": "1.9.4", "profile_name": "dbt_finance", "target_name": "prod", "node_id": "model.dbt_finance.int_trade_enriched"} */
create or replace   view TEST_SNOWFLAKE_LEANING.SCHM_F_SNOWLEARN_01.int_trade_enriched
  
   as (
    select
    t.order_id,
    t.order_date,
    t.order_time,
    t.direction,
    t.order_type,
    t.status,
    t.quantity,
    t.price,
    t.computed_total_amount,

    a.account_key,
    a.account_id,
    a.client_name,
    a.risk_level,
    a.account_type,
    a.is_active as account_is_active,

    s.security_key,
    s.symbol,
    s.security_name,
    s.exchange,
    s.sector,
    s.industry

from TEST_SNOWFLAKE_LEANING.SCHM_F_SNOWLEARN_01.stg_raw_trade_orders t
left join TEST_SNOWFLAKE_LEANING.SCHM_F_SNOWLEARN_01.stg_dim_account a
    on t.account_id = a.account_id
left join TEST_SNOWFLAKE_LEANING.SCHM_F_SNOWLEARN_01.stg_dim_security s
    on t.symbol = s.symbol
  );
[0m01:56:20.926158 [debug] [Thread-5 (]: Opening a new connection, currently in state init
[0m01:56:21.794556 [debug] [Thread-5 (]: SQL status: SUCCESS 1 in 0.868 seconds
[0m01:56:21.797800 [info ] [Thread-5 (]: 7 of 9 OK created sql view model SCHM_F_SNOWLEARN_01.int_trade_enriched ........ [[32mSUCCESS 1[0m in 0.89s]
[0m01:56:21.798672 [debug] [Thread-5 (]: Finished running node model.dbt_finance.int_trade_enriched
[0m01:56:21.799584 [debug] [Thread-2 (]: Began running node model.dbt_finance.mart_client_trading_summary
[0m01:56:21.800138 [debug] [Thread-3 (]: Began running node model.dbt_finance.mart_risk_exposure_report
[0m01:56:21.800888 [info ] [Thread-2 (]: 8 of 9 START sql table model SCHM_F_SNOWLEARN_01.mart_client_trading_summary ... [RUN]
[0m01:56:21.801575 [info ] [Thread-3 (]: 9 of 9 START sql table model SCHM_F_SNOWLEARN_01.mart_risk_exposure_report ..... [RUN]
[0m01:56:21.802257 [debug] [Thread-2 (]: Re-using an available connection from the pool (formerly model.dbt_finance.stg_raw_trade_orders, now model.dbt_finance.mart_client_trading_summary)
[0m01:56:21.802806 [debug] [Thread-3 (]: Re-using an available connection from the pool (formerly model.dbt_finance.stg_dim_security, now model.dbt_finance.mart_risk_exposure_report)
[0m01:56:21.803351 [debug] [Thread-2 (]: Began compiling node model.dbt_finance.mart_client_trading_summary
[0m01:56:21.803835 [debug] [Thread-3 (]: Began compiling node model.dbt_finance.mart_risk_exposure_report
[0m01:56:21.808701 [debug] [Thread-2 (]: Writing injected SQL for node "model.dbt_finance.mart_client_trading_summary"
[0m01:56:21.814625 [debug] [Thread-3 (]: Writing injected SQL for node "model.dbt_finance.mart_risk_exposure_report"
[0m01:56:21.815798 [debug] [Thread-2 (]: Began executing node model.dbt_finance.mart_client_trading_summary
[0m01:56:21.816309 [debug] [Thread-3 (]: Began executing node model.dbt_finance.mart_risk_exposure_report
[0m01:56:21.820783 [debug] [Thread-2 (]: Writing runtime sql for node "model.dbt_finance.mart_client_trading_summary"
[0m01:56:21.825252 [debug] [Thread-3 (]: Writing runtime sql for node "model.dbt_finance.mart_risk_exposure_report"
[0m01:56:21.827886 [debug] [Thread-2 (]: Using snowflake connection "model.dbt_finance.mart_client_trading_summary"
[0m01:56:21.830513 [debug] [Thread-3 (]: Using snowflake connection "model.dbt_finance.mart_risk_exposure_report"
[0m01:56:21.831221 [debug] [Thread-2 (]: On model.dbt_finance.mart_client_trading_summary: /* {"app": "dbt", "dbt_version": "1.9.4", "profile_name": "dbt_finance", "target_name": "prod", "node_id": "model.dbt_finance.mart_client_trading_summary"} */
create or replace transient table TEST_SNOWFLAKE_LEANING.SCHM_F_SNOWLEARN_01.mart_client_trading_summary
         as
        (select
    account_id,
    client_name,
    risk_level,
    account_type,

    count(distinct order_id) as total_orders,
    count(distinct case when status = 'FILLED' then order_id end) as filled_orders,
    count(distinct case when status = 'PARTIAL' then order_id end) as partial_orders,
    count(distinct case when status = 'CANCELLED' then order_id end) as cancelled_orders,

    round(
        count(distinct case when status = 'FILLED' then order_id end) * 100.0
        / nullif(count(distinct order_id), 0),
    2) as fill_rate_pct,

    sum(case when direction = 'BUY' then computed_total_amount else 0 end) as total_buy_amount,
    sum(case when direction = 'SELL' then computed_total_amount else 0 end) as total_sell_amount,
    sum(computed_total_amount) as total_traded_amount,

    sum(case when direction = 'BUY' then quantity else 0 end) as total_shares_bought,
    sum(case when direction = 'SELL' then quantity else 0 end) as total_shares_sold,

    count(distinct symbol) as distinct_securities_traded,
    count(distinct sector) as distinct_sectors,

    min(order_date) as first_trade_date,
    max(order_date) as last_trade_date,
    datediff('day', min(order_date), max(order_date)) as active_trading_days_span

from TEST_SNOWFLAKE_LEANING.SCHM_F_SNOWLEARN_01.int_trade_enriched
where account_id is not null
group by account_id, client_name, risk_level, account_type
        );
[0m01:56:21.832017 [debug] [Thread-3 (]: On model.dbt_finance.mart_risk_exposure_report: /* {"app": "dbt", "dbt_version": "1.9.4", "profile_name": "dbt_finance", "target_name": "prod", "node_id": "model.dbt_finance.mart_risk_exposure_report"} */
create or replace transient table TEST_SNOWFLAKE_LEANING.SCHM_F_SNOWLEARN_01.mart_risk_exposure_report
         as
        (select
    t.account_id,
    t.client_name,
    t.risk_level,
    t.account_type,
    t.sector,
    t.symbol,
    t.security_name,

    sum(case when t.direction = 'BUY' then t.quantity else 0 end)
    - sum(case when t.direction = 'SELL' then t.quantity else 0 end) as net_position_qty,

    sum(case when t.direction = 'BUY' then t.computed_total_amount else 0 end)
    - sum(case when t.direction = 'SELL' then t.computed_total_amount else 0 end) as net_exposure_amount,

    case
        when (sum(case when t.direction = 'BUY' then t.computed_total_amount else 0 end)
              - sum(case when t.direction = 'SELL' then t.computed_total_amount else 0 end)) > 50000
        then 'HIGH'
        when (sum(case when t.direction = 'BUY' then t.computed_total_amount else 0 end)
              - sum(case when t.direction = 'SELL' then t.computed_total_amount else 0 end)) > 20000
        then 'MEDIUM'
        else 'LOW'
    end as exposure_level,

    case
        when t.risk_level = 'HIGH'
             and (sum(case when t.direction = 'BUY' then t.computed_total_amount else 0 end)
                  - sum(case when t.direction = 'SELL' then t.computed_total_amount else 0 end)) > 50000
        then true
        else false
    end as risk_alert_flag,

    count(distinct t.order_id) as trade_count,
    max(t.order_date) as last_trade_date

from TEST_SNOWFLAKE_LEANING.SCHM_F_SNOWLEARN_01.int_trade_enriched t
where t.status in ('FILLED', 'PARTIAL')
group by
    t.account_id, t.client_name, t.risk_level, t.account_type,
    t.sector, t.symbol, t.security_name
        );
[0m01:56:21.832638 [debug] [Thread-2 (]: Opening a new connection, currently in state init
[0m01:56:21.833190 [debug] [Thread-3 (]: Opening a new connection, currently in state init
[0m01:56:21.921717 [debug] [Thread-4 (]: SQL status: SUCCESS 1 in 1.697 seconds
[0m01:56:21.924878 [info ] [Thread-4 (]: 6 of 9 OK created sql table model SCHM_F_SNOWLEARN_01.mart_security_daily_performance  [[32mSUCCESS 1[0m in 1.74s]
[0m01:56:21.925725 [debug] [Thread-4 (]: Finished running node model.dbt_finance.mart_security_daily_performance
[0m01:56:23.403007 [debug] [Thread-2 (]: SQL status: SUCCESS 1 in 1.570 seconds
[0m01:56:23.406120 [info ] [Thread-2 (]: 8 of 9 OK created sql table model SCHM_F_SNOWLEARN_01.mart_client_trading_summary  [[32mSUCCESS 1[0m in 1.60s]
[0m01:56:23.406917 [debug] [Thread-2 (]: Finished running node model.dbt_finance.mart_client_trading_summary
[0m01:56:23.421765 [debug] [Thread-3 (]: SQL status: SUCCESS 1 in 1.588 seconds
[0m01:56:23.425181 [info ] [Thread-3 (]: 9 of 9 OK created sql table model SCHM_F_SNOWLEARN_01.mart_risk_exposure_report  [[32mSUCCESS 1[0m in 1.62s]
[0m01:56:23.425979 [debug] [Thread-3 (]: Finished running node model.dbt_finance.mart_risk_exposure_report
[0m01:56:23.429094 [debug] [Dummy-1   ]: Connection 'master' was properly closed.
[0m01:56:23.429770 [debug] [Dummy-1   ]: Connection 'model.dbt_finance.mart_risk_exposure_report' was properly closed.
[0m01:56:23.430200 [debug] [Dummy-1   ]: Connection 'model.dbt_finance.mart_client_trading_summary' was properly closed.
[0m01:56:23.430635 [debug] [Dummy-1   ]: Connection 'model.dbt_finance.mart_security_daily_performance' was properly closed.
[0m01:56:23.431059 [debug] [Dummy-1   ]: Connection 'model.dbt_finance.int_trade_enriched' was properly closed.
[0m01:56:23.431674 [info ] [Dummy-1   ]: 
[0m01:56:23.432195 [info ] [Dummy-1   ]: Finished running 3 table models, 6 view models in 0 hours 0 minutes and 5.93 seconds (5.93s).
[0m01:56:23.433964 [debug] [Dummy-1   ]: Command end result
[0m01:56:23.465054 [debug] [Dummy-1   ]: Wrote artifact WritableManifest to /tmp/dbt/target/manifest.json
[0m01:56:23.467213 [debug] [Dummy-1   ]: Wrote artifact SemanticManifest to /tmp/dbt/target/semantic_manifest.json
[0m01:56:23.473999 [debug] [Dummy-1   ]: Wrote artifact RunExecutionResult to /tmp/dbt/target/run_results.json
[0m01:56:23.474506 [info ] [Dummy-1   ]: 
[0m01:56:23.475106 [info ] [Dummy-1   ]: [32mCompleted successfully[0m
[0m01:56:23.475599 [info ] [Dummy-1   ]: 
[0m01:56:23.476101 [info ] [Dummy-1   ]: Done. PASS=9 WARN=0 ERROR=0 SKIP=0 TOTAL=9
[0m01:56:23.477872 [debug] [Dummy-1   ]: Resource report: {"command_name": "run", "command_success": true, "command_wall_clock_time": 7.2457724, "process_in_blocks": "0", "process_kernel_time": 0.92, "process_mem_max_rss": "450636", "process_out_blocks": "0", "process_user_time": 4.34}
[0m01:56:23.478621 [debug] [Dummy-1   ]: Command `cli run` succeeded at 01:56:23.478354 after 7.25 seconds
[0m01:56:23.479162 [debug] [Dummy-1   ]: Flushing usage events


============================== 01:56:45.228484 | a1f569d3-4718-4978-99ef-a0fdb2418689 ==============================
[0m01:56:45.228484 [info ] [Dummy-1   ]: Running with dbt=1.9.4
[0m01:56:45.229521 [debug] [Dummy-1   ]: running dbt with arguments {'printer_width': '80', 'indirect_selection': 'eager', 'log_cache_events': 'False', 'write_json': 'True', 'partial_parse': 'True', 'cache_selected_only': 'False', 'profiles_dir': '/tmp/dbt/', 'fail_fast': 'False', 'version_check': 'True', 'log_path': '/tmp/dbt/logs', 'warn_error': 'None', 'debug': 'False', 'use_colors': 'True', 'use_experimental_parser': 'False', 'no_print': 'None', 'quiet': 'False', 'empty': 'None', 'warn_error_options': 'WarnErrorOptions(include=[], exclude=[])', 'invocation_command': 'dbt ', 'introspect': 'True', 'log_format': 'default', 'target_path': '/tmp/dbt/target/', 'static_parser': 'True', 'send_anonymous_usage_stats': 'False'}
[0m01:56:45.288005 [error] [Dummy-1   ]:  adapter: Invalid profile: 'user' is a required property.
[0m01:56:45.528762 [info ] [Dummy-1   ]: Registered adapter: snowflake=1.9.2
[0m01:56:45.951281 [debug] [Dummy-1   ]: checksum: 6d8301ed5f8f0471e249cbcc8805b42bc5f78a9b258cb4e5c4b012c6ace116b4, vars: {}, profile: , target: prod, version: 1.9.4
[0m01:56:46.234349 [debug] [Dummy-1   ]: Partial parsing enabled: 0 files deleted, 0 files added, 0 files changed.
[0m01:56:46.234936 [debug] [Dummy-1   ]: Partial parsing enabled, no changes found, skipping parsing
[0m01:56:46.391036 [debug] [Dummy-1   ]: Wrote artifact WritableManifest to /tmp/dbt/target/manifest.json
[0m01:56:46.393424 [debug] [Dummy-1   ]: Wrote artifact SemanticManifest to /tmp/dbt/target/semantic_manifest.json
[0m01:56:46.455499 [info ] [Dummy-1   ]: Found 9 models, 33 data tests, 5 sources, 474 macros
[0m01:56:46.459829 [info ] [Dummy-1   ]: 
[0m01:56:46.460422 [info ] [Dummy-1   ]: Concurrency: 4 threads (target='prod')
[0m01:56:46.460855 [info ] [Dummy-1   ]: 
[0m01:56:46.461660 [debug] [Dummy-1   ]: Acquiring new snowflake connection 'master'
[0m01:56:46.468339 [debug] [ThreadPool]: Acquiring new snowflake connection 'list_TEST_SNOWFLAKE_LEANING_SCHM_F_SNOWLEARN_01'
[0m01:56:46.559020 [debug] [ThreadPool]: Using snowflake connection "list_TEST_SNOWFLAKE_LEANING_SCHM_F_SNOWLEARN_01"
[0m01:56:46.559655 [debug] [ThreadPool]: On list_TEST_SNOWFLAKE_LEANING_SCHM_F_SNOWLEARN_01: /* {"app": "dbt", "dbt_version": "1.9.4", "profile_name": "dbt_finance", "target_name": "prod", "connection_name": "list_TEST_SNOWFLAKE_LEANING_SCHM_F_SNOWLEARN_01"} */
alter session set quoted_identifiers_ignore_case = false;
[0m01:56:46.560127 [debug] [ThreadPool]: Opening a new connection, currently in state init
[0m01:56:47.034022 [debug] [ThreadPool]: SQL status: SUCCESS 1 in 0.474 seconds
[0m01:56:47.039019 [debug] [ThreadPool]: Using snowflake connection "list_TEST_SNOWFLAKE_LEANING_SCHM_F_SNOWLEARN_01"
[0m01:56:47.039595 [debug] [ThreadPool]: On list_TEST_SNOWFLAKE_LEANING_SCHM_F_SNOWLEARN_01: /* {"app": "dbt", "dbt_version": "1.9.4", "profile_name": "dbt_finance", "target_name": "prod", "connection_name": "list_TEST_SNOWFLAKE_LEANING_SCHM_F_SNOWLEARN_01"} */
show objects in TEST_SNOWFLAKE_LEANING.SCHM_F_SNOWLEARN_01
    limit 10000
    
;
[0m01:56:47.163645 [debug] [ThreadPool]: SQL status: SUCCESS 14 in 0.123 seconds
[0m01:56:47.166310 [debug] [ThreadPool]: Using snowflake connection "list_TEST_SNOWFLAKE_LEANING_SCHM_F_SNOWLEARN_01"
[0m01:56:47.166872 [debug] [ThreadPool]: On list_TEST_SNOWFLAKE_LEANING_SCHM_F_SNOWLEARN_01: /* {"app": "dbt", "dbt_version": "1.9.4", "profile_name": "dbt_finance", "target_name": "prod", "connection_name": "list_TEST_SNOWFLAKE_LEANING_SCHM_F_SNOWLEARN_01"} */
alter session unset quoted_identifiers_ignore_case;
[0m01:56:47.248810 [debug] [ThreadPool]: SQL status: SUCCESS 1 in 0.081 seconds
[0m01:56:47.262334 [debug] [Thread-2 (]: Began running node test.dbt_finance.accepted_values_mart_risk_exposure_report_exposure_level__HIGH__MEDIUM__LOW.8239039400
[0m01:56:47.263025 [debug] [Thread-3 (]: Began running node test.dbt_finance.accepted_values_mart_security_daily_performance_price_trend__STRONG_UP__UP__FLAT__DOWN__STRONG_DOWN.327f2efff7
[0m01:56:47.263641 [debug] [Thread-4 (]: Began running node test.dbt_finance.accepted_values_mart_security_daily_performance_volume_tier__VERY_HIGH__HIGH__MEDIUM__LOW.7f5f297415
[0m01:56:47.264226 [debug] [Thread-5 (]: Began running node test.dbt_finance.accepted_values_stg_dim_account_risk_level__LOW__MEDIUM__HIGH.530b60fec8
[0m01:56:47.264806 [info ] [Thread-2 (]: 1 of 33 START test accepted_values_mart_risk_exposure_report_exposure_level__HIGH__MEDIUM__LOW  [RUN]
[0m01:56:47.265426 [info ] [Thread-3 (]: 2 of 33 START test accepted_values_mart_security_daily_performance_price_trend__STRONG_UP__UP__FLAT__DOWN__STRONG_DOWN  [RUN]
[0m01:56:47.266026 [info ] [Thread-4 (]: 3 of 33 START test accepted_values_mart_security_daily_performance_volume_tier__VERY_HIGH__HIGH__MEDIUM__LOW  [RUN]
[0m01:56:47.266577 [info ] [Thread-5 (]: 4 of 33 START test accepted_values_stg_dim_account_risk_level__LOW__MEDIUM__HIGH  [RUN]
[0m01:56:47.267279 [debug] [Thread-2 (]: Re-using an available connection from the pool (formerly list_TEST_SNOWFLAKE_LEANING_SCHM_F_SNOWLEARN_01, now test.dbt_finance.accepted_values_mart_risk_exposure_report_exposure_level__HIGH__MEDIUM__LOW.8239039400)
[0m01:56:47.268083 [debug] [Thread-3 (]: Acquiring new snowflake connection 'test.dbt_finance.accepted_values_mart_security_daily_performance_price_trend__STRONG_UP__UP__FLAT__DOWN__STRONG_DOWN.327f2efff7'
[0m01:56:47.268812 [debug] [Thread-4 (]: Acquiring new snowflake connection 'test.dbt_finance.accepted_values_mart_security_daily_performance_volume_tier__VERY_HIGH__HIGH__MEDIUM__LOW.7f5f297415'
[0m01:56:47.269493 [debug] [Thread-5 (]: Acquiring new snowflake connection 'test.dbt_finance.accepted_values_stg_dim_account_risk_level__LOW__MEDIUM__HIGH.530b60fec8'
[0m01:56:47.270005 [debug] [Thread-2 (]: Began compiling node test.dbt_finance.accepted_values_mart_risk_exposure_report_exposure_level__HIGH__MEDIUM__LOW.8239039400
[0m01:56:47.270499 [debug] [Thread-3 (]: Began compiling node test.dbt_finance.accepted_values_mart_security_daily_performance_price_trend__STRONG_UP__UP__FLAT__DOWN__STRONG_DOWN.327f2efff7
[0m01:56:47.271000 [debug] [Thread-4 (]: Began compiling node test.dbt_finance.accepted_values_mart_security_daily_performance_volume_tier__VERY_HIGH__HIGH__MEDIUM__LOW.7f5f297415
[0m01:56:47.271465 [debug] [Thread-5 (]: Began compiling node test.dbt_finance.accepted_values_stg_dim_account_risk_level__LOW__MEDIUM__HIGH.530b60fec8
[0m01:56:47.292269 [debug] [Thread-2 (]: Writing injected SQL for node "test.dbt_finance.accepted_values_mart_risk_exposure_report_exposure_level__HIGH__MEDIUM__LOW.8239039400"
[0m01:56:47.303629 [debug] [Thread-3 (]: Writing injected SQL for node "test.dbt_finance.accepted_values_mart_security_daily_performance_price_trend__STRONG_UP__UP__FLAT__DOWN__STRONG_DOWN.327f2efff7"
[0m01:56:47.311751 [debug] [Thread-4 (]: Writing injected SQL for node "test.dbt_finance.accepted_values_mart_security_daily_performance_volume_tier__VERY_HIGH__HIGH__MEDIUM__LOW.7f5f297415"
[0m01:56:47.318307 [debug] [Thread-5 (]: Writing injected SQL for node "test.dbt_finance.accepted_values_stg_dim_account_risk_level__LOW__MEDIUM__HIGH.530b60fec8"
[0m01:56:47.319493 [debug] [Thread-2 (]: Began executing node test.dbt_finance.accepted_values_mart_risk_exposure_report_exposure_level__HIGH__MEDIUM__LOW.8239039400
[0m01:56:47.320470 [debug] [Thread-3 (]: Began executing node test.dbt_finance.accepted_values_mart_security_daily_performance_price_trend__STRONG_UP__UP__FLAT__DOWN__STRONG_DOWN.327f2efff7
[0m01:56:47.321376 [debug] [Thread-4 (]: Began executing node test.dbt_finance.accepted_values_mart_security_daily_performance_volume_tier__VERY_HIGH__HIGH__MEDIUM__LOW.7f5f297415
[0m01:56:47.347617 [debug] [Thread-2 (]: Writing runtime sql for node "test.dbt_finance.accepted_values_mart_risk_exposure_report_exposure_level__HIGH__MEDIUM__LOW.8239039400"
[0m01:56:47.348397 [debug] [Thread-5 (]: Began executing node test.dbt_finance.accepted_values_stg_dim_account_risk_level__LOW__MEDIUM__HIGH.530b60fec8
[0m01:56:47.352888 [debug] [Thread-3 (]: Writing runtime sql for node "test.dbt_finance.accepted_values_mart_security_daily_performance_price_trend__STRONG_UP__UP__FLAT__DOWN__STRONG_DOWN.327f2efff7"
[0m01:56:47.358507 [debug] [Thread-4 (]: Writing runtime sql for node "test.dbt_finance.accepted_values_mart_security_daily_performance_volume_tier__VERY_HIGH__HIGH__MEDIUM__LOW.7f5f297415"
[0m01:56:47.363178 [debug] [Thread-5 (]: Writing runtime sql for node "test.dbt_finance.accepted_values_stg_dim_account_risk_level__LOW__MEDIUM__HIGH.530b60fec8"
[0m01:56:47.364438 [debug] [Thread-2 (]: Using snowflake connection "test.dbt_finance.accepted_values_mart_risk_exposure_report_exposure_level__HIGH__MEDIUM__LOW.8239039400"
[0m01:56:47.366036 [debug] [Thread-3 (]: Using snowflake connection "test.dbt_finance.accepted_values_mart_security_daily_performance_price_trend__STRONG_UP__UP__FLAT__DOWN__STRONG_DOWN.327f2efff7"
[0m01:56:47.367501 [debug] [Thread-4 (]: Using snowflake connection "test.dbt_finance.accepted_values_mart_security_daily_performance_volume_tier__VERY_HIGH__HIGH__MEDIUM__LOW.7f5f297415"
[0m01:56:47.368245 [debug] [Thread-2 (]: On test.dbt_finance.accepted_values_mart_risk_exposure_report_exposure_level__HIGH__MEDIUM__LOW.8239039400: /* {"app": "dbt", "dbt_version": "1.9.4", "profile_name": "dbt_finance", "target_name": "prod", "node_id": "test.dbt_finance.accepted_values_mart_risk_exposure_report_exposure_level__HIGH__MEDIUM__LOW.8239039400"} */
select
      count(*) as failures,
      count(*) != 0 as should_warn,
      count(*) != 0 as should_error
    from (
      
    
    

with all_values as (

    select
        exposure_level as value_field,
        count(*) as n_records

    from TEST_SNOWFLAKE_LEANING.SCHM_F_SNOWLEARN_01.mart_risk_exposure_report
    group by exposure_level

)

select *
from all_values
where value_field not in (
    'HIGH','MEDIUM','LOW'
)



      
    ) dbt_internal_test
[0m01:56:47.369439 [debug] [Thread-5 (]: Using snowflake connection "test.dbt_finance.accepted_values_stg_dim_account_risk_level__LOW__MEDIUM__HIGH.530b60fec8"
[0m01:56:47.370038 [debug] [Thread-3 (]: On test.dbt_finance.accepted_values_mart_security_daily_performance_price_trend__STRONG_UP__UP__FLAT__DOWN__STRONG_DOWN.327f2efff7: /* {"app": "dbt", "dbt_version": "1.9.4", "profile_name": "dbt_finance", "target_name": "prod", "node_id": "test.dbt_finance.accepted_values_mart_security_daily_performance_price_trend__STRONG_UP__UP__FLAT__DOWN__STRONG_DOWN.327f2efff7"} */
select
      count(*) as failures,
      count(*) != 0 as should_warn,
      count(*) != 0 as should_error
    from (
      
    
    

with all_values as (

    select
        price_trend as value_field,
        count(*) as n_records

    from TEST_SNOWFLAKE_LEANING.SCHM_F_SNOWLEARN_01.mart_security_daily_performance
    group by price_trend

)

select *
from all_values
where value_field not in (
    'STRONG_UP','UP','FLAT','DOWN','STRONG_DOWN'
)



      
    ) dbt_internal_test
[0m01:56:47.370630 [debug] [Thread-4 (]: On test.dbt_finance.accepted_values_mart_security_daily_performance_volume_tier__VERY_HIGH__HIGH__MEDIUM__LOW.7f5f297415: /* {"app": "dbt", "dbt_version": "1.9.4", "profile_name": "dbt_finance", "target_name": "prod", "node_id": "test.dbt_finance.accepted_values_mart_security_daily_performance_volume_tier__VERY_HIGH__HIGH__MEDIUM__LOW.7f5f297415"} */
select
      count(*) as failures,
      count(*) != 0 as should_warn,
      count(*) != 0 as should_error
    from (
      
    
    

with all_values as (

    select
        volume_tier as value_field,
        count(*) as n_records

    from TEST_SNOWFLAKE_LEANING.SCHM_F_SNOWLEARN_01.mart_security_daily_performance
    group by volume_tier

)

select *
from all_values
where value_field not in (
    'VERY_HIGH','HIGH','MEDIUM','LOW'
)



      
    ) dbt_internal_test
[0m01:56:47.371144 [debug] [Thread-2 (]: Opening a new connection, currently in state init
[0m01:56:47.371673 [debug] [Thread-5 (]: On test.dbt_finance.accepted_values_stg_dim_account_risk_level__LOW__MEDIUM__HIGH.530b60fec8: /* {"app": "dbt", "dbt_version": "1.9.4", "profile_name": "dbt_finance", "target_name": "prod", "node_id": "test.dbt_finance.accepted_values_stg_dim_account_risk_level__LOW__MEDIUM__HIGH.530b60fec8"} */
select
      count(*) as failures,
      count(*) != 0 as should_warn,
      count(*) != 0 as should_error
    from (
      
    
    

with all_values as (

    select
        risk_level as value_field,
        count(*) as n_records

    from TEST_SNOWFLAKE_LEANING.SCHM_F_SNOWLEARN_01.stg_dim_account
    group by risk_level

)

select *
from all_values
where value_field not in (
    'LOW','MEDIUM','HIGH'
)



      
    ) dbt_internal_test
[0m01:56:47.372212 [debug] [Thread-3 (]: Opening a new connection, currently in state init
[0m01:56:47.372677 [debug] [Thread-4 (]: Opening a new connection, currently in state init
[0m01:56:47.373299 [debug] [Thread-5 (]: Opening a new connection, currently in state init
[0m01:56:48.101363 [debug] [Thread-3 (]: SQL status: SUCCESS 1 in 0.729 seconds
[0m01:56:48.111708 [info ] [Thread-3 (]: 2 of 33 PASS accepted_values_mart_security_daily_performance_price_trend__STRONG_UP__UP__FLAT__DOWN__STRONG_DOWN  [[32mPASS[0m in 0.84s]
[0m01:56:48.112716 [debug] [Thread-3 (]: Finished running node test.dbt_finance.accepted_values_mart_security_daily_performance_price_trend__STRONG_UP__UP__FLAT__DOWN__STRONG_DOWN.327f2efff7
[0m01:56:48.113766 [debug] [Thread-4 (]: SQL status: SUCCESS 1 in 0.741 seconds
[0m01:56:48.114538 [debug] [Thread-5 (]: SQL status: SUCCESS 1 in 0.741 seconds
[0m01:56:48.115281 [debug] [Thread-3 (]: Began running node test.dbt_finance.accepted_values_stg_raw_trade_orders_direction__BUY__SELL.d6d0f8e60e
[0m01:56:48.118246 [info ] [Thread-4 (]: 3 of 33 PASS accepted_values_mart_security_daily_performance_volume_tier__VERY_HIGH__HIGH__MEDIUM__LOW  [[32mPASS[0m in 0.85s]
[0m01:56:48.120901 [info ] [Thread-5 (]: 4 of 33 PASS accepted_values_stg_dim_account_risk_level__LOW__MEDIUM__HIGH ..... [[32mPASS[0m in 0.85s]
[0m01:56:48.121656 [info ] [Thread-3 (]: 5 of 33 START test accepted_values_stg_raw_trade_orders_direction__BUY__SELL ... [RUN]
[0m01:56:48.122460 [debug] [Thread-4 (]: Finished running node test.dbt_finance.accepted_values_mart_security_daily_performance_volume_tier__VERY_HIGH__HIGH__MEDIUM__LOW.7f5f297415
[0m01:56:48.123184 [debug] [Thread-5 (]: Finished running node test.dbt_finance.accepted_values_stg_dim_account_risk_level__LOW__MEDIUM__HIGH.530b60fec8
[0m01:56:48.123870 [debug] [Thread-3 (]: Re-using an available connection from the pool (formerly test.dbt_finance.accepted_values_mart_security_daily_performance_price_trend__STRONG_UP__UP__FLAT__DOWN__STRONG_DOWN.327f2efff7, now test.dbt_finance.accepted_values_stg_raw_trade_orders_direction__BUY__SELL.d6d0f8e60e)
[0m01:56:48.124586 [debug] [Thread-4 (]: Began running node test.dbt_finance.accepted_values_stg_raw_trade_orders_order_type__LIMIT__MARKET.b2d921fb3f
[0m01:56:48.125380 [debug] [Thread-5 (]: Began running node test.dbt_finance.accepted_values_stg_raw_trade_orders_status__FILLED__PARTIAL__CANCELLED.65213b3958
[0m01:56:48.126155 [debug] [Thread-3 (]: Began compiling node test.dbt_finance.accepted_values_stg_raw_trade_orders_direction__BUY__SELL.d6d0f8e60e
[0m01:56:48.127047 [debug] [Thread-2 (]: SQL status: SUCCESS 1 in 0.756 seconds
[0m01:56:48.127698 [info ] [Thread-4 (]: 6 of 33 START test accepted_values_stg_raw_trade_orders_order_type__LIMIT__MARKET  [RUN]
[0m01:56:48.128482 [info ] [Thread-5 (]: 7 of 33 START test accepted_values_stg_raw_trade_orders_status__FILLED__PARTIAL__CANCELLED  [RUN]
[0m01:56:48.136829 [debug] [Thread-3 (]: Writing injected SQL for node "test.dbt_finance.accepted_values_stg_raw_trade_orders_direction__BUY__SELL.d6d0f8e60e"
[0m01:56:48.139590 [info ] [Thread-2 (]: 1 of 33 PASS accepted_values_mart_risk_exposure_report_exposure_level__HIGH__MEDIUM__LOW  [[32mPASS[0m in 0.87s]
[0m01:56:48.140404 [debug] [Thread-4 (]: Re-using an available connection from the pool (formerly test.dbt_finance.accepted_values_mart_security_daily_performance_volume_tier__VERY_HIGH__HIGH__MEDIUM__LOW.7f5f297415, now test.dbt_finance.accepted_values_stg_raw_trade_orders_order_type__LIMIT__MARKET.b2d921fb3f)
[0m01:56:48.141047 [debug] [Thread-5 (]: Re-using an available connection from the pool (formerly test.dbt_finance.accepted_values_stg_dim_account_risk_level__LOW__MEDIUM__HIGH.530b60fec8, now test.dbt_finance.accepted_values_stg_raw_trade_orders_status__FILLED__PARTIAL__CANCELLED.65213b3958)
[0m01:56:48.141989 [debug] [Thread-2 (]: Finished running node test.dbt_finance.accepted_values_mart_risk_exposure_report_exposure_level__HIGH__MEDIUM__LOW.8239039400
[0m01:56:48.142672 [debug] [Thread-3 (]: Began executing node test.dbt_finance.accepted_values_stg_raw_trade_orders_direction__BUY__SELL.d6d0f8e60e
[0m01:56:48.143131 [debug] [Thread-4 (]: Began compiling node test.dbt_finance.accepted_values_stg_raw_trade_orders_order_type__LIMIT__MARKET.b2d921fb3f
[0m01:56:48.143670 [debug] [Thread-5 (]: Began compiling node test.dbt_finance.accepted_values_stg_raw_trade_orders_status__FILLED__PARTIAL__CANCELLED.65213b3958
[0m01:56:48.144310 [debug] [Thread-2 (]: Began running node test.dbt_finance.not_null_int_trade_enriched_client_name.944715ff28
[0m01:56:48.148744 [debug] [Thread-3 (]: Writing runtime sql for node "test.dbt_finance.accepted_values_stg_raw_trade_orders_direction__BUY__SELL.d6d0f8e60e"
[0m01:56:48.158267 [debug] [Thread-4 (]: Writing injected SQL for node "test.dbt_finance.accepted_values_stg_raw_trade_orders_order_type__LIMIT__MARKET.b2d921fb3f"
[0m01:56:48.166540 [debug] [Thread-5 (]: Writing injected SQL for node "test.dbt_finance.accepted_values_stg_raw_trade_orders_status__FILLED__PARTIAL__CANCELLED.65213b3958"
[0m01:56:48.167271 [info ] [Thread-2 (]: 8 of 33 START test not_null_int_trade_enriched_client_name ..................... [RUN]
[0m01:56:48.169774 [debug] [Thread-3 (]: Using snowflake connection "test.dbt_finance.accepted_values_stg_raw_trade_orders_direction__BUY__SELL.d6d0f8e60e"
[0m01:56:48.170614 [debug] [Thread-4 (]: Began executing node test.dbt_finance.accepted_values_stg_raw_trade_orders_order_type__LIMIT__MARKET.b2d921fb3f
[0m01:56:48.171443 [debug] [Thread-2 (]: Re-using an available connection from the pool (formerly test.dbt_finance.accepted_values_mart_risk_exposure_report_exposure_level__HIGH__MEDIUM__LOW.8239039400, now test.dbt_finance.not_null_int_trade_enriched_client_name.944715ff28)
[0m01:56:48.172009 [debug] [Thread-5 (]: Began executing node test.dbt_finance.accepted_values_stg_raw_trade_orders_status__FILLED__PARTIAL__CANCELLED.65213b3958
[0m01:56:48.172648 [debug] [Thread-3 (]: On test.dbt_finance.accepted_values_stg_raw_trade_orders_direction__BUY__SELL.d6d0f8e60e: /* {"app": "dbt", "dbt_version": "1.9.4", "profile_name": "dbt_finance", "target_name": "prod", "node_id": "test.dbt_finance.accepted_values_stg_raw_trade_orders_direction__BUY__SELL.d6d0f8e60e"} */
select
      count(*) as failures,
      count(*) != 0 as should_warn,
      count(*) != 0 as should_error
    from (
      
    
    

with all_values as (

    select
        direction as value_field,
        count(*) as n_records

    from TEST_SNOWFLAKE_LEANING.SCHM_F_SNOWLEARN_01.stg_raw_trade_orders
    group by direction

)

select *
from all_values
where value_field not in (
    'BUY','SELL'
)



      
    ) dbt_internal_test
[0m01:56:48.177154 [debug] [Thread-4 (]: Writing runtime sql for node "test.dbt_finance.accepted_values_stg_raw_trade_orders_order_type__LIMIT__MARKET.b2d921fb3f"
[0m01:56:48.177815 [debug] [Thread-2 (]: Began compiling node test.dbt_finance.not_null_int_trade_enriched_client_name.944715ff28
[0m01:56:48.182214 [debug] [Thread-5 (]: Writing runtime sql for node "test.dbt_finance.accepted_values_stg_raw_trade_orders_status__FILLED__PARTIAL__CANCELLED.65213b3958"
[0m01:56:48.182873 [debug] [Thread-3 (]: Opening a new connection, currently in state init
[0m01:56:48.194065 [debug] [Thread-2 (]: Writing injected SQL for node "test.dbt_finance.not_null_int_trade_enriched_client_name.944715ff28"
[0m01:56:48.195409 [debug] [Thread-4 (]: Using snowflake connection "test.dbt_finance.accepted_values_stg_raw_trade_orders_order_type__LIMIT__MARKET.b2d921fb3f"
[0m01:56:48.197136 [debug] [Thread-5 (]: Using snowflake connection "test.dbt_finance.accepted_values_stg_raw_trade_orders_status__FILLED__PARTIAL__CANCELLED.65213b3958"
[0m01:56:48.198191 [debug] [Thread-4 (]: On test.dbt_finance.accepted_values_stg_raw_trade_orders_order_type__LIMIT__MARKET.b2d921fb3f: /* {"app": "dbt", "dbt_version": "1.9.4", "profile_name": "dbt_finance", "target_name": "prod", "node_id": "test.dbt_finance.accepted_values_stg_raw_trade_orders_order_type__LIMIT__MARKET.b2d921fb3f"} */
select
      count(*) as failures,
      count(*) != 0 as should_warn,
      count(*) != 0 as should_error
    from (
      
    
    

with all_values as (

    select
        order_type as value_field,
        count(*) as n_records

    from TEST_SNOWFLAKE_LEANING.SCHM_F_SNOWLEARN_01.stg_raw_trade_orders
    group by order_type

)

select *
from all_values
where value_field not in (
    'LIMIT','MARKET'
)



      
    ) dbt_internal_test
[0m01:56:48.198969 [debug] [Thread-2 (]: Began executing node test.dbt_finance.not_null_int_trade_enriched_client_name.944715ff28
[0m01:56:48.199593 [debug] [Thread-5 (]: On test.dbt_finance.accepted_values_stg_raw_trade_orders_status__FILLED__PARTIAL__CANCELLED.65213b3958: /* {"app": "dbt", "dbt_version": "1.9.4", "profile_name": "dbt_finance", "target_name": "prod", "node_id": "test.dbt_finance.accepted_values_stg_raw_trade_orders_status__FILLED__PARTIAL__CANCELLED.65213b3958"} */
select
      count(*) as failures,
      count(*) != 0 as should_warn,
      count(*) != 0 as should_error
    from (
      
    
    

with all_values as (

    select
        status as value_field,
        count(*) as n_records

    from TEST_SNOWFLAKE_LEANING.SCHM_F_SNOWLEARN_01.stg_raw_trade_orders
    group by status

)

select *
from all_values
where value_field not in (
    'FILLED','PARTIAL','CANCELLED'
)



      
    ) dbt_internal_test
[0m01:56:48.200235 [debug] [Thread-4 (]: Opening a new connection, currently in state init
[0m01:56:48.204637 [debug] [Thread-2 (]: Writing runtime sql for node "test.dbt_finance.not_null_int_trade_enriched_client_name.944715ff28"
[0m01:56:48.205322 [debug] [Thread-5 (]: Opening a new connection, currently in state init
[0m01:56:48.206933 [debug] [Thread-2 (]: Using snowflake connection "test.dbt_finance.not_null_int_trade_enriched_client_name.944715ff28"
[0m01:56:48.207536 [debug] [Thread-2 (]: On test.dbt_finance.not_null_int_trade_enriched_client_name.944715ff28: /* {"app": "dbt", "dbt_version": "1.9.4", "profile_name": "dbt_finance", "target_name": "prod", "node_id": "test.dbt_finance.not_null_int_trade_enriched_client_name.944715ff28"} */
select
      count(*) as failures,
      count(*) != 0 as should_warn,
      count(*) != 0 as should_error
    from (
      
    
    



select client_name
from TEST_SNOWFLAKE_LEANING.SCHM_F_SNOWLEARN_01.int_trade_enriched
where client_name is null



      
    ) dbt_internal_test
[0m01:56:48.208189 [debug] [Thread-2 (]: Opening a new connection, currently in state init
[0m01:56:48.776214 [debug] [Thread-3 (]: SQL status: SUCCESS 1 in 0.593 seconds
[0m01:56:48.777077 [debug] [Thread-5 (]: SQL status: SUCCESS 1 in 0.572 seconds
[0m01:56:48.777799 [debug] [Thread-4 (]: SQL status: SUCCESS 1 in 0.578 seconds
[0m01:56:48.780431 [info ] [Thread-3 (]: 5 of 33 PASS accepted_values_stg_raw_trade_orders_direction__BUY__SELL ......... [[32mPASS[0m in 0.66s]
[0m01:56:48.782934 [info ] [Thread-5 (]: 7 of 33 PASS accepted_values_stg_raw_trade_orders_status__FILLED__PARTIAL__CANCELLED  [[32mPASS[0m in 0.64s]
[0m01:56:48.785399 [info ] [Thread-4 (]: 6 of 33 PASS accepted_values_stg_raw_trade_orders_order_type__LIMIT__MARKET .... [[32mPASS[0m in 0.64s]
[0m01:56:48.786274 [debug] [Thread-3 (]: Finished running node test.dbt_finance.accepted_values_stg_raw_trade_orders_direction__BUY__SELL.d6d0f8e60e
[0m01:56:48.787079 [debug] [Thread-5 (]: Finished running node test.dbt_finance.accepted_values_stg_raw_trade_orders_status__FILLED__PARTIAL__CANCELLED.65213b3958
[0m01:56:48.787835 [debug] [Thread-4 (]: Finished running node test.dbt_finance.accepted_values_stg_raw_trade_orders_order_type__LIMIT__MARKET.b2d921fb3f
[0m01:56:48.788699 [debug] [Thread-3 (]: Began running node test.dbt_finance.not_null_int_trade_enriched_order_id.752c3ca6fc
[0m01:56:48.789413 [debug] [Thread-5 (]: Began running node test.dbt_finance.not_null_int_trade_enriched_symbol.201cdc7981
[0m01:56:48.790066 [debug] [Thread-4 (]: Began running node test.dbt_finance.not_null_mart_client_trading_summary_account_id.01eec252c5
[0m01:56:48.790680 [info ] [Thread-3 (]: 9 of 33 START test not_null_int_trade_enriched_order_id ........................ [RUN]
[0m01:56:48.791272 [info ] [Thread-5 (]: 10 of 33 START test not_null_int_trade_enriched_symbol ......................... [RUN]
[0m01:56:48.791805 [info ] [Thread-4 (]: 11 of 33 START test not_null_mart_client_trading_summary_account_id ............ [RUN]
[0m01:56:48.792488 [debug] [Thread-3 (]: Re-using an available connection from the pool (formerly test.dbt_finance.accepted_values_stg_raw_trade_orders_direction__BUY__SELL.d6d0f8e60e, now test.dbt_finance.not_null_int_trade_enriched_order_id.752c3ca6fc)
[0m01:56:48.793119 [debug] [Thread-5 (]: Re-using an available connection from the pool (formerly test.dbt_finance.accepted_values_stg_raw_trade_orders_status__FILLED__PARTIAL__CANCELLED.65213b3958, now test.dbt_finance.not_null_int_trade_enriched_symbol.201cdc7981)
[0m01:56:48.793719 [debug] [Thread-4 (]: Re-using an available connection from the pool (formerly test.dbt_finance.accepted_values_stg_raw_trade_orders_order_type__LIMIT__MARKET.b2d921fb3f, now test.dbt_finance.not_null_mart_client_trading_summary_account_id.01eec252c5)
[0m01:56:48.794254 [debug] [Thread-3 (]: Began compiling node test.dbt_finance.not_null_int_trade_enriched_order_id.752c3ca6fc
[0m01:56:48.794772 [debug] [Thread-5 (]: Began compiling node test.dbt_finance.not_null_int_trade_enriched_symbol.201cdc7981
[0m01:56:48.795341 [debug] [Thread-4 (]: Began compiling node test.dbt_finance.not_null_mart_client_trading_summary_account_id.01eec252c5
[0m01:56:48.802293 [debug] [Thread-3 (]: Writing injected SQL for node "test.dbt_finance.not_null_int_trade_enriched_order_id.752c3ca6fc"
[0m01:56:48.808669 [debug] [Thread-5 (]: Writing injected SQL for node "test.dbt_finance.not_null_int_trade_enriched_symbol.201cdc7981"
[0m01:56:48.816581 [debug] [Thread-4 (]: Writing injected SQL for node "test.dbt_finance.not_null_mart_client_trading_summary_account_id.01eec252c5"
[0m01:56:48.817810 [debug] [Thread-3 (]: Began executing node test.dbt_finance.not_null_int_trade_enriched_order_id.752c3ca6fc
[0m01:56:48.818718 [debug] [Thread-5 (]: Began executing node test.dbt_finance.not_null_int_trade_enriched_symbol.201cdc7981
[0m01:56:48.822954 [debug] [Thread-3 (]: Writing runtime sql for node "test.dbt_finance.not_null_int_trade_enriched_order_id.752c3ca6fc"
[0m01:56:48.823585 [debug] [Thread-4 (]: Began executing node test.dbt_finance.not_null_mart_client_trading_summary_account_id.01eec252c5
[0m01:56:48.827730 [debug] [Thread-5 (]: Writing runtime sql for node "test.dbt_finance.not_null_int_trade_enriched_symbol.201cdc7981"
[0m01:56:48.832237 [debug] [Thread-4 (]: Writing runtime sql for node "test.dbt_finance.not_null_mart_client_trading_summary_account_id.01eec252c5"
[0m01:56:48.833559 [debug] [Thread-3 (]: Using snowflake connection "test.dbt_finance.not_null_int_trade_enriched_order_id.752c3ca6fc"
[0m01:56:48.835038 [debug] [Thread-5 (]: Using snowflake connection "test.dbt_finance.not_null_int_trade_enriched_symbol.201cdc7981"
[0m01:56:48.835778 [debug] [Thread-3 (]: On test.dbt_finance.not_null_int_trade_enriched_order_id.752c3ca6fc: /* {"app": "dbt", "dbt_version": "1.9.4", "profile_name": "dbt_finance", "target_name": "prod", "node_id": "test.dbt_finance.not_null_int_trade_enriched_order_id.752c3ca6fc"} */
select
      count(*) as failures,
      count(*) != 0 as should_warn,
      count(*) != 0 as should_error
    from (
      
    
    



select order_id
from TEST_SNOWFLAKE_LEANING.SCHM_F_SNOWLEARN_01.int_trade_enriched
where order_id is null



      
    ) dbt_internal_test
[0m01:56:48.836863 [debug] [Thread-4 (]: Using snowflake connection "test.dbt_finance.not_null_mart_client_trading_summary_account_id.01eec252c5"
[0m01:56:48.837453 [debug] [Thread-5 (]: On test.dbt_finance.not_null_int_trade_enriched_symbol.201cdc7981: /* {"app": "dbt", "dbt_version": "1.9.4", "profile_name": "dbt_finance", "target_name": "prod", "node_id": "test.dbt_finance.not_null_int_trade_enriched_symbol.201cdc7981"} */
select
      count(*) as failures,
      count(*) != 0 as should_warn,
      count(*) != 0 as should_error
    from (
      
    
    



select symbol
from TEST_SNOWFLAKE_LEANING.SCHM_F_SNOWLEARN_01.int_trade_enriched
where symbol is null



      
    ) dbt_internal_test
[0m01:56:48.838138 [debug] [Thread-3 (]: Opening a new connection, currently in state init
[0m01:56:48.838761 [debug] [Thread-4 (]: On test.dbt_finance.not_null_mart_client_trading_summary_account_id.01eec252c5: /* {"app": "dbt", "dbt_version": "1.9.4", "profile_name": "dbt_finance", "target_name": "prod", "node_id": "test.dbt_finance.not_null_mart_client_trading_summary_account_id.01eec252c5"} */
select
      count(*) as failures,
      count(*) != 0 as should_warn,
      count(*) != 0 as should_error
    from (
      
    
    



select account_id
from TEST_SNOWFLAKE_LEANING.SCHM_F_SNOWLEARN_01.mart_client_trading_summary
where account_id is null



      
    ) dbt_internal_test
[0m01:56:48.839315 [debug] [Thread-5 (]: Opening a new connection, currently in state init
[0m01:56:48.840812 [debug] [Thread-4 (]: Opening a new connection, currently in state init
[0m01:56:48.956157 [debug] [Thread-2 (]: SQL status: SUCCESS 1 in 0.748 seconds
[0m01:56:48.958959 [info ] [Thread-2 (]: 8 of 33 PASS not_null_int_trade_enriched_client_name ........................... [[32mPASS[0m in 0.79s]
[0m01:56:48.959815 [debug] [Thread-2 (]: Finished running node test.dbt_finance.not_null_int_trade_enriched_client_name.944715ff28
[0m01:56:48.960479 [debug] [Thread-2 (]: Began running node test.dbt_finance.not_null_mart_client_trading_summary_fill_rate_pct.db47f0f943
[0m01:56:48.961178 [info ] [Thread-2 (]: 12 of 33 START test not_null_mart_client_trading_summary_fill_rate_pct ......... [RUN]
[0m01:56:48.961852 [debug] [Thread-2 (]: Re-using an available connection from the pool (formerly test.dbt_finance.not_null_int_trade_enriched_client_name.944715ff28, now test.dbt_finance.not_null_mart_client_trading_summary_fill_rate_pct.db47f0f943)
[0m01:56:48.962345 [debug] [Thread-2 (]: Began compiling node test.dbt_finance.not_null_mart_client_trading_summary_fill_rate_pct.db47f0f943
[0m01:56:48.968691 [debug] [Thread-2 (]: Writing injected SQL for node "test.dbt_finance.not_null_mart_client_trading_summary_fill_rate_pct.db47f0f943"
[0m01:56:48.969526 [debug] [Thread-2 (]: Began executing node test.dbt_finance.not_null_mart_client_trading_summary_fill_rate_pct.db47f0f943
[0m01:56:48.974824 [debug] [Thread-2 (]: Writing runtime sql for node "test.dbt_finance.not_null_mart_client_trading_summary_fill_rate_pct.db47f0f943"
[0m01:56:48.976051 [debug] [Thread-2 (]: Using snowflake connection "test.dbt_finance.not_null_mart_client_trading_summary_fill_rate_pct.db47f0f943"
[0m01:56:48.976607 [debug] [Thread-2 (]: On test.dbt_finance.not_null_mart_client_trading_summary_fill_rate_pct.db47f0f943: /* {"app": "dbt", "dbt_version": "1.9.4", "profile_name": "dbt_finance", "target_name": "prod", "node_id": "test.dbt_finance.not_null_mart_client_trading_summary_fill_rate_pct.db47f0f943"} */
select
      count(*) as failures,
      count(*) != 0 as should_warn,
      count(*) != 0 as should_error
    from (
      
    
    



select fill_rate_pct
from TEST_SNOWFLAKE_LEANING.SCHM_F_SNOWLEARN_01.mart_client_trading_summary
where fill_rate_pct is null



      
    ) dbt_internal_test
[0m01:56:48.977139 [debug] [Thread-2 (]: Opening a new connection, currently in state init
[0m01:56:49.501182 [debug] [Thread-4 (]: SQL status: SUCCESS 1 in 0.661 seconds
[0m01:56:49.503778 [info ] [Thread-4 (]: 11 of 33 PASS not_null_mart_client_trading_summary_account_id .................. [[32mPASS[0m in 0.71s]
[0m01:56:49.504599 [debug] [Thread-4 (]: Finished running node test.dbt_finance.not_null_mart_client_trading_summary_account_id.01eec252c5
[0m01:56:49.505244 [debug] [Thread-4 (]: Began running node test.dbt_finance.not_null_mart_risk_exposure_report_account_id.c6dfdf740c
[0m01:56:49.505902 [info ] [Thread-4 (]: 13 of 33 START test not_null_mart_risk_exposure_report_account_id .............. [RUN]
[0m01:56:49.506566 [debug] [Thread-4 (]: Re-using an available connection from the pool (formerly test.dbt_finance.not_null_mart_client_trading_summary_account_id.01eec252c5, now test.dbt_finance.not_null_mart_risk_exposure_report_account_id.c6dfdf740c)
[0m01:56:49.507075 [debug] [Thread-4 (]: Began compiling node test.dbt_finance.not_null_mart_risk_exposure_report_account_id.c6dfdf740c
[0m01:56:49.513544 [debug] [Thread-4 (]: Writing injected SQL for node "test.dbt_finance.not_null_mart_risk_exposure_report_account_id.c6dfdf740c"
[0m01:56:49.514449 [debug] [Thread-4 (]: Began executing node test.dbt_finance.not_null_mart_risk_exposure_report_account_id.c6dfdf740c
[0m01:56:49.518984 [debug] [Thread-4 (]: Writing runtime sql for node "test.dbt_finance.not_null_mart_risk_exposure_report_account_id.c6dfdf740c"
[0m01:56:49.520290 [debug] [Thread-4 (]: Using snowflake connection "test.dbt_finance.not_null_mart_risk_exposure_report_account_id.c6dfdf740c"
[0m01:56:49.520845 [debug] [Thread-4 (]: On test.dbt_finance.not_null_mart_risk_exposure_report_account_id.c6dfdf740c: /* {"app": "dbt", "dbt_version": "1.9.4", "profile_name": "dbt_finance", "target_name": "prod", "node_id": "test.dbt_finance.not_null_mart_risk_exposure_report_account_id.c6dfdf740c"} */
select
      count(*) as failures,
      count(*) != 0 as should_warn,
      count(*) != 0 as should_error
    from (
      
    
    



select account_id
from TEST_SNOWFLAKE_LEANING.SCHM_F_SNOWLEARN_01.mart_risk_exposure_report
where account_id is null



      
    ) dbt_internal_test
[0m01:56:49.521352 [debug] [Thread-4 (]: Opening a new connection, currently in state init
[0m01:56:49.558111 [debug] [Thread-5 (]: SQL status: SUCCESS 1 in 0.718 seconds
[0m01:56:49.558984 [debug] [Thread-2 (]: SQL status: SUCCESS 1 in 0.582 seconds
[0m01:56:49.561527 [info ] [Thread-5 (]: 10 of 33 PASS not_null_int_trade_enriched_symbol ............................... [[32mPASS[0m in 0.77s]
[0m01:56:49.564089 [info ] [Thread-2 (]: 12 of 33 PASS not_null_mart_client_trading_summary_fill_rate_pct ............... [[32mPASS[0m in 0.60s]
[0m01:56:49.564983 [debug] [Thread-5 (]: Finished running node test.dbt_finance.not_null_int_trade_enriched_symbol.201cdc7981
[0m01:56:49.565725 [debug] [Thread-2 (]: Finished running node test.dbt_finance.not_null_mart_client_trading_summary_fill_rate_pct.db47f0f943
[0m01:56:49.566360 [debug] [Thread-5 (]: Began running node test.dbt_finance.not_null_mart_security_daily_performance_symbol.304c0f0e8a
[0m01:56:49.567039 [debug] [Thread-2 (]: Began running node test.dbt_finance.not_null_mart_security_daily_performance_trade_date.520dc4e6eb
[0m01:56:49.567656 [info ] [Thread-5 (]: 14 of 33 START test not_null_mart_security_daily_performance_symbol ............ [RUN]
[0m01:56:49.568408 [info ] [Thread-2 (]: 15 of 33 START test not_null_mart_security_daily_performance_trade_date ........ [RUN]
[0m01:56:49.569172 [debug] [Thread-5 (]: Re-using an available connection from the pool (formerly test.dbt_finance.not_null_int_trade_enriched_symbol.201cdc7981, now test.dbt_finance.not_null_mart_security_daily_performance_symbol.304c0f0e8a)
[0m01:56:49.569810 [debug] [Thread-2 (]: Re-using an available connection from the pool (formerly test.dbt_finance.not_null_mart_client_trading_summary_fill_rate_pct.db47f0f943, now test.dbt_finance.not_null_mart_security_daily_performance_trade_date.520dc4e6eb)
[0m01:56:49.570431 [debug] [Thread-5 (]: Began compiling node test.dbt_finance.not_null_mart_security_daily_performance_symbol.304c0f0e8a
[0m01:56:49.570986 [debug] [Thread-2 (]: Began compiling node test.dbt_finance.not_null_mart_security_daily_performance_trade_date.520dc4e6eb
[0m01:56:49.577656 [debug] [Thread-5 (]: Writing injected SQL for node "test.dbt_finance.not_null_mart_security_daily_performance_symbol.304c0f0e8a"
[0m01:56:49.585828 [debug] [Thread-2 (]: Writing injected SQL for node "test.dbt_finance.not_null_mart_security_daily_performance_trade_date.520dc4e6eb"
[0m01:56:49.587010 [debug] [Thread-5 (]: Began executing node test.dbt_finance.not_null_mart_security_daily_performance_symbol.304c0f0e8a
[0m01:56:49.587585 [debug] [Thread-2 (]: Began executing node test.dbt_finance.not_null_mart_security_daily_performance_trade_date.520dc4e6eb
[0m01:56:49.591927 [debug] [Thread-5 (]: Writing runtime sql for node "test.dbt_finance.not_null_mart_security_daily_performance_symbol.304c0f0e8a"
[0m01:56:49.592804 [debug] [Thread-3 (]: SQL status: SUCCESS 1 in 0.755 seconds
[0m01:56:49.597228 [debug] [Thread-2 (]: Writing runtime sql for node "test.dbt_finance.not_null_mart_security_daily_performance_trade_date.520dc4e6eb"
[0m01:56:49.608076 [info ] [Thread-3 (]: 9 of 33 PASS not_null_int_trade_enriched_order_id .............................. [[32mPASS[0m in 0.82s]
[0m01:56:49.609311 [debug] [Thread-5 (]: Using snowflake connection "test.dbt_finance.not_null_mart_security_daily_performance_symbol.304c0f0e8a"
[0m01:56:49.610276 [debug] [Thread-3 (]: Finished running node test.dbt_finance.not_null_int_trade_enriched_order_id.752c3ca6fc
[0m01:56:49.611442 [debug] [Thread-2 (]: Using snowflake connection "test.dbt_finance.not_null_mart_security_daily_performance_trade_date.520dc4e6eb"
[0m01:56:49.612002 [debug] [Thread-5 (]: On test.dbt_finance.not_null_mart_security_daily_performance_symbol.304c0f0e8a: /* {"app": "dbt", "dbt_version": "1.9.4", "profile_name": "dbt_finance", "target_name": "prod", "node_id": "test.dbt_finance.not_null_mart_security_daily_performance_symbol.304c0f0e8a"} */
select
      count(*) as failures,
      count(*) != 0 as should_warn,
      count(*) != 0 as should_error
    from (
      
    
    



select symbol
from TEST_SNOWFLAKE_LEANING.SCHM_F_SNOWLEARN_01.mart_security_daily_performance
where symbol is null



      
    ) dbt_internal_test
[0m01:56:49.612682 [debug] [Thread-3 (]: Began running node test.dbt_finance.not_null_stg_dim_account_account_id.e08784531f
[0m01:56:49.613386 [debug] [Thread-2 (]: On test.dbt_finance.not_null_mart_security_daily_performance_trade_date.520dc4e6eb: /* {"app": "dbt", "dbt_version": "1.9.4", "profile_name": "dbt_finance", "target_name": "prod", "node_id": "test.dbt_finance.not_null_mart_security_daily_performance_trade_date.520dc4e6eb"} */
select
      count(*) as failures,
      count(*) != 0 as should_warn,
      count(*) != 0 as should_error
    from (
      
    
    



select trade_date
from TEST_SNOWFLAKE_LEANING.SCHM_F_SNOWLEARN_01.mart_security_daily_performance
where trade_date is null



      
    ) dbt_internal_test
[0m01:56:49.613963 [debug] [Thread-5 (]: Opening a new connection, currently in state init
[0m01:56:49.614517 [info ] [Thread-3 (]: 16 of 33 START test not_null_stg_dim_account_account_id ........................ [RUN]
[0m01:56:49.615103 [debug] [Thread-2 (]: Opening a new connection, currently in state init
[0m01:56:49.615963 [debug] [Thread-3 (]: Re-using an available connection from the pool (formerly test.dbt_finance.not_null_int_trade_enriched_order_id.752c3ca6fc, now test.dbt_finance.not_null_stg_dim_account_account_id.e08784531f)
[0m01:56:49.616697 [debug] [Thread-3 (]: Began compiling node test.dbt_finance.not_null_stg_dim_account_account_id.e08784531f
[0m01:56:49.623405 [debug] [Thread-3 (]: Writing injected SQL for node "test.dbt_finance.not_null_stg_dim_account_account_id.e08784531f"
[0m01:56:49.624278 [debug] [Thread-3 (]: Began executing node test.dbt_finance.not_null_stg_dim_account_account_id.e08784531f
[0m01:56:49.628558 [debug] [Thread-3 (]: Writing runtime sql for node "test.dbt_finance.not_null_stg_dim_account_account_id.e08784531f"
[0m01:56:49.629887 [debug] [Thread-3 (]: Using snowflake connection "test.dbt_finance.not_null_stg_dim_account_account_id.e08784531f"
[0m01:56:49.630526 [debug] [Thread-3 (]: On test.dbt_finance.not_null_stg_dim_account_account_id.e08784531f: /* {"app": "dbt", "dbt_version": "1.9.4", "profile_name": "dbt_finance", "target_name": "prod", "node_id": "test.dbt_finance.not_null_stg_dim_account_account_id.e08784531f"} */
select
      count(*) as failures,
      count(*) != 0 as should_warn,
      count(*) != 0 as should_error
    from (
      
    
    



select account_id
from TEST_SNOWFLAKE_LEANING.SCHM_F_SNOWLEARN_01.stg_dim_account
where account_id is null



      
    ) dbt_internal_test
[0m01:56:49.631061 [debug] [Thread-3 (]: Opening a new connection, currently in state init
[0m01:56:50.071949 [debug] [Thread-4 (]: SQL status: SUCCESS 1 in 0.550 seconds
[0m01:56:50.074567 [info ] [Thread-4 (]: 13 of 33 PASS not_null_mart_risk_exposure_report_account_id .................... [[32mPASS[0m in 0.57s]
[0m01:56:50.075388 [debug] [Thread-4 (]: Finished running node test.dbt_finance.not_null_mart_risk_exposure_report_account_id.c6dfdf740c
[0m01:56:50.076049 [debug] [Thread-4 (]: Began running node test.dbt_finance.not_null_stg_dim_account_account_key.f12db6ab35
[0m01:56:50.076698 [info ] [Thread-4 (]: 17 of 33 START test not_null_stg_dim_account_account_key ....................... [RUN]
[0m01:56:50.077412 [debug] [Thread-4 (]: Re-using an available connection from the pool (formerly test.dbt_finance.not_null_mart_risk_exposure_report_account_id.c6dfdf740c, now test.dbt_finance.not_null_stg_dim_account_account_key.f12db6ab35)
[0m01:56:50.077915 [debug] [Thread-4 (]: Began compiling node test.dbt_finance.not_null_stg_dim_account_account_key.f12db6ab35
[0m01:56:50.163890 [debug] [Thread-2 (]: SQL status: SUCCESS 1 in 0.549 seconds
[0m01:56:50.164738 [debug] [Thread-5 (]: SQL status: SUCCESS 1 in 0.551 seconds
[0m01:56:50.165485 [debug] [Thread-3 (]: SQL status: SUCCESS 1 in 0.534 seconds
[0m01:56:50.179410 [debug] [Thread-4 (]: Writing injected SQL for node "test.dbt_finance.not_null_stg_dim_account_account_key.f12db6ab35"
[0m01:56:50.181980 [info ] [Thread-2 (]: 15 of 33 PASS not_null_mart_security_daily_performance_trade_date .............. [[32mPASS[0m in 0.61s]
[0m01:56:50.184592 [info ] [Thread-5 (]: 14 of 33 PASS not_null_mart_security_daily_performance_symbol .................. [[32mPASS[0m in 0.62s]
[0m01:56:50.186915 [info ] [Thread-3 (]: 16 of 33 PASS not_null_stg_dim_account_account_id .............................. [[32mPASS[0m in 0.57s]
[0m01:56:50.188232 [debug] [Thread-2 (]: Finished running node test.dbt_finance.not_null_mart_security_daily_performance_trade_date.520dc4e6eb
[0m01:56:50.188826 [debug] [Thread-4 (]: Began executing node test.dbt_finance.not_null_stg_dim_account_account_key.f12db6ab35
[0m01:56:50.189588 [debug] [Thread-5 (]: Finished running node test.dbt_finance.not_null_mart_security_daily_performance_symbol.304c0f0e8a
[0m01:56:50.190371 [debug] [Thread-3 (]: Finished running node test.dbt_finance.not_null_stg_dim_account_account_id.e08784531f
[0m01:56:50.191043 [debug] [Thread-2 (]: Began running node test.dbt_finance.not_null_stg_dim_security_security_key.d8109762eb
[0m01:56:50.195255 [debug] [Thread-4 (]: Writing runtime sql for node "test.dbt_finance.not_null_stg_dim_account_account_key.f12db6ab35"
[0m01:56:50.195940 [debug] [Thread-5 (]: Began running node test.dbt_finance.not_null_stg_dim_security_symbol.7bdb18d93f
[0m01:56:50.196648 [debug] [Thread-3 (]: Began running node test.dbt_finance.not_null_stg_raw_fund_nav_fund_code.6632e7c2c3
[0m01:56:50.197365 [info ] [Thread-2 (]: 18 of 33 START test not_null_stg_dim_security_security_key ..................... [RUN]
[0m01:56:50.198392 [info ] [Thread-5 (]: 19 of 33 START test not_null_stg_dim_security_symbol ........................... [RUN]
[0m01:56:50.199492 [debug] [Thread-4 (]: Using snowflake connection "test.dbt_finance.not_null_stg_dim_account_account_key.f12db6ab35"
[0m01:56:50.200089 [info ] [Thread-3 (]: 20 of 33 START test not_null_stg_raw_fund_nav_fund_code ........................ [RUN]
[0m01:56:50.200797 [debug] [Thread-2 (]: Re-using an available connection from the pool (formerly test.dbt_finance.not_null_mart_security_daily_performance_trade_date.520dc4e6eb, now test.dbt_finance.not_null_stg_dim_security_security_key.d8109762eb)
[0m01:56:50.201459 [debug] [Thread-5 (]: Re-using an available connection from the pool (formerly test.dbt_finance.not_null_mart_security_daily_performance_symbol.304c0f0e8a, now test.dbt_finance.not_null_stg_dim_security_symbol.7bdb18d93f)
[0m01:56:50.202034 [debug] [Thread-4 (]: On test.dbt_finance.not_null_stg_dim_account_account_key.f12db6ab35: /* {"app": "dbt", "dbt_version": "1.9.4", "profile_name": "dbt_finance", "target_name": "prod", "node_id": "test.dbt_finance.not_null_stg_dim_account_account_key.f12db6ab35"} */
select
      count(*) as failures,
      count(*) != 0 as should_warn,
      count(*) != 0 as should_error
    from (
      
    
    



select account_key
from TEST_SNOWFLAKE_LEANING.SCHM_F_SNOWLEARN_01.stg_dim_account
where account_key is null



      
    ) dbt_internal_test
[0m01:56:50.202653 [debug] [Thread-3 (]: Re-using an available connection from the pool (formerly test.dbt_finance.not_null_stg_dim_account_account_id.e08784531f, now test.dbt_finance.not_null_stg_raw_fund_nav_fund_code.6632e7c2c3)
[0m01:56:50.203185 [debug] [Thread-2 (]: Began compiling node test.dbt_finance.not_null_stg_dim_security_security_key.d8109762eb
[0m01:56:50.203749 [debug] [Thread-5 (]: Began compiling node test.dbt_finance.not_null_stg_dim_security_symbol.7bdb18d93f
[0m01:56:50.204310 [debug] [Thread-4 (]: Opening a new connection, currently in state init
[0m01:56:50.204850 [debug] [Thread-3 (]: Began compiling node test.dbt_finance.not_null_stg_raw_fund_nav_fund_code.6632e7c2c3
[0m01:56:50.211411 [debug] [Thread-2 (]: Writing injected SQL for node "test.dbt_finance.not_null_stg_dim_security_security_key.d8109762eb"
[0m01:56:50.217453 [debug] [Thread-5 (]: Writing injected SQL for node "test.dbt_finance.not_null_stg_dim_security_symbol.7bdb18d93f"
[0m01:56:50.225609 [debug] [Thread-3 (]: Writing injected SQL for node "test.dbt_finance.not_null_stg_raw_fund_nav_fund_code.6632e7c2c3"
[0m01:56:50.226668 [debug] [Thread-2 (]: Began executing node test.dbt_finance.not_null_stg_dim_security_security_key.d8109762eb
[0m01:56:50.227514 [debug] [Thread-5 (]: Began executing node test.dbt_finance.not_null_stg_dim_security_symbol.7bdb18d93f
[0m01:56:50.231816 [debug] [Thread-2 (]: Writing runtime sql for node "test.dbt_finance.not_null_stg_dim_security_security_key.d8109762eb"
[0m01:56:50.232420 [debug] [Thread-3 (]: Began executing node test.dbt_finance.not_null_stg_raw_fund_nav_fund_code.6632e7c2c3
[0m01:56:50.236646 [debug] [Thread-5 (]: Writing runtime sql for node "test.dbt_finance.not_null_stg_dim_security_symbol.7bdb18d93f"
[0m01:56:50.241017 [debug] [Thread-3 (]: Writing runtime sql for node "test.dbt_finance.not_null_stg_raw_fund_nav_fund_code.6632e7c2c3"
[0m01:56:50.242271 [debug] [Thread-2 (]: Using snowflake connection "test.dbt_finance.not_null_stg_dim_security_security_key.d8109762eb"
[0m01:56:50.244591 [debug] [Thread-5 (]: Using snowflake connection "test.dbt_finance.not_null_stg_dim_security_symbol.7bdb18d93f"
[0m01:56:50.245521 [debug] [Thread-2 (]: On test.dbt_finance.not_null_stg_dim_security_security_key.d8109762eb: /* {"app": "dbt", "dbt_version": "1.9.4", "profile_name": "dbt_finance", "target_name": "prod", "node_id": "test.dbt_finance.not_null_stg_dim_security_security_key.d8109762eb"} */
select
      count(*) as failures,
      count(*) != 0 as should_warn,
      count(*) != 0 as should_error
    from (
      
    
    



select security_key
from TEST_SNOWFLAKE_LEANING.SCHM_F_SNOWLEARN_01.stg_dim_security
where security_key is null



      
    ) dbt_internal_test
[0m01:56:50.246625 [debug] [Thread-3 (]: Using snowflake connection "test.dbt_finance.not_null_stg_raw_fund_nav_fund_code.6632e7c2c3"
[0m01:56:50.247246 [debug] [Thread-5 (]: On test.dbt_finance.not_null_stg_dim_security_symbol.7bdb18d93f: /* {"app": "dbt", "dbt_version": "1.9.4", "profile_name": "dbt_finance", "target_name": "prod", "node_id": "test.dbt_finance.not_null_stg_dim_security_symbol.7bdb18d93f"} */
select
      count(*) as failures,
      count(*) != 0 as should_warn,
      count(*) != 0 as should_error
    from (
      
    
    



select symbol
from TEST_SNOWFLAKE_LEANING.SCHM_F_SNOWLEARN_01.stg_dim_security
where symbol is null



      
    ) dbt_internal_test
[0m01:56:50.247855 [debug] [Thread-2 (]: Opening a new connection, currently in state init
[0m01:56:50.248571 [debug] [Thread-3 (]: On test.dbt_finance.not_null_stg_raw_fund_nav_fund_code.6632e7c2c3: /* {"app": "dbt", "dbt_version": "1.9.4", "profile_name": "dbt_finance", "target_name": "prod", "node_id": "test.dbt_finance.not_null_stg_raw_fund_nav_fund_code.6632e7c2c3"} */
select
      count(*) as failures,
      count(*) != 0 as should_warn,
      count(*) != 0 as should_error
    from (
      
    
    



select fund_code
from TEST_SNOWFLAKE_LEANING.SCHM_F_SNOWLEARN_01.stg_raw_fund_nav
where fund_code is null



      
    ) dbt_internal_test
[0m01:56:50.249123 [debug] [Thread-5 (]: Opening a new connection, currently in state init
[0m01:56:50.249779 [debug] [Thread-3 (]: Opening a new connection, currently in state init
[0m01:56:50.787097 [debug] [Thread-4 (]: SQL status: SUCCESS 1 in 0.583 seconds
[0m01:56:50.788022 [debug] [Thread-5 (]: SQL status: SUCCESS 1 in 0.539 seconds
[0m01:56:50.790532 [info ] [Thread-4 (]: 17 of 33 PASS not_null_stg_dim_account_account_key ............................. [[32mPASS[0m in 0.71s]
[0m01:56:50.793286 [info ] [Thread-5 (]: 19 of 33 PASS not_null_stg_dim_security_symbol ................................. [[32mPASS[0m in 0.59s]
[0m01:56:50.794139 [debug] [Thread-4 (]: Finished running node test.dbt_finance.not_null_stg_dim_account_account_key.f12db6ab35
[0m01:56:50.794896 [debug] [Thread-5 (]: Finished running node test.dbt_finance.not_null_stg_dim_security_symbol.7bdb18d93f
[0m01:56:50.795543 [debug] [Thread-4 (]: Began running node test.dbt_finance.not_null_stg_raw_fund_nav_nav_date.ef8270eae0
[0m01:56:50.796247 [debug] [Thread-5 (]: Began running node test.dbt_finance.not_null_stg_raw_stock_quotes_symbol.92699082e2
[0m01:56:50.796854 [info ] [Thread-4 (]: 21 of 33 START test not_null_stg_raw_fund_nav_nav_date ......................... [RUN]
[0m01:56:50.797423 [info ] [Thread-5 (]: 22 of 33 START test not_null_stg_raw_stock_quotes_symbol ....................... [RUN]
[0m01:56:50.798157 [debug] [Thread-4 (]: Re-using an available connection from the pool (formerly test.dbt_finance.not_null_stg_dim_account_account_key.f12db6ab35, now test.dbt_finance.not_null_stg_raw_fund_nav_nav_date.ef8270eae0)
[0m01:56:50.798775 [debug] [Thread-5 (]: Re-using an available connection from the pool (formerly test.dbt_finance.not_null_stg_dim_security_symbol.7bdb18d93f, now test.dbt_finance.not_null_stg_raw_stock_quotes_symbol.92699082e2)
[0m01:56:50.799276 [debug] [Thread-4 (]: Began compiling node test.dbt_finance.not_null_stg_raw_fund_nav_nav_date.ef8270eae0
[0m01:56:50.799736 [debug] [Thread-5 (]: Began compiling node test.dbt_finance.not_null_stg_raw_stock_quotes_symbol.92699082e2
[0m01:56:50.808045 [debug] [Thread-4 (]: Writing injected SQL for node "test.dbt_finance.not_null_stg_raw_fund_nav_nav_date.ef8270eae0"
[0m01:56:50.814521 [debug] [Thread-5 (]: Writing injected SQL for node "test.dbt_finance.not_null_stg_raw_stock_quotes_symbol.92699082e2"
[0m01:56:50.815614 [debug] [Thread-4 (]: Began executing node test.dbt_finance.not_null_stg_raw_fund_nav_nav_date.ef8270eae0
[0m01:56:50.816381 [debug] [Thread-5 (]: Began executing node test.dbt_finance.not_null_stg_raw_stock_quotes_symbol.92699082e2
[0m01:56:50.820461 [debug] [Thread-4 (]: Writing runtime sql for node "test.dbt_finance.not_null_stg_raw_fund_nav_nav_date.ef8270eae0"
[0m01:56:50.824827 [debug] [Thread-5 (]: Writing runtime sql for node "test.dbt_finance.not_null_stg_raw_stock_quotes_symbol.92699082e2"
[0m01:56:50.826486 [debug] [Thread-4 (]: Using snowflake connection "test.dbt_finance.not_null_stg_raw_fund_nav_nav_date.ef8270eae0"
[0m01:56:50.827671 [debug] [Thread-5 (]: Using snowflake connection "test.dbt_finance.not_null_stg_raw_stock_quotes_symbol.92699082e2"
[0m01:56:50.828386 [debug] [Thread-4 (]: On test.dbt_finance.not_null_stg_raw_fund_nav_nav_date.ef8270eae0: /* {"app": "dbt", "dbt_version": "1.9.4", "profile_name": "dbt_finance", "target_name": "prod", "node_id": "test.dbt_finance.not_null_stg_raw_fund_nav_nav_date.ef8270eae0"} */
select
      count(*) as failures,
      count(*) != 0 as should_warn,
      count(*) != 0 as should_error
    from (
      
    
    



select nav_date
from TEST_SNOWFLAKE_LEANING.SCHM_F_SNOWLEARN_01.stg_raw_fund_nav
where nav_date is null



      
    ) dbt_internal_test
[0m01:56:50.829035 [debug] [Thread-5 (]: On test.dbt_finance.not_null_stg_raw_stock_quotes_symbol.92699082e2: /* {"app": "dbt", "dbt_version": "1.9.4", "profile_name": "dbt_finance", "target_name": "prod", "node_id": "test.dbt_finance.not_null_stg_raw_stock_quotes_symbol.92699082e2"} */
select
      count(*) as failures,
      count(*) != 0 as should_warn,
      count(*) != 0 as should_error
    from (
      
    
    



select symbol
from TEST_SNOWFLAKE_LEANING.SCHM_F_SNOWLEARN_01.stg_raw_stock_quotes
where symbol is null



      
    ) dbt_internal_test
[0m01:56:50.829616 [debug] [Thread-4 (]: Opening a new connection, currently in state init
[0m01:56:50.830142 [debug] [Thread-5 (]: Opening a new connection, currently in state init
[0m01:56:50.843841 [debug] [Thread-2 (]: SQL status: SUCCESS 1 in 0.596 seconds
[0m01:56:50.846479 [info ] [Thread-2 (]: 18 of 33 PASS not_null_stg_dim_security_security_key ........................... [[32mPASS[0m in 0.65s]
[0m01:56:50.847417 [debug] [Thread-2 (]: Finished running node test.dbt_finance.not_null_stg_dim_security_security_key.d8109762eb
[0m01:56:50.848215 [debug] [Thread-2 (]: Began running node test.dbt_finance.not_null_stg_raw_stock_quotes_trade_date.ca8a10406c
[0m01:56:50.848867 [info ] [Thread-2 (]: 23 of 33 START test not_null_stg_raw_stock_quotes_trade_date ................... [RUN]
[0m01:56:50.849637 [debug] [Thread-2 (]: Re-using an available connection from the pool (formerly test.dbt_finance.not_null_stg_dim_security_security_key.d8109762eb, now test.dbt_finance.not_null_stg_raw_stock_quotes_trade_date.ca8a10406c)
[0m01:56:50.850148 [debug] [Thread-2 (]: Began compiling node test.dbt_finance.not_null_stg_raw_stock_quotes_trade_date.ca8a10406c
[0m01:56:50.856318 [debug] [Thread-2 (]: Writing injected SQL for node "test.dbt_finance.not_null_stg_raw_stock_quotes_trade_date.ca8a10406c"
[0m01:56:50.857179 [debug] [Thread-2 (]: Began executing node test.dbt_finance.not_null_stg_raw_stock_quotes_trade_date.ca8a10406c
[0m01:56:50.863294 [debug] [Thread-2 (]: Writing runtime sql for node "test.dbt_finance.not_null_stg_raw_stock_quotes_trade_date.ca8a10406c"
[0m01:56:50.865224 [debug] [Thread-2 (]: Using snowflake connection "test.dbt_finance.not_null_stg_raw_stock_quotes_trade_date.ca8a10406c"
[0m01:56:50.866235 [debug] [Thread-2 (]: On test.dbt_finance.not_null_stg_raw_stock_quotes_trade_date.ca8a10406c: /* {"app": "dbt", "dbt_version": "1.9.4", "profile_name": "dbt_finance", "target_name": "prod", "node_id": "test.dbt_finance.not_null_stg_raw_stock_quotes_trade_date.ca8a10406c"} */
select
      count(*) as failures,
      count(*) != 0 as should_warn,
      count(*) != 0 as should_error
    from (
      
    
    



select trade_date
from TEST_SNOWFLAKE_LEANING.SCHM_F_SNOWLEARN_01.stg_raw_stock_quotes
where trade_date is null



      
    ) dbt_internal_test
[0m01:56:50.867035 [debug] [Thread-2 (]: Opening a new connection, currently in state init
[0m01:56:50.937129 [debug] [Thread-3 (]: SQL status: SUCCESS 1 in 0.687 seconds
[0m01:56:50.939832 [info ] [Thread-3 (]: 20 of 33 PASS not_null_stg_raw_fund_nav_fund_code .............................. [[32mPASS[0m in 0.74s]
[0m01:56:50.940687 [debug] [Thread-3 (]: Finished running node test.dbt_finance.not_null_stg_raw_fund_nav_fund_code.6632e7c2c3
[0m01:56:50.941401 [debug] [Thread-3 (]: Began running node test.dbt_finance.not_null_stg_raw_trade_orders_order_id.f9af6bf111
[0m01:56:50.942080 [info ] [Thread-3 (]: 24 of 33 START test not_null_stg_raw_trade_orders_order_id ..................... [RUN]
[0m01:56:50.942774 [debug] [Thread-3 (]: Re-using an available connection from the pool (formerly test.dbt_finance.not_null_stg_raw_fund_nav_fund_code.6632e7c2c3, now test.dbt_finance.not_null_stg_raw_trade_orders_order_id.f9af6bf111)
[0m01:56:50.943288 [debug] [Thread-3 (]: Began compiling node test.dbt_finance.not_null_stg_raw_trade_orders_order_id.f9af6bf111
[0m01:56:50.949613 [debug] [Thread-3 (]: Writing injected SQL for node "test.dbt_finance.not_null_stg_raw_trade_orders_order_id.f9af6bf111"
[0m01:56:50.958247 [debug] [Thread-3 (]: Began executing node test.dbt_finance.not_null_stg_raw_trade_orders_order_id.f9af6bf111
[0m01:56:50.963018 [debug] [Thread-3 (]: Writing runtime sql for node "test.dbt_finance.not_null_stg_raw_trade_orders_order_id.f9af6bf111"
[0m01:56:50.964304 [debug] [Thread-3 (]: Using snowflake connection "test.dbt_finance.not_null_stg_raw_trade_orders_order_id.f9af6bf111"
[0m01:56:50.964874 [debug] [Thread-3 (]: On test.dbt_finance.not_null_stg_raw_trade_orders_order_id.f9af6bf111: /* {"app": "dbt", "dbt_version": "1.9.4", "profile_name": "dbt_finance", "target_name": "prod", "node_id": "test.dbt_finance.not_null_stg_raw_trade_orders_order_id.f9af6bf111"} */
select
      count(*) as failures,
      count(*) != 0 as should_warn,
      count(*) != 0 as should_error
    from (
      
    
    



select order_id
from TEST_SNOWFLAKE_LEANING.SCHM_F_SNOWLEARN_01.stg_raw_trade_orders
where order_id is null



      
    ) dbt_internal_test
[0m01:56:50.965428 [debug] [Thread-3 (]: Opening a new connection, currently in state init
[0m01:56:51.297251 [debug] [Thread-4 (]: SQL status: SUCCESS 1 in 0.467 seconds
[0m01:56:51.299973 [info ] [Thread-4 (]: 21 of 33 PASS not_null_stg_raw_fund_nav_nav_date ............................... [[32mPASS[0m in 0.50s]
[0m01:56:51.300845 [debug] [Thread-4 (]: Finished running node test.dbt_finance.not_null_stg_raw_fund_nav_nav_date.ef8270eae0
[0m01:56:51.301540 [debug] [Thread-4 (]: Began running node test.dbt_finance.not_null_stg_raw_trade_orders_price.01fb5edd6b
[0m01:56:51.302183 [info ] [Thread-4 (]: 25 of 33 START test not_null_stg_raw_trade_orders_price ........................ [RUN]
[0m01:56:51.302870 [debug] [Thread-4 (]: Re-using an available connection from the pool (formerly test.dbt_finance.not_null_stg_raw_fund_nav_nav_date.ef8270eae0, now test.dbt_finance.not_null_stg_raw_trade_orders_price.01fb5edd6b)
[0m01:56:51.303356 [debug] [Thread-4 (]: Began compiling node test.dbt_finance.not_null_stg_raw_trade_orders_price.01fb5edd6b
[0m01:56:51.309796 [debug] [Thread-4 (]: Writing injected SQL for node "test.dbt_finance.not_null_stg_raw_trade_orders_price.01fb5edd6b"
[0m01:56:51.310663 [debug] [Thread-4 (]: Began executing node test.dbt_finance.not_null_stg_raw_trade_orders_price.01fb5edd6b
[0m01:56:51.316587 [debug] [Thread-4 (]: Writing runtime sql for node "test.dbt_finance.not_null_stg_raw_trade_orders_price.01fb5edd6b"
[0m01:56:51.317989 [debug] [Thread-4 (]: Using snowflake connection "test.dbt_finance.not_null_stg_raw_trade_orders_price.01fb5edd6b"
[0m01:56:51.318618 [debug] [Thread-4 (]: On test.dbt_finance.not_null_stg_raw_trade_orders_price.01fb5edd6b: /* {"app": "dbt", "dbt_version": "1.9.4", "profile_name": "dbt_finance", "target_name": "prod", "node_id": "test.dbt_finance.not_null_stg_raw_trade_orders_price.01fb5edd6b"} */
select
      count(*) as failures,
      count(*) != 0 as should_warn,
      count(*) != 0 as should_error
    from (
      
    
    



select price
from TEST_SNOWFLAKE_LEANING.SCHM_F_SNOWLEARN_01.stg_raw_trade_orders
where price is null



      
    ) dbt_internal_test
[0m01:56:51.319389 [debug] [Thread-4 (]: Opening a new connection, currently in state init
[0m01:56:51.340780 [debug] [Thread-5 (]: SQL status: SUCCESS 1 in 0.510 seconds
[0m01:56:51.343361 [info ] [Thread-5 (]: 22 of 33 PASS not_null_stg_raw_stock_quotes_symbol ............................. [[32mPASS[0m in 0.54s]
[0m01:56:51.344198 [debug] [Thread-5 (]: Finished running node test.dbt_finance.not_null_stg_raw_stock_quotes_symbol.92699082e2
[0m01:56:51.344841 [debug] [Thread-5 (]: Began running node test.dbt_finance.not_null_stg_raw_trade_orders_quantity.81806273ce
[0m01:56:51.345514 [info ] [Thread-5 (]: 26 of 33 START test not_null_stg_raw_trade_orders_quantity ..................... [RUN]
[0m01:56:51.346166 [debug] [Thread-5 (]: Re-using an available connection from the pool (formerly test.dbt_finance.not_null_stg_raw_stock_quotes_symbol.92699082e2, now test.dbt_finance.not_null_stg_raw_trade_orders_quantity.81806273ce)
[0m01:56:51.346651 [debug] [Thread-5 (]: Began compiling node test.dbt_finance.not_null_stg_raw_trade_orders_quantity.81806273ce
[0m01:56:51.353334 [debug] [Thread-5 (]: Writing injected SQL for node "test.dbt_finance.not_null_stg_raw_trade_orders_quantity.81806273ce"
[0m01:56:51.354213 [debug] [Thread-2 (]: SQL status: SUCCESS 1 in 0.487 seconds
[0m01:56:51.358100 [info ] [Thread-2 (]: 23 of 33 PASS not_null_stg_raw_stock_quotes_trade_date ......................... [[32mPASS[0m in 0.51s]
[0m01:56:51.358841 [debug] [Thread-5 (]: Began executing node test.dbt_finance.not_null_stg_raw_trade_orders_quantity.81806273ce
[0m01:56:51.359581 [debug] [Thread-2 (]: Finished running node test.dbt_finance.not_null_stg_raw_stock_quotes_trade_date.ca8a10406c
[0m01:56:51.364219 [debug] [Thread-5 (]: Writing runtime sql for node "test.dbt_finance.not_null_stg_raw_trade_orders_quantity.81806273ce"
[0m01:56:51.364993 [debug] [Thread-2 (]: Began running node test.dbt_finance.relationships_int_trade_enriched_symbol__symbol__ref_stg_dim_security_.75285f5800
[0m01:56:51.365938 [info ] [Thread-2 (]: 27 of 33 START test relationships_int_trade_enriched_symbol__symbol__ref_stg_dim_security_  [RUN]
[0m01:56:51.367210 [debug] [Thread-5 (]: Using snowflake connection "test.dbt_finance.not_null_stg_raw_trade_orders_quantity.81806273ce"
[0m01:56:51.367881 [debug] [Thread-2 (]: Re-using an available connection from the pool (formerly test.dbt_finance.not_null_stg_raw_stock_quotes_trade_date.ca8a10406c, now test.dbt_finance.relationships_int_trade_enriched_symbol__symbol__ref_stg_dim_security_.75285f5800)
[0m01:56:51.368688 [debug] [Thread-5 (]: On test.dbt_finance.not_null_stg_raw_trade_orders_quantity.81806273ce: /* {"app": "dbt", "dbt_version": "1.9.4", "profile_name": "dbt_finance", "target_name": "prod", "node_id": "test.dbt_finance.not_null_stg_raw_trade_orders_quantity.81806273ce"} */
select
      count(*) as failures,
      count(*) != 0 as should_warn,
      count(*) != 0 as should_error
    from (
      
    
    



select quantity
from TEST_SNOWFLAKE_LEANING.SCHM_F_SNOWLEARN_01.stg_raw_trade_orders
where quantity is null



      
    ) dbt_internal_test
[0m01:56:51.369305 [debug] [Thread-2 (]: Began compiling node test.dbt_finance.relationships_int_trade_enriched_symbol__symbol__ref_stg_dim_security_.75285f5800
[0m01:56:51.369858 [debug] [Thread-5 (]: Opening a new connection, currently in state init
[0m01:56:51.381368 [debug] [Thread-2 (]: Writing injected SQL for node "test.dbt_finance.relationships_int_trade_enriched_symbol__symbol__ref_stg_dim_security_.75285f5800"
[0m01:56:51.382642 [debug] [Thread-2 (]: Began executing node test.dbt_finance.relationships_int_trade_enriched_symbol__symbol__ref_stg_dim_security_.75285f5800
[0m01:56:51.387221 [debug] [Thread-2 (]: Writing runtime sql for node "test.dbt_finance.relationships_int_trade_enriched_symbol__symbol__ref_stg_dim_security_.75285f5800"
[0m01:56:51.389078 [debug] [Thread-2 (]: Using snowflake connection "test.dbt_finance.relationships_int_trade_enriched_symbol__symbol__ref_stg_dim_security_.75285f5800"
[0m01:56:51.389815 [debug] [Thread-2 (]: On test.dbt_finance.relationships_int_trade_enriched_symbol__symbol__ref_stg_dim_security_.75285f5800: /* {"app": "dbt", "dbt_version": "1.9.4", "profile_name": "dbt_finance", "target_name": "prod", "node_id": "test.dbt_finance.relationships_int_trade_enriched_symbol__symbol__ref_stg_dim_security_.75285f5800"} */
select
      count(*) as failures,
      count(*) != 0 as should_warn,
      count(*) != 0 as should_error
    from (
      
    
    

with child as (
    select symbol as from_field
    from TEST_SNOWFLAKE_LEANING.SCHM_F_SNOWLEARN_01.int_trade_enriched
    where symbol is not null
),

parent as (
    select symbol as to_field
    from TEST_SNOWFLAKE_LEANING.SCHM_F_SNOWLEARN_01.stg_dim_security
)

select
    from_field

from child
left join parent
    on child.from_field = parent.to_field

where parent.to_field is null



      
    ) dbt_internal_test
[0m01:56:51.390501 [debug] [Thread-2 (]: Opening a new connection, currently in state init
[0m01:56:51.403387 [debug] [Thread-3 (]: SQL status: SUCCESS 1 in 0.438 seconds
[0m01:56:51.405939 [info ] [Thread-3 (]: 24 of 33 PASS not_null_stg_raw_trade_orders_order_id ........................... [[32mPASS[0m in 0.46s]
[0m01:56:51.406755 [debug] [Thread-3 (]: Finished running node test.dbt_finance.not_null_stg_raw_trade_orders_order_id.f9af6bf111
[0m01:56:51.407432 [debug] [Thread-3 (]: Began running node test.dbt_finance.unique_int_trade_enriched_order_id.46a62da788
[0m01:56:51.408197 [info ] [Thread-3 (]: 28 of 33 START test unique_int_trade_enriched_order_id ......................... [RUN]
[0m01:56:51.408900 [debug] [Thread-3 (]: Re-using an available connection from the pool (formerly test.dbt_finance.not_null_stg_raw_trade_orders_order_id.f9af6bf111, now test.dbt_finance.unique_int_trade_enriched_order_id.46a62da788)
[0m01:56:51.409409 [debug] [Thread-3 (]: Began compiling node test.dbt_finance.unique_int_trade_enriched_order_id.46a62da788
[0m01:56:51.420145 [debug] [Thread-3 (]: Writing injected SQL for node "test.dbt_finance.unique_int_trade_enriched_order_id.46a62da788"
[0m01:56:51.421087 [debug] [Thread-3 (]: Began executing node test.dbt_finance.unique_int_trade_enriched_order_id.46a62da788
[0m01:56:51.425398 [debug] [Thread-3 (]: Writing runtime sql for node "test.dbt_finance.unique_int_trade_enriched_order_id.46a62da788"
[0m01:56:51.427621 [debug] [Thread-3 (]: Using snowflake connection "test.dbt_finance.unique_int_trade_enriched_order_id.46a62da788"
[0m01:56:51.428379 [debug] [Thread-3 (]: On test.dbt_finance.unique_int_trade_enriched_order_id.46a62da788: /* {"app": "dbt", "dbt_version": "1.9.4", "profile_name": "dbt_finance", "target_name": "prod", "node_id": "test.dbt_finance.unique_int_trade_enriched_order_id.46a62da788"} */
select
      count(*) as failures,
      count(*) != 0 as should_warn,
      count(*) != 0 as should_error
    from (
      
    
    

select
    order_id as unique_field,
    count(*) as n_records

from TEST_SNOWFLAKE_LEANING.SCHM_F_SNOWLEARN_01.int_trade_enriched
where order_id is not null
group by order_id
having count(*) > 1



      
    ) dbt_internal_test
[0m01:56:51.428951 [debug] [Thread-3 (]: Opening a new connection, currently in state init
[0m01:56:51.822547 [debug] [Thread-4 (]: SQL status: SUCCESS 1 in 0.503 seconds
[0m01:56:51.825172 [info ] [Thread-4 (]: 25 of 33 PASS not_null_stg_raw_trade_orders_price .............................. [[32mPASS[0m in 0.52s]
[0m01:56:51.825960 [debug] [Thread-4 (]: Finished running node test.dbt_finance.not_null_stg_raw_trade_orders_price.01fb5edd6b
[0m01:56:51.826567 [debug] [Thread-4 (]: Began running node test.dbt_finance.unique_stg_dim_account_account_id.b4185e9c8a
[0m01:56:51.827207 [info ] [Thread-4 (]: 29 of 33 START test unique_stg_dim_account_account_id .......................... [RUN]
[0m01:56:51.827887 [debug] [Thread-4 (]: Re-using an available connection from the pool (formerly test.dbt_finance.not_null_stg_raw_trade_orders_price.01fb5edd6b, now test.dbt_finance.unique_stg_dim_account_account_id.b4185e9c8a)
[0m01:56:51.828496 [debug] [Thread-4 (]: Began compiling node test.dbt_finance.unique_stg_dim_account_account_id.b4185e9c8a
[0m01:56:51.834667 [debug] [Thread-4 (]: Writing injected SQL for node "test.dbt_finance.unique_stg_dim_account_account_id.b4185e9c8a"
[0m01:56:51.835504 [debug] [Thread-4 (]: Began executing node test.dbt_finance.unique_stg_dim_account_account_id.b4185e9c8a
[0m01:56:51.839935 [debug] [Thread-4 (]: Writing runtime sql for node "test.dbt_finance.unique_stg_dim_account_account_id.b4185e9c8a"
[0m01:56:51.841304 [debug] [Thread-4 (]: Using snowflake connection "test.dbt_finance.unique_stg_dim_account_account_id.b4185e9c8a"
[0m01:56:51.841889 [debug] [Thread-4 (]: On test.dbt_finance.unique_stg_dim_account_account_id.b4185e9c8a: /* {"app": "dbt", "dbt_version": "1.9.4", "profile_name": "dbt_finance", "target_name": "prod", "node_id": "test.dbt_finance.unique_stg_dim_account_account_id.b4185e9c8a"} */
select
      count(*) as failures,
      count(*) != 0 as should_warn,
      count(*) != 0 as should_error
    from (
      
    
    

select
    account_id as unique_field,
    count(*) as n_records

from TEST_SNOWFLAKE_LEANING.SCHM_F_SNOWLEARN_01.stg_dim_account
where account_id is not null
group by account_id
having count(*) > 1



      
    ) dbt_internal_test
[0m01:56:51.842391 [debug] [Thread-4 (]: Opening a new connection, currently in state init
[0m01:56:51.917173 [debug] [Thread-5 (]: SQL status: SUCCESS 1 in 0.547 seconds
[0m01:56:51.919865 [info ] [Thread-5 (]: 26 of 33 PASS not_null_stg_raw_trade_orders_quantity ........................... [[32mPASS[0m in 0.57s]
[0m01:56:51.920707 [debug] [Thread-5 (]: Finished running node test.dbt_finance.not_null_stg_raw_trade_orders_quantity.81806273ce
[0m01:56:51.921347 [debug] [Thread-5 (]: Began running node test.dbt_finance.unique_stg_dim_account_account_key.24f70477e8
[0m01:56:51.922010 [info ] [Thread-5 (]: 30 of 33 START test unique_stg_dim_account_account_key ......................... [RUN]
[0m01:56:51.922655 [debug] [Thread-5 (]: Re-using an available connection from the pool (formerly test.dbt_finance.not_null_stg_raw_trade_orders_quantity.81806273ce, now test.dbt_finance.unique_stg_dim_account_account_key.24f70477e8)
[0m01:56:51.923135 [debug] [Thread-5 (]: Began compiling node test.dbt_finance.unique_stg_dim_account_account_key.24f70477e8
[0m01:56:51.931161 [debug] [Thread-5 (]: Writing injected SQL for node "test.dbt_finance.unique_stg_dim_account_account_key.24f70477e8"
[0m01:56:51.932058 [debug] [Thread-5 (]: Began executing node test.dbt_finance.unique_stg_dim_account_account_key.24f70477e8
[0m01:56:51.936140 [debug] [Thread-5 (]: Writing runtime sql for node "test.dbt_finance.unique_stg_dim_account_account_key.24f70477e8"
[0m01:56:51.937489 [debug] [Thread-5 (]: Using snowflake connection "test.dbt_finance.unique_stg_dim_account_account_key.24f70477e8"
[0m01:56:51.938180 [debug] [Thread-5 (]: On test.dbt_finance.unique_stg_dim_account_account_key.24f70477e8: /* {"app": "dbt", "dbt_version": "1.9.4", "profile_name": "dbt_finance", "target_name": "prod", "node_id": "test.dbt_finance.unique_stg_dim_account_account_key.24f70477e8"} */
select
      count(*) as failures,
      count(*) != 0 as should_warn,
      count(*) != 0 as should_error
    from (
      
    
    

select
    account_key as unique_field,
    count(*) as n_records

from TEST_SNOWFLAKE_LEANING.SCHM_F_SNOWLEARN_01.stg_dim_account
where account_key is not null
group by account_key
having count(*) > 1



      
    ) dbt_internal_test
[0m01:56:51.938721 [debug] [Thread-5 (]: Opening a new connection, currently in state init
[0m01:56:52.128056 [debug] [Thread-2 (]: SQL status: SUCCESS 1 in 0.737 seconds
[0m01:56:52.130731 [info ] [Thread-2 (]: 27 of 33 PASS relationships_int_trade_enriched_symbol__symbol__ref_stg_dim_security_  [[32mPASS[0m in 0.76s]
[0m01:56:52.131559 [debug] [Thread-2 (]: Finished running node test.dbt_finance.relationships_int_trade_enriched_symbol__symbol__ref_stg_dim_security_.75285f5800
[0m01:56:52.132189 [debug] [Thread-2 (]: Began running node test.dbt_finance.unique_stg_dim_security_security_key.73f52a6847
[0m01:56:52.132836 [info ] [Thread-2 (]: 31 of 33 START test unique_stg_dim_security_security_key ....................... [RUN]
[0m01:56:52.133522 [debug] [Thread-2 (]: Re-using an available connection from the pool (formerly test.dbt_finance.relationships_int_trade_enriched_symbol__symbol__ref_stg_dim_security_.75285f5800, now test.dbt_finance.unique_stg_dim_security_security_key.73f52a6847)
[0m01:56:52.134004 [debug] [Thread-2 (]: Began compiling node test.dbt_finance.unique_stg_dim_security_security_key.73f52a6847
[0m01:56:52.140236 [debug] [Thread-2 (]: Writing injected SQL for node "test.dbt_finance.unique_stg_dim_security_security_key.73f52a6847"
[0m01:56:52.141097 [debug] [Thread-2 (]: Began executing node test.dbt_finance.unique_stg_dim_security_security_key.73f52a6847
[0m01:56:52.145363 [debug] [Thread-2 (]: Writing runtime sql for node "test.dbt_finance.unique_stg_dim_security_security_key.73f52a6847"
[0m01:56:52.146814 [debug] [Thread-2 (]: Using snowflake connection "test.dbt_finance.unique_stg_dim_security_security_key.73f52a6847"
[0m01:56:52.147884 [debug] [Thread-3 (]: SQL status: SUCCESS 1 in 0.719 seconds
[0m01:56:52.148645 [debug] [Thread-2 (]: On test.dbt_finance.unique_stg_dim_security_security_key.73f52a6847: /* {"app": "dbt", "dbt_version": "1.9.4", "profile_name": "dbt_finance", "target_name": "prod", "node_id": "test.dbt_finance.unique_stg_dim_security_security_key.73f52a6847"} */
select
      count(*) as failures,
      count(*) != 0 as should_warn,
      count(*) != 0 as should_error
    from (
      
    
    

select
    security_key as unique_field,
    count(*) as n_records

from TEST_SNOWFLAKE_LEANING.SCHM_F_SNOWLEARN_01.stg_dim_security
where security_key is not null
group by security_key
having count(*) > 1



      
    ) dbt_internal_test
[0m01:56:52.151106 [info ] [Thread-3 (]: 28 of 33 PASS unique_int_trade_enriched_order_id ............................... [[32mPASS[0m in 0.74s]
[0m01:56:52.151826 [debug] [Thread-2 (]: Opening a new connection, currently in state init
[0m01:56:52.153524 [debug] [Thread-3 (]: Finished running node test.dbt_finance.unique_int_trade_enriched_order_id.46a62da788
[0m01:56:52.154477 [debug] [Thread-3 (]: Began running node test.dbt_finance.unique_stg_dim_security_symbol.ffe139b55f
[0m01:56:52.155179 [info ] [Thread-3 (]: 32 of 33 START test unique_stg_dim_security_symbol ............................. [RUN]
[0m01:56:52.155953 [debug] [Thread-3 (]: Re-using an available connection from the pool (formerly test.dbt_finance.unique_int_trade_enriched_order_id.46a62da788, now test.dbt_finance.unique_stg_dim_security_symbol.ffe139b55f)
[0m01:56:52.156478 [debug] [Thread-3 (]: Began compiling node test.dbt_finance.unique_stg_dim_security_symbol.ffe139b55f
[0m01:56:52.163848 [debug] [Thread-3 (]: Writing injected SQL for node "test.dbt_finance.unique_stg_dim_security_symbol.ffe139b55f"
[0m01:56:52.164689 [debug] [Thread-3 (]: Began executing node test.dbt_finance.unique_stg_dim_security_symbol.ffe139b55f
[0m01:56:52.168993 [debug] [Thread-3 (]: Writing runtime sql for node "test.dbt_finance.unique_stg_dim_security_symbol.ffe139b55f"
[0m01:56:52.170303 [debug] [Thread-3 (]: Using snowflake connection "test.dbt_finance.unique_stg_dim_security_symbol.ffe139b55f"
[0m01:56:52.170860 [debug] [Thread-3 (]: On test.dbt_finance.unique_stg_dim_security_symbol.ffe139b55f: /* {"app": "dbt", "dbt_version": "1.9.4", "profile_name": "dbt_finance", "target_name": "prod", "node_id": "test.dbt_finance.unique_stg_dim_security_symbol.ffe139b55f"} */
select
      count(*) as failures,
      count(*) != 0 as should_warn,
      count(*) != 0 as should_error
    from (
      
    
    

select
    symbol as unique_field,
    count(*) as n_records

from TEST_SNOWFLAKE_LEANING.SCHM_F_SNOWLEARN_01.stg_dim_security
where symbol is not null
group by symbol
having count(*) > 1



      
    ) dbt_internal_test
[0m01:56:52.171357 [debug] [Thread-3 (]: Opening a new connection, currently in state init
[0m01:56:52.396662 [debug] [Thread-4 (]: SQL status: SUCCESS 1 in 0.554 seconds
[0m01:56:52.399373 [info ] [Thread-4 (]: 29 of 33 PASS unique_stg_dim_account_account_id ................................ [[32mPASS[0m in 0.57s]
[0m01:56:52.400213 [debug] [Thread-4 (]: Finished running node test.dbt_finance.unique_stg_dim_account_account_id.b4185e9c8a
[0m01:56:52.400852 [debug] [Thread-4 (]: Began running node test.dbt_finance.unique_stg_raw_trade_orders_order_id.9ac183a5ee
[0m01:56:52.401496 [info ] [Thread-4 (]: 33 of 33 START test unique_stg_raw_trade_orders_order_id ....................... [RUN]
[0m01:56:52.402197 [debug] [Thread-4 (]: Re-using an available connection from the pool (formerly test.dbt_finance.unique_stg_dim_account_account_id.b4185e9c8a, now test.dbt_finance.unique_stg_raw_trade_orders_order_id.9ac183a5ee)
[0m01:56:52.402679 [debug] [Thread-4 (]: Began compiling node test.dbt_finance.unique_stg_raw_trade_orders_order_id.9ac183a5ee
[0m01:56:52.409034 [debug] [Thread-4 (]: Writing injected SQL for node "test.dbt_finance.unique_stg_raw_trade_orders_order_id.9ac183a5ee"
[0m01:56:52.409881 [debug] [Thread-4 (]: Began executing node test.dbt_finance.unique_stg_raw_trade_orders_order_id.9ac183a5ee
[0m01:56:52.414100 [debug] [Thread-4 (]: Writing runtime sql for node "test.dbt_finance.unique_stg_raw_trade_orders_order_id.9ac183a5ee"
[0m01:56:52.415390 [debug] [Thread-4 (]: Using snowflake connection "test.dbt_finance.unique_stg_raw_trade_orders_order_id.9ac183a5ee"
[0m01:56:52.415970 [debug] [Thread-4 (]: On test.dbt_finance.unique_stg_raw_trade_orders_order_id.9ac183a5ee: /* {"app": "dbt", "dbt_version": "1.9.4", "profile_name": "dbt_finance", "target_name": "prod", "node_id": "test.dbt_finance.unique_stg_raw_trade_orders_order_id.9ac183a5ee"} */
select
      count(*) as failures,
      count(*) != 0 as should_warn,
      count(*) != 0 as should_error
    from (
      
    
    

select
    order_id as unique_field,
    count(*) as n_records

from TEST_SNOWFLAKE_LEANING.SCHM_F_SNOWLEARN_01.stg_raw_trade_orders
where order_id is not null
group by order_id
having count(*) > 1



      
    ) dbt_internal_test
[0m01:56:52.416470 [debug] [Thread-4 (]: Opening a new connection, currently in state init
[0m01:56:52.491109 [debug] [Thread-5 (]: SQL status: SUCCESS 1 in 0.552 seconds
[0m01:56:52.493833 [info ] [Thread-5 (]: 30 of 33 PASS unique_stg_dim_account_account_key ............................... [[32mPASS[0m in 0.57s]
[0m01:56:52.494669 [debug] [Thread-5 (]: Finished running node test.dbt_finance.unique_stg_dim_account_account_key.24f70477e8
[0m01:56:52.654734 [debug] [Thread-2 (]: SQL status: SUCCESS 1 in 0.503 seconds
[0m01:56:52.657293 [info ] [Thread-2 (]: 31 of 33 PASS unique_stg_dim_security_security_key ............................. [[32mPASS[0m in 0.52s]
[0m01:56:52.658267 [debug] [Thread-2 (]: Finished running node test.dbt_finance.unique_stg_dim_security_security_key.73f52a6847
[0m01:56:52.734341 [debug] [Thread-3 (]: SQL status: SUCCESS 1 in 0.563 seconds
[0m01:56:52.736903 [info ] [Thread-3 (]: 32 of 33 PASS unique_stg_dim_security_symbol ................................... [[32mPASS[0m in 0.58s]
[0m01:56:52.737714 [debug] [Thread-3 (]: Finished running node test.dbt_finance.unique_stg_dim_security_symbol.ffe139b55f
[0m01:56:52.912034 [debug] [Thread-4 (]: SQL status: SUCCESS 1 in 0.495 seconds
[0m01:56:52.914566 [info ] [Thread-4 (]: 33 of 33 PASS unique_stg_raw_trade_orders_order_id ............................. [[32mPASS[0m in 0.51s]
[0m01:56:52.915357 [debug] [Thread-4 (]: Finished running node test.dbt_finance.unique_stg_raw_trade_orders_order_id.9ac183a5ee
[0m01:56:52.918653 [debug] [Dummy-1   ]: Connection 'master' was properly closed.
[0m01:56:52.919608 [debug] [Dummy-1   ]: Connection 'test.dbt_finance.unique_stg_dim_security_security_key.73f52a6847' was properly closed.
[0m01:56:52.920181 [debug] [Dummy-1   ]: Connection 'test.dbt_finance.unique_stg_dim_security_symbol.ffe139b55f' was properly closed.
[0m01:56:52.920630 [debug] [Dummy-1   ]: Connection 'test.dbt_finance.unique_stg_raw_trade_orders_order_id.9ac183a5ee' was properly closed.
[0m01:56:52.921058 [debug] [Dummy-1   ]: Connection 'test.dbt_finance.unique_stg_dim_account_account_key.24f70477e8' was properly closed.
[0m01:56:52.921629 [info ] [Dummy-1   ]: 
[0m01:56:52.922138 [info ] [Dummy-1   ]: Finished running 33 data tests in 0 hours 0 minutes and 6.46 seconds (6.46s).
[0m01:56:52.926590 [debug] [Dummy-1   ]: Command end result
[0m01:56:52.959004 [debug] [Dummy-1   ]: Wrote artifact WritableManifest to /tmp/dbt/target/manifest.json
[0m01:56:52.961297 [debug] [Dummy-1   ]: Wrote artifact SemanticManifest to /tmp/dbt/target/semantic_manifest.json
[0m01:56:52.970303 [debug] [Dummy-1   ]: Wrote artifact RunExecutionResult to /tmp/dbt/target/run_results.json
[0m01:56:52.970898 [info ] [Dummy-1   ]: 
[0m01:56:52.971532 [info ] [Dummy-1   ]: [32mCompleted successfully[0m
[0m01:56:52.972052 [info ] [Dummy-1   ]: 
[0m01:56:52.972540 [info ] [Dummy-1   ]: Done. PASS=33 WARN=0 ERROR=0 SKIP=0 TOTAL=33
[0m01:56:52.974423 [debug] [Dummy-1   ]: Resource report: {"command_name": "test", "command_success": true, "command_wall_clock_time": 7.825198, "process_in_blocks": "0", "process_kernel_time": 1.01, "process_mem_max_rss": "472372", "process_out_blocks": "0", "process_user_time": 5.43}
[0m01:56:52.975105 [debug] [Dummy-1   ]: Command `cli test` succeeded at 01:56:52.974837 after 7.83 seconds
[0m01:56:52.975677 [debug] [Dummy-1   ]: Flushing usage events
[0m10:53:54.379535 [debug] [MainThread]: Sending event: {'category': 'dbt', 'action': 'invocation', 'label': 'start', 'context': [<snowplow_tracker.self_describing_json.SelfDescribingJson object at 0x000001FCD4A9BAD0>, <snowplow_tracker.self_describing_json.SelfDescribingJson object at 0x000001FCD5BD8310>, <snowplow_tracker.self_describing_json.SelfDescribingJson object at 0x000001FCD5BD8690>]}


============================== 10:53:54.419528 | 438634ca-4f51-4276-8699-0e70b54f872e ==============================
[0m10:53:54.419528 [info ] [MainThread]: Running with dbt=1.11.10
[0m10:53:54.419528 [debug] [MainThread]: running dbt with arguments {'version_check': 'True', 'no_print': 'None', 'static_parser': 'True', 'warn_error_options': 'WarnErrorOptionsV2(error=[], warn=[], silence=[])', 'target_path': 'None', 'printer_width': '80', 'write_json': 'True', 'empty': 'None', 'log_cache_events': 'False', 'introspect': 'True', 'cache_selected_only': 'False', 'fail_fast': 'False', 'debug': 'False', 'log_format': 'default', 'profiles_dir': 'E:\\gitbub\\SnowflakeLearing\\app\\dbt_finance', 'send_anonymous_usage_stats': 'True', 'quiet': 'False', 'warn_error': 'None', 'partial_parse': 'True', 'use_colors': 'True', 'invocation_command': 'dbt docs generate', 'indirect_selection': 'eager', 'use_experimental_parser': 'False', 'log_path': 'E:\\gitbub\\SnowflakeLearing\\app\\dbt_finance\\logs'}
[0m10:53:55.486673 [debug] [MainThread]: Snowflake adapter: Setting snowflake.connector to ERROR (file logging only)
[0m10:53:55.491577 [debug] [MainThread]: Snowflake adapter: Setting botocore to ERROR (file logging only)
[0m10:53:55.491577 [debug] [MainThread]: Snowflake adapter: Setting boto3 to ERROR (file logging only)
[0m10:53:55.571450 [error] [MainThread]:  adapter: Invalid profile: 'user' is a required property.
[0m10:53:55.952699 [debug] [MainThread]: Sending event: {'category': 'dbt', 'action': 'project_id', 'label': '438634ca-4f51-4276-8699-0e70b54f872e', 'context': [<snowplow_tracker.self_describing_json.SelfDescribingJson object at 0x000001FCD6AFEA10>]}
[0m10:53:56.031752 [debug] [MainThread]: Sending event: {'category': 'dbt', 'action': 'adapter_info', 'label': '438634ca-4f51-4276-8699-0e70b54f872e', 'context': [<snowplow_tracker.self_describing_json.SelfDescribingJson object at 0x000001FCD3B523D0>]}
[0m10:53:56.034772 [info ] [MainThread]: Registered adapter: snowflake=1.11.5
[0m10:53:56.984307 [debug] [MainThread]: checksum: 2f247960199844e016e6a527f21364251736722c6212f4b11e96849fe0fc9e96, vars: {}, profile: , target: , version: 1.11.10
[0m10:53:57.186362 [info ] [MainThread]: Unable to do partial parsing because of a version mismatch
[0m10:53:57.202176 [debug] [MainThread]: Sending event: {'category': 'dbt', 'action': 'partial_parser', 'label': '438634ca-4f51-4276-8699-0e70b54f872e', 'context': [<snowplow_tracker.self_describing_json.SelfDescribingJson object at 0x000001FCD3B6AD90>]}
[0m10:54:01.053980 [warn ] [MainThread]: [[33mWARNING[0m][MissingArgumentsPropertyInGenericTestDeprecation]: Deprecated
functionality
Found top-level arguments to test `accepted_values` defined on
'stg_raw_trade_orders' in package 'dbt_finance' (models\schema.yml). Arguments
to generic tests should be nested under the `arguments` property.
[0m10:54:01.053980 [debug] [MainThread]: Sending event: {'category': 'dbt', 'action': 'deprecation', 'label': '438634ca-4f51-4276-8699-0e70b54f872e', 'property_': 'warn', 'context': [<snowplow_tracker.self_describing_json.SelfDescribingJson object at 0x000001FCD6FFEB10>]}
[0m10:54:01.361882 [debug] [MainThread]: Sending event: {'category': 'dbt', 'action': 'load_project', 'label': '438634ca-4f51-4276-8699-0e70b54f872e', 'context': [<snowplow_tracker.self_describing_json.SelfDescribingJson object at 0x000001FCD7312850>]}
[0m10:54:01.477484 [debug] [MainThread]: Sending event: {'category': 'dbt', 'action': 'resource_counts', 'label': '438634ca-4f51-4276-8699-0e70b54f872e', 'context': [<snowplow_tracker.self_describing_json.SelfDescribingJson object at 0x000001FCD7438DD0>]}
[0m10:54:01.488739 [info ] [MainThread]: Found 9 models, 33 data tests, 5 sources, 528 macros
[0m10:54:01.490374 [debug] [MainThread]: Sending event: {'category': 'dbt', 'action': 'runnable_timing', 'label': '438634ca-4f51-4276-8699-0e70b54f872e', 'context': [<snowplow_tracker.self_describing_json.SelfDescribingJson object at 0x000001FCD72BB950>]}
[0m10:54:01.494296 [info ] [MainThread]: 
[0m10:54:01.494296 [info ] [MainThread]: Concurrency: 4 threads (target='dev')
[0m10:54:01.494296 [info ] [MainThread]: 
[0m10:54:01.505147 [debug] [MainThread]: Acquiring new snowflake connection 'master'
[0m10:54:01.510162 [debug] [ThreadPool]: Acquiring new snowflake connection 'list_TEST_SNOWFLAKE_LEANING_SCHM_F_SNOWLEARN_DEV'
[0m10:54:07.764591 [debug] [ThreadPool]: Using snowflake connection "list_TEST_SNOWFLAKE_LEANING_SCHM_F_SNOWLEARN_DEV"
[0m10:54:07.764591 [debug] [ThreadPool]: On list_TEST_SNOWFLAKE_LEANING_SCHM_F_SNOWLEARN_DEV: show objects in TEST_SNOWFLAKE_LEANING.SCHM_F_SNOWLEARN_DEV
    limit 10000
    

/* {"app": "dbt", "dbt_version": "1.11.10", "profile_name": "dbt_finance", "target_name": "dev", "connection_name": "list_TEST_SNOWFLAKE_LEANING_SCHM_F_SNOWLEARN_DEV"} */;
[0m10:54:07.764591 [debug] [ThreadPool]: Opening a new connection, currently in state init
[0m10:54:08.376266 [debug] [ThreadPool]: Snowflake adapter: Error running SQL: show objects in TEST_SNOWFLAKE_LEANING.SCHM_F_SNOWLEARN_DEV
    limit 10000
    

/* {"app": "dbt", "dbt_version": "1.11.10", "profile_name": "dbt_finance", "target_name": "dev", "connection_name": "list_TEST_SNOWFLAKE_LEANING_SCHM_F_SNOWLEARN_DEV"} */;
[0m10:54:08.376266 [debug] [ThreadPool]: Snowflake adapter: Rolling back transaction.
[0m10:54:08.376266 [debug] [ThreadPool]: Snowflake adapter: Error running SQL: macro list_relations_without_caching
[0m10:54:08.384269 [debug] [ThreadPool]: Snowflake adapter: Rolling back transaction.
[0m10:54:08.384269 [debug] [MainThread]: Connection 'master' was properly closed.
[0m10:54:08.384269 [debug] [MainThread]: Connection 'list_TEST_SNOWFLAKE_LEANING_SCHM_F_SNOWLEARN_DEV' was left open.
[0m10:54:08.384269 [debug] [MainThread]: On list_TEST_SNOWFLAKE_LEANING_SCHM_F_SNOWLEARN_DEV: No close available on handle
[0m10:54:08.384269 [error] [MainThread]: Encountered an error:
Database Error
  251005: User is empty, but it must be provided unless authenticator is one of OAUTH_AUTHORIZATION_CODE, PAT_WITH_EXTERNAL_SESSION, PROGRAMMATIC_ACCESS_TOKEN, WORKLOAD_IDENTITY, NO_AUTH, OAUTH_CLIENT_CREDENTIALS, OAUTH.
[0m10:54:08.394261 [warn ] [MainThread]: [[33mWARNING[0m][DeprecationsSummary]: Deprecated functionality
Summary of encountered deprecations:
- MissingArgumentsPropertyInGenericTestDeprecation: 8 occurrences
To see all deprecation instances instead of just the first occurrence of each,
run command again with the `--show-all-deprecations` flag. You may also need to
run with `--no-partial-parse` as some deprecations are only encountered during
parsing.
[0m10:54:08.394261 [debug] [MainThread]: Command `dbt docs generate` failed at 10:54:08.394261 after 14.14 seconds
[0m10:54:08.394261 [debug] [MainThread]: Sending event: {'category': 'dbt', 'action': 'invocation', 'label': 'end', 'context': [<snowplow_tracker.self_describing_json.SelfDescribingJson object at 0x000001FCD4AB2F10>, <snowplow_tracker.self_describing_json.SelfDescribingJson object at 0x000001FCD6B23790>, <snowplow_tracker.self_describing_json.SelfDescribingJson object at 0x000001FCD5B2C890>]}
[0m10:54:08.400002 [debug] [MainThread]: Flushing usage events
[0m10:54:09.681227 [debug] [MainThread]: An error was encountered while trying to flush usage events
[0m10:57:46.264032 [debug] [MainThread]: Sending event: {'category': 'dbt', 'action': 'invocation', 'label': 'start', 'context': [<snowplow_tracker.self_describing_json.SelfDescribingJson object at 0x000001F0EC39B450>, <snowplow_tracker.self_describing_json.SelfDescribingJson object at 0x000001F0EB31E7D0>, <snowplow_tracker.self_describing_json.SelfDescribingJson object at 0x000001F0EC463A50>]}


============================== 10:57:46.264032 | e4d9cdee-d65e-4386-9475-9439468ec1b6 ==============================
[0m10:57:46.264032 [info ] [MainThread]: Running with dbt=1.11.10
[0m10:57:46.264032 [debug] [MainThread]: running dbt with arguments {'version_check': 'True', 'no_print': 'None', 'static_parser': 'True', 'target_path': 'None', 'warn_error_options': 'WarnErrorOptionsV2(error=[], warn=[], silence=[])', 'printer_width': '80', 'write_json': 'True', 'empty': 'None', 'log_cache_events': 'False', 'introspect': 'True', 'cache_selected_only': 'False', 'fail_fast': 'False', 'debug': 'False', 'log_format': 'default', 'profiles_dir': 'E:\\gitbub\\SnowflakeLearing\\app\\dbt_finance', 'send_anonymous_usage_stats': 'True', 'quiet': 'False', 'warn_error': 'None', 'partial_parse': 'True', 'indirect_selection': 'eager', 'invocation_command': 'dbt docs generate', 'use_colors': 'True', 'use_experimental_parser': 'False', 'log_path': 'E:\\gitbub\\SnowflakeLearing\\app\\dbt_finance\\logs'}
[0m10:57:46.592666 [debug] [MainThread]: Snowflake adapter: Setting snowflake.connector to ERROR (file logging only)
[0m10:57:46.592666 [debug] [MainThread]: Snowflake adapter: Setting botocore to ERROR (file logging only)
[0m10:57:46.592666 [debug] [MainThread]: Snowflake adapter: Setting boto3 to ERROR (file logging only)
[0m10:57:46.746416 [debug] [MainThread]: Sending event: {'category': 'dbt', 'action': 'project_id', 'label': 'e4d9cdee-d65e-4386-9475-9439468ec1b6', 'context': [<snowplow_tracker.self_describing_json.SelfDescribingJson object at 0x000001F0ED3645D0>]}
[0m10:57:46.790002 [debug] [MainThread]: Sending event: {'category': 'dbt', 'action': 'adapter_info', 'label': 'e4d9cdee-d65e-4386-9475-9439468ec1b6', 'context': [<snowplow_tracker.self_describing_json.SelfDescribingJson object at 0x000001F0EA3B7B90>]}
[0m10:57:46.792006 [info ] [MainThread]: Registered adapter: snowflake=1.11.5
[0m10:57:47.062060 [debug] [MainThread]: checksum: 2f247960199844e016e6a527f21364251736722c6212f4b11e96849fe0fc9e96, vars: {}, profile: , target: , version: 1.11.10
[0m10:57:47.140932 [info ] [MainThread]: Unable to do partial parsing because profile has changed
[0m10:57:47.156945 [debug] [MainThread]: Sending event: {'category': 'dbt', 'action': 'partial_parser', 'label': 'e4d9cdee-d65e-4386-9475-9439468ec1b6', 'context': [<snowplow_tracker.self_describing_json.SelfDescribingJson object at 0x000001F0EA3CAD50>]}
[0m10:57:48.264749 [warn ] [MainThread]: [[33mWARNING[0m][MissingArgumentsPropertyInGenericTestDeprecation]: Deprecated
functionality
Found top-level arguments to test `accepted_values` defined on
'stg_raw_trade_orders' in package 'dbt_finance' (models\schema.yml). Arguments
to generic tests should be nested under the `arguments` property.
[0m10:57:48.264749 [debug] [MainThread]: Sending event: {'category': 'dbt', 'action': 'deprecation', 'label': 'e4d9cdee-d65e-4386-9475-9439468ec1b6', 'property_': 'warn', 'context': [<snowplow_tracker.self_describing_json.SelfDescribingJson object at 0x000001F0ED3E7C50>]}
[0m10:57:48.565676 [debug] [MainThread]: Sending event: {'category': 'dbt', 'action': 'load_project', 'label': 'e4d9cdee-d65e-4386-9475-9439468ec1b6', 'context': [<snowplow_tracker.self_describing_json.SelfDescribingJson object at 0x000001F0EDB7A8D0>]}
[0m10:57:48.597361 [debug] [MainThread]: Sending event: {'category': 'dbt', 'action': 'resource_counts', 'label': 'e4d9cdee-d65e-4386-9475-9439468ec1b6', 'context': [<snowplow_tracker.self_describing_json.SelfDescribingJson object at 0x000001F0EDD5BF10>]}
[0m10:57:48.597361 [info ] [MainThread]: Found 9 models, 33 data tests, 5 sources, 528 macros
[0m10:57:48.599118 [debug] [MainThread]: Sending event: {'category': 'dbt', 'action': 'runnable_timing', 'label': 'e4d9cdee-d65e-4386-9475-9439468ec1b6', 'context': [<snowplow_tracker.self_describing_json.SelfDescribingJson object at 0x000001F0ED681E50>]}
[0m10:57:48.599118 [info ] [MainThread]: 
[0m10:57:48.599118 [info ] [MainThread]: Concurrency: 4 threads (target='dev')
[0m10:57:48.599118 [info ] [MainThread]: 
[0m10:57:48.599118 [debug] [MainThread]: Acquiring new snowflake connection 'master'
[0m10:57:48.619058 [debug] [ThreadPool]: Acquiring new snowflake connection 'list_TEST_SNOWFLAKE_LEANING_SCHM_F_SNOWLEARN_DEV'
[0m10:57:48.756027 [debug] [ThreadPool]: Using snowflake connection "list_TEST_SNOWFLAKE_LEANING_SCHM_F_SNOWLEARN_DEV"
[0m10:57:48.756027 [debug] [ThreadPool]: On list_TEST_SNOWFLAKE_LEANING_SCHM_F_SNOWLEARN_DEV: show objects in TEST_SNOWFLAKE_LEANING.SCHM_F_SNOWLEARN_DEV
    limit 10000
    

/* {"app": "dbt", "dbt_version": "1.11.10", "profile_name": "dbt_finance", "target_name": "dev", "connection_name": "list_TEST_SNOWFLAKE_LEANING_SCHM_F_SNOWLEARN_DEV"} */;
[0m10:57:48.756027 [debug] [ThreadPool]: Opening a new connection, currently in state init
[0m10:57:48.756027 [debug] [ThreadPool]: Snowflake adapter: Error running SQL: show objects in TEST_SNOWFLAKE_LEANING.SCHM_F_SNOWLEARN_DEV
    limit 10000
    

/* {"app": "dbt", "dbt_version": "1.11.10", "profile_name": "dbt_finance", "target_name": "dev", "connection_name": "list_TEST_SNOWFLAKE_LEANING_SCHM_F_SNOWLEARN_DEV"} */;
[0m10:57:48.756027 [debug] [ThreadPool]: Snowflake adapter: Rolling back transaction.
[0m10:57:48.756027 [debug] [ThreadPool]: Snowflake adapter: Error running SQL: macro list_relations_without_caching
[0m10:57:48.756027 [debug] [ThreadPool]: Snowflake adapter: Rolling back transaction.
[0m10:57:48.756027 [debug] [MainThread]: Connection 'master' was properly closed.
[0m10:57:48.756027 [debug] [MainThread]: Connection 'list_TEST_SNOWFLAKE_LEANING_SCHM_F_SNOWLEARN_DEV' was left open.
[0m10:57:48.756027 [debug] [MainThread]: On list_TEST_SNOWFLAKE_LEANING_SCHM_F_SNOWLEARN_DEV: No close available on handle
[0m10:57:48.756027 [error] [MainThread]: Encountered an error:
Database Error
  251006: Password is empty
[0m10:57:48.771689 [warn ] [MainThread]: [[33mWARNING[0m][DeprecationsSummary]: Deprecated functionality
Summary of encountered deprecations:
- MissingArgumentsPropertyInGenericTestDeprecation: 8 occurrences
To see all deprecation instances instead of just the first occurrence of each,
run command again with the `--show-all-deprecations` flag. You may also need to
run with `--no-partial-parse` as some deprecations are only encountered during
parsing.
[0m10:57:48.771689 [debug] [MainThread]: Command `dbt docs generate` failed at 10:57:48.771689 after 2.60 seconds
[0m10:57:48.771689 [debug] [MainThread]: Sending event: {'category': 'dbt', 'action': 'invocation', 'label': 'end', 'context': [<snowplow_tracker.self_describing_json.SelfDescribingJson object at 0x000001F0EC39B190>, <snowplow_tracker.self_describing_json.SelfDescribingJson object at 0x000001F0EC39B0D0>, <snowplow_tracker.self_describing_json.SelfDescribingJson object at 0x000001F0EDD2B9D0>]}
[0m10:57:48.771689 [debug] [MainThread]: Flushing usage events
[0m10:57:49.926852 [debug] [MainThread]: An error was encountered while trying to flush usage events
[0m10:59:02.008906 [debug] [MainThread]: Sending event: {'category': 'dbt', 'action': 'invocation', 'label': 'start', 'context': [<snowplow_tracker.self_describing_json.SelfDescribingJson object at 0x000001EEC6549650>, <snowplow_tracker.self_describing_json.SelfDescribingJson object at 0x000001EEC654BAD0>, <snowplow_tracker.self_describing_json.SelfDescribingJson object at 0x000001EEC654A290>]}


============================== 10:59:02.008906 | 417bcfd4-99e5-4f9a-b59f-ef1a6de9999a ==============================
[0m10:59:02.008906 [info ] [MainThread]: Running with dbt=1.11.10
[0m10:59:02.008906 [debug] [MainThread]: running dbt with arguments {'version_check': 'True', 'no_print': 'None', 'static_parser': 'True', 'warn_error_options': 'WarnErrorOptionsV2(error=[], warn=[], silence=[])', 'target_path': 'None', 'printer_width': '80', 'write_json': 'True', 'introspect': 'True', 'log_cache_events': 'False', 'empty': 'None', 'cache_selected_only': 'False', 'log_format': 'default', 'debug': 'False', 'fail_fast': 'False', 'profiles_dir': 'E:\\gitbub\\SnowflakeLearing\\app\\dbt_finance', 'send_anonymous_usage_stats': 'True', 'quiet': 'False', 'warn_error': 'None', 'partial_parse': 'True', 'invocation_command': 'dbt docs generate', 'use_colors': 'True', 'indirect_selection': 'eager', 'use_experimental_parser': 'False', 'log_path': 'E:\\gitbub\\SnowflakeLearing\\app\\dbt_finance\\logs'}
[0m10:59:02.341874 [debug] [MainThread]: Snowflake adapter: Setting snowflake.connector to ERROR (file logging only)
[0m10:59:02.341874 [debug] [MainThread]: Snowflake adapter: Setting botocore to ERROR (file logging only)
[0m10:59:02.341874 [debug] [MainThread]: Snowflake adapter: Setting boto3 to ERROR (file logging only)
[0m10:59:02.496705 [debug] [MainThread]: Sending event: {'category': 'dbt', 'action': 'project_id', 'label': '417bcfd4-99e5-4f9a-b59f-ef1a6de9999a', 'context': [<snowplow_tracker.self_describing_json.SelfDescribingJson object at 0x000001EEC65B0C90>]}
[0m10:59:02.540026 [debug] [MainThread]: Sending event: {'category': 'dbt', 'action': 'adapter_info', 'label': '417bcfd4-99e5-4f9a-b59f-ef1a6de9999a', 'context': [<snowplow_tracker.self_describing_json.SelfDescribingJson object at 0x000001EEC65F4050>]}
[0m10:59:02.542031 [info ] [MainThread]: Registered adapter: snowflake=1.11.5
[0m10:59:02.804332 [debug] [MainThread]: checksum: 2f247960199844e016e6a527f21364251736722c6212f4b11e96849fe0fc9e96, vars: {}, profile: , target: , version: 1.11.10
[0m10:59:02.928043 [debug] [MainThread]: Partial parsing enabled: 0 files deleted, 0 files added, 0 files changed.
[0m10:59:02.928043 [debug] [MainThread]: Nothing changed, skipping partial parsing.
[0m10:59:02.928043 [debug] [MainThread]: Partial parsing enabled, no changes found, skipping parsing
[0m10:59:02.959927 [debug] [MainThread]: Sending event: {'category': 'dbt', 'action': 'load_project', 'label': '417bcfd4-99e5-4f9a-b59f-ef1a6de9999a', 'context': [<snowplow_tracker.self_describing_json.SelfDescribingJson object at 0x000001EEC79AD6D0>]}
[0m10:59:02.975639 [debug] [MainThread]: Sending event: {'category': 'dbt', 'action': 'resource_counts', 'label': '417bcfd4-99e5-4f9a-b59f-ef1a6de9999a', 'context': [<snowplow_tracker.self_describing_json.SelfDescribingJson object at 0x000001EEC78701D0>]}
[0m10:59:02.975639 [info ] [MainThread]: Found 9 models, 33 data tests, 5 sources, 528 macros
[0m10:59:02.975639 [debug] [MainThread]: Sending event: {'category': 'dbt', 'action': 'runnable_timing', 'label': '417bcfd4-99e5-4f9a-b59f-ef1a6de9999a', 'context': [<snowplow_tracker.self_describing_json.SelfDescribingJson object at 0x000001EEC79CC6D0>]}
[0m10:59:02.991456 [info ] [MainThread]: 
[0m10:59:02.993610 [info ] [MainThread]: Concurrency: 4 threads (target='dev')
[0m10:59:02.993610 [info ] [MainThread]: 
[0m10:59:02.993610 [debug] [MainThread]: Acquiring new snowflake connection 'master'
[0m10:59:02.993610 [debug] [ThreadPool]: Acquiring new snowflake connection 'list_TEST_SNOWFLAKE_LEANING_SCHM_F_SNOWLEARN_DEV'
[0m10:59:03.055033 [debug] [ThreadPool]: Using snowflake connection "list_TEST_SNOWFLAKE_LEANING_SCHM_F_SNOWLEARN_DEV"
[0m10:59:03.055033 [debug] [ThreadPool]: On list_TEST_SNOWFLAKE_LEANING_SCHM_F_SNOWLEARN_DEV: show objects in TEST_SNOWFLAKE_LEANING.SCHM_F_SNOWLEARN_DEV
    limit 10000
    

/* {"app": "dbt", "dbt_version": "1.11.10", "profile_name": "dbt_finance", "target_name": "dev", "connection_name": "list_TEST_SNOWFLAKE_LEANING_SCHM_F_SNOWLEARN_DEV"} */;
[0m10:59:03.055033 [debug] [ThreadPool]: Opening a new connection, currently in state init
[0m10:59:11.780022 [debug] [ThreadPool]: SQL status: SUCCESS 9 in 8.714 seconds
[0m10:59:11.780022 [debug] [MainThread]: Sending event: {'category': 'dbt', 'action': 'runnable_timing', 'label': '417bcfd4-99e5-4f9a-b59f-ef1a6de9999a', 'context': [<snowplow_tracker.self_describing_json.SelfDescribingJson object at 0x000001EEC1CF2590>]}
[0m10:59:11.866020 [debug] [Thread-2 (]: Began running node model.dbt_finance.stg_dim_account
[0m10:59:11.866020 [debug] [Thread-3 (]: Began running node model.dbt_finance.stg_dim_security
[0m10:59:11.866020 [debug] [Thread-4 (]: Began running node model.dbt_finance.stg_raw_fund_nav
[0m10:59:11.875098 [debug] [Thread-5 (]: Began running node model.dbt_finance.stg_raw_stock_quotes
[0m10:59:11.875098 [debug] [Thread-2 (]: Acquiring new snowflake connection 'model.dbt_finance.stg_dim_account'
[0m10:59:11.875098 [debug] [Thread-3 (]: Acquiring new snowflake connection 'model.dbt_finance.stg_dim_security'
[0m10:59:11.875098 [debug] [Thread-4 (]: Acquiring new snowflake connection 'model.dbt_finance.stg_raw_fund_nav'
[0m10:59:11.875098 [debug] [Thread-5 (]: Acquiring new snowflake connection 'model.dbt_finance.stg_raw_stock_quotes'
[0m10:59:11.875098 [debug] [Thread-2 (]: Began compiling node model.dbt_finance.stg_dim_account
[0m10:59:11.875098 [debug] [Thread-3 (]: Began compiling node model.dbt_finance.stg_dim_security
[0m10:59:11.875098 [debug] [Thread-4 (]: Began compiling node model.dbt_finance.stg_raw_fund_nav
[0m10:59:11.875098 [debug] [Thread-5 (]: Began compiling node model.dbt_finance.stg_raw_stock_quotes
[0m10:59:11.906740 [debug] [Thread-2 (]: Writing injected SQL for node "model.dbt_finance.stg_dim_account"
[0m10:59:11.906740 [debug] [Thread-3 (]: Writing injected SQL for node "model.dbt_finance.stg_dim_security"
[0m10:59:11.922540 [debug] [Thread-4 (]: Writing injected SQL for node "model.dbt_finance.stg_raw_fund_nav"
[0m10:59:11.922540 [debug] [Thread-5 (]: Writing injected SQL for node "model.dbt_finance.stg_raw_stock_quotes"
[0m10:59:11.922540 [debug] [Thread-3 (]: Began executing node model.dbt_finance.stg_dim_security
[0m10:59:11.938357 [debug] [Thread-2 (]: Began executing node model.dbt_finance.stg_dim_account
[0m10:59:11.938357 [debug] [Thread-4 (]: Began executing node model.dbt_finance.stg_raw_fund_nav
[0m10:59:11.938357 [debug] [Thread-3 (]: Finished running node model.dbt_finance.stg_dim_security
[0m10:59:11.938357 [debug] [Thread-5 (]: Began executing node model.dbt_finance.stg_raw_stock_quotes
[0m10:59:11.946809 [debug] [Thread-2 (]: Finished running node model.dbt_finance.stg_dim_account
[0m10:59:11.946809 [debug] [Thread-4 (]: Finished running node model.dbt_finance.stg_raw_fund_nav
[0m10:59:11.946809 [debug] [Thread-3 (]: Began running node model.dbt_finance.stg_raw_trade_orders
[0m10:59:11.954394 [debug] [Thread-5 (]: Finished running node model.dbt_finance.stg_raw_stock_quotes
[0m10:59:11.954394 [debug] [Thread-2 (]: Began running node test.dbt_finance.not_null_stg_dim_security_security_key.d8109762eb
[0m10:59:11.954394 [debug] [Thread-4 (]: Began running node test.dbt_finance.not_null_stg_dim_security_symbol.7bdb18d93f
[0m10:59:11.954394 [debug] [Thread-3 (]: Re-using an available connection from the pool (formerly model.dbt_finance.stg_dim_security, now model.dbt_finance.stg_raw_trade_orders)
[0m10:59:11.954394 [debug] [Thread-5 (]: Began running node test.dbt_finance.unique_stg_dim_security_security_key.73f52a6847
[0m10:59:11.954394 [debug] [Thread-2 (]: Re-using an available connection from the pool (formerly model.dbt_finance.stg_dim_account, now test.dbt_finance.not_null_stg_dim_security_security_key.d8109762eb)
[0m10:59:11.954394 [debug] [Thread-4 (]: Re-using an available connection from the pool (formerly model.dbt_finance.stg_raw_fund_nav, now test.dbt_finance.not_null_stg_dim_security_symbol.7bdb18d93f)
[0m10:59:11.954394 [debug] [Thread-3 (]: Began compiling node model.dbt_finance.stg_raw_trade_orders
[0m10:59:11.954394 [debug] [Thread-5 (]: Re-using an available connection from the pool (formerly model.dbt_finance.stg_raw_stock_quotes, now test.dbt_finance.unique_stg_dim_security_security_key.73f52a6847)
[0m10:59:11.970101 [debug] [Thread-2 (]: Began compiling node test.dbt_finance.not_null_stg_dim_security_security_key.d8109762eb
[0m10:59:11.970101 [debug] [Thread-4 (]: Began compiling node test.dbt_finance.not_null_stg_dim_security_symbol.7bdb18d93f
[0m10:59:11.978860 [debug] [Thread-3 (]: Writing injected SQL for node "model.dbt_finance.stg_raw_trade_orders"
[0m10:59:11.985775 [debug] [Thread-5 (]: Began compiling node test.dbt_finance.unique_stg_dim_security_security_key.73f52a6847
[0m10:59:12.017859 [debug] [Thread-2 (]: Writing injected SQL for node "test.dbt_finance.not_null_stg_dim_security_security_key.d8109762eb"
[0m10:59:12.033949 [debug] [Thread-4 (]: Writing injected SQL for node "test.dbt_finance.not_null_stg_dim_security_symbol.7bdb18d93f"
[0m10:59:12.033949 [debug] [Thread-5 (]: Writing injected SQL for node "test.dbt_finance.unique_stg_dim_security_security_key.73f52a6847"
[0m10:59:12.033949 [debug] [Thread-3 (]: Began executing node model.dbt_finance.stg_raw_trade_orders
[0m10:59:12.033949 [debug] [Thread-2 (]: Began executing node test.dbt_finance.not_null_stg_dim_security_security_key.d8109762eb
[0m10:59:12.033949 [debug] [Thread-4 (]: Began executing node test.dbt_finance.not_null_stg_dim_security_symbol.7bdb18d93f
[0m10:59:12.050066 [debug] [Thread-3 (]: Finished running node model.dbt_finance.stg_raw_trade_orders
[0m10:59:12.050066 [debug] [Thread-5 (]: Began executing node test.dbt_finance.unique_stg_dim_security_security_key.73f52a6847
[0m10:59:12.050066 [debug] [Thread-2 (]: Finished running node test.dbt_finance.not_null_stg_dim_security_security_key.d8109762eb
[0m10:59:12.050066 [debug] [Thread-4 (]: Finished running node test.dbt_finance.not_null_stg_dim_security_symbol.7bdb18d93f
[0m10:59:12.050066 [debug] [Thread-3 (]: Began running node test.dbt_finance.unique_stg_dim_security_symbol.ffe139b55f
[0m10:59:12.050066 [debug] [Thread-5 (]: Finished running node test.dbt_finance.unique_stg_dim_security_security_key.73f52a6847
[0m10:59:12.050066 [debug] [Thread-2 (]: Began running node test.dbt_finance.accepted_values_stg_dim_account_risk_level__LOW__MEDIUM__HIGH.530b60fec8
[0m10:59:12.050066 [debug] [Thread-4 (]: Began running node test.dbt_finance.not_null_stg_dim_account_account_id.e08784531f
[0m10:59:12.066134 [debug] [Thread-3 (]: Re-using an available connection from the pool (formerly model.dbt_finance.stg_raw_trade_orders, now test.dbt_finance.unique_stg_dim_security_symbol.ffe139b55f)
[0m10:59:12.066134 [debug] [Thread-5 (]: Began running node test.dbt_finance.not_null_stg_dim_account_account_key.f12db6ab35
[0m10:59:12.066134 [debug] [Thread-2 (]: Re-using an available connection from the pool (formerly test.dbt_finance.not_null_stg_dim_security_security_key.d8109762eb, now test.dbt_finance.accepted_values_stg_dim_account_risk_level__LOW__MEDIUM__HIGH.530b60fec8)
[0m10:59:12.066134 [debug] [Thread-4 (]: Re-using an available connection from the pool (formerly test.dbt_finance.not_null_stg_dim_security_symbol.7bdb18d93f, now test.dbt_finance.not_null_stg_dim_account_account_id.e08784531f)
[0m10:59:12.066134 [debug] [Thread-3 (]: Began compiling node test.dbt_finance.unique_stg_dim_security_symbol.ffe139b55f
[0m10:59:12.066134 [debug] [Thread-5 (]: Re-using an available connection from the pool (formerly test.dbt_finance.unique_stg_dim_security_security_key.73f52a6847, now test.dbt_finance.not_null_stg_dim_account_account_key.f12db6ab35)
[0m10:59:12.066134 [debug] [Thread-2 (]: Began compiling node test.dbt_finance.accepted_values_stg_dim_account_risk_level__LOW__MEDIUM__HIGH.530b60fec8
[0m10:59:12.066134 [debug] [Thread-4 (]: Began compiling node test.dbt_finance.not_null_stg_dim_account_account_id.e08784531f
[0m10:59:12.082122 [debug] [Thread-3 (]: Writing injected SQL for node "test.dbt_finance.unique_stg_dim_security_symbol.ffe139b55f"
[0m10:59:12.082122 [debug] [Thread-5 (]: Began compiling node test.dbt_finance.not_null_stg_dim_account_account_key.f12db6ab35
[0m10:59:12.100681 [debug] [Thread-2 (]: Writing injected SQL for node "test.dbt_finance.accepted_values_stg_dim_account_risk_level__LOW__MEDIUM__HIGH.530b60fec8"
[0m10:59:12.114018 [debug] [Thread-4 (]: Writing injected SQL for node "test.dbt_finance.not_null_stg_dim_account_account_id.e08784531f"
[0m10:59:12.130110 [debug] [Thread-5 (]: Writing injected SQL for node "test.dbt_finance.not_null_stg_dim_account_account_key.f12db6ab35"
[0m10:59:12.130110 [debug] [Thread-3 (]: Began executing node test.dbt_finance.unique_stg_dim_security_symbol.ffe139b55f
[0m10:59:12.130110 [debug] [Thread-2 (]: Began executing node test.dbt_finance.accepted_values_stg_dim_account_risk_level__LOW__MEDIUM__HIGH.530b60fec8
[0m10:59:12.130110 [debug] [Thread-4 (]: Began executing node test.dbt_finance.not_null_stg_dim_account_account_id.e08784531f
[0m10:59:12.142400 [debug] [Thread-3 (]: Finished running node test.dbt_finance.unique_stg_dim_security_symbol.ffe139b55f
[0m10:59:12.142400 [debug] [Thread-5 (]: Began executing node test.dbt_finance.not_null_stg_dim_account_account_key.f12db6ab35
[0m10:59:12.146022 [debug] [Thread-2 (]: Finished running node test.dbt_finance.accepted_values_stg_dim_account_risk_level__LOW__MEDIUM__HIGH.530b60fec8
[0m10:59:12.146022 [debug] [Thread-4 (]: Finished running node test.dbt_finance.not_null_stg_dim_account_account_id.e08784531f
[0m10:59:12.146022 [debug] [Thread-3 (]: Began running node test.dbt_finance.unique_stg_dim_account_account_id.b4185e9c8a
[0m10:59:12.146022 [debug] [Thread-5 (]: Finished running node test.dbt_finance.not_null_stg_dim_account_account_key.f12db6ab35
[0m10:59:12.146022 [debug] [Thread-2 (]: Began running node test.dbt_finance.unique_stg_dim_account_account_key.24f70477e8
[0m10:59:12.146022 [debug] [Thread-4 (]: Began running node test.dbt_finance.not_null_stg_raw_fund_nav_fund_code.6632e7c2c3
[0m10:59:12.146022 [debug] [Thread-3 (]: Re-using an available connection from the pool (formerly test.dbt_finance.unique_stg_dim_security_symbol.ffe139b55f, now test.dbt_finance.unique_stg_dim_account_account_id.b4185e9c8a)
[0m10:59:12.146022 [debug] [Thread-5 (]: Began running node test.dbt_finance.not_null_stg_raw_fund_nav_nav_date.ef8270eae0
[0m10:59:12.146022 [debug] [Thread-2 (]: Re-using an available connection from the pool (formerly test.dbt_finance.accepted_values_stg_dim_account_risk_level__LOW__MEDIUM__HIGH.530b60fec8, now test.dbt_finance.unique_stg_dim_account_account_key.24f70477e8)
[0m10:59:12.146022 [debug] [Thread-4 (]: Re-using an available connection from the pool (formerly test.dbt_finance.not_null_stg_dim_account_account_id.e08784531f, now test.dbt_finance.not_null_stg_raw_fund_nav_fund_code.6632e7c2c3)
[0m10:59:12.161762 [debug] [Thread-3 (]: Began compiling node test.dbt_finance.unique_stg_dim_account_account_id.b4185e9c8a
[0m10:59:12.161762 [debug] [Thread-5 (]: Re-using an available connection from the pool (formerly test.dbt_finance.not_null_stg_dim_account_account_key.f12db6ab35, now test.dbt_finance.not_null_stg_raw_fund_nav_nav_date.ef8270eae0)
[0m10:59:12.161762 [debug] [Thread-2 (]: Began compiling node test.dbt_finance.unique_stg_dim_account_account_key.24f70477e8
[0m10:59:12.161762 [debug] [Thread-4 (]: Began compiling node test.dbt_finance.not_null_stg_raw_fund_nav_fund_code.6632e7c2c3
[0m10:59:12.161762 [debug] [Thread-3 (]: Writing injected SQL for node "test.dbt_finance.unique_stg_dim_account_account_id.b4185e9c8a"
[0m10:59:12.161762 [debug] [Thread-5 (]: Began compiling node test.dbt_finance.not_null_stg_raw_fund_nav_nav_date.ef8270eae0
[0m10:59:12.177564 [debug] [Thread-2 (]: Writing injected SQL for node "test.dbt_finance.unique_stg_dim_account_account_key.24f70477e8"
[0m10:59:12.240587 [debug] [Thread-4 (]: Writing injected SQL for node "test.dbt_finance.not_null_stg_raw_fund_nav_fund_code.6632e7c2c3"
[0m10:59:12.240587 [debug] [Thread-5 (]: Writing injected SQL for node "test.dbt_finance.not_null_stg_raw_fund_nav_nav_date.ef8270eae0"
[0m10:59:12.240587 [debug] [Thread-3 (]: Began executing node test.dbt_finance.unique_stg_dim_account_account_id.b4185e9c8a
[0m10:59:12.240587 [debug] [Thread-2 (]: Began executing node test.dbt_finance.unique_stg_dim_account_account_key.24f70477e8
[0m10:59:12.240587 [debug] [Thread-4 (]: Began executing node test.dbt_finance.not_null_stg_raw_fund_nav_fund_code.6632e7c2c3
[0m10:59:12.240587 [debug] [Thread-5 (]: Began executing node test.dbt_finance.not_null_stg_raw_fund_nav_nav_date.ef8270eae0
[0m10:59:12.240587 [debug] [Thread-3 (]: Finished running node test.dbt_finance.unique_stg_dim_account_account_id.b4185e9c8a
[0m10:59:12.240587 [debug] [Thread-2 (]: Finished running node test.dbt_finance.unique_stg_dim_account_account_key.24f70477e8
[0m10:59:12.256500 [debug] [Thread-4 (]: Finished running node test.dbt_finance.not_null_stg_raw_fund_nav_fund_code.6632e7c2c3
[0m10:59:12.259126 [debug] [Thread-5 (]: Finished running node test.dbt_finance.not_null_stg_raw_fund_nav_nav_date.ef8270eae0
[0m10:59:12.259126 [debug] [Thread-3 (]: Began running node model.dbt_finance.mart_security_daily_performance
[0m10:59:12.263485 [debug] [Thread-2 (]: Began running node test.dbt_finance.not_null_stg_raw_stock_quotes_symbol.92699082e2
[0m10:59:12.263485 [debug] [Thread-4 (]: Began running node test.dbt_finance.not_null_stg_raw_stock_quotes_trade_date.ca8a10406c
[0m10:59:12.263485 [debug] [Thread-5 (]: Began running node model.dbt_finance.int_trade_enriched
[0m10:59:12.263485 [debug] [Thread-3 (]: Re-using an available connection from the pool (formerly test.dbt_finance.unique_stg_dim_account_account_id.b4185e9c8a, now model.dbt_finance.mart_security_daily_performance)
[0m10:59:12.270162 [debug] [Thread-2 (]: Re-using an available connection from the pool (formerly test.dbt_finance.unique_stg_dim_account_account_key.24f70477e8, now test.dbt_finance.not_null_stg_raw_stock_quotes_symbol.92699082e2)
[0m10:59:12.272178 [debug] [Thread-4 (]: Re-using an available connection from the pool (formerly test.dbt_finance.not_null_stg_raw_fund_nav_fund_code.6632e7c2c3, now test.dbt_finance.not_null_stg_raw_stock_quotes_trade_date.ca8a10406c)
[0m10:59:12.272178 [debug] [Thread-5 (]: Re-using an available connection from the pool (formerly test.dbt_finance.not_null_stg_raw_fund_nav_nav_date.ef8270eae0, now model.dbt_finance.int_trade_enriched)
[0m10:59:12.272178 [debug] [Thread-3 (]: Began compiling node model.dbt_finance.mart_security_daily_performance
[0m10:59:12.272178 [debug] [Thread-2 (]: Began compiling node test.dbt_finance.not_null_stg_raw_stock_quotes_symbol.92699082e2
[0m10:59:12.272178 [debug] [Thread-4 (]: Began compiling node test.dbt_finance.not_null_stg_raw_stock_quotes_trade_date.ca8a10406c
[0m10:59:12.272178 [debug] [Thread-5 (]: Began compiling node model.dbt_finance.int_trade_enriched
[0m10:59:12.288257 [debug] [Thread-3 (]: Writing injected SQL for node "model.dbt_finance.mart_security_daily_performance"
[0m10:59:12.290534 [debug] [Thread-2 (]: Writing injected SQL for node "test.dbt_finance.not_null_stg_raw_stock_quotes_symbol.92699082e2"
[0m10:59:12.304016 [debug] [Thread-4 (]: Writing injected SQL for node "test.dbt_finance.not_null_stg_raw_stock_quotes_trade_date.ca8a10406c"
[0m10:59:12.319813 [debug] [Thread-5 (]: Writing injected SQL for node "model.dbt_finance.int_trade_enriched"
[0m10:59:12.319813 [debug] [Thread-3 (]: Began executing node model.dbt_finance.mart_security_daily_performance
[0m10:59:12.319813 [debug] [Thread-2 (]: Began executing node test.dbt_finance.not_null_stg_raw_stock_quotes_symbol.92699082e2
[0m10:59:12.319813 [debug] [Thread-4 (]: Began executing node test.dbt_finance.not_null_stg_raw_stock_quotes_trade_date.ca8a10406c
[0m10:59:12.330966 [debug] [Thread-3 (]: Finished running node model.dbt_finance.mart_security_daily_performance
[0m10:59:12.330966 [debug] [Thread-5 (]: Began executing node model.dbt_finance.int_trade_enriched
[0m10:59:12.335731 [debug] [Thread-2 (]: Finished running node test.dbt_finance.not_null_stg_raw_stock_quotes_symbol.92699082e2
[0m10:59:12.335731 [debug] [Thread-4 (]: Finished running node test.dbt_finance.not_null_stg_raw_stock_quotes_trade_date.ca8a10406c
[0m10:59:12.340029 [debug] [Thread-3 (]: Began running node test.dbt_finance.accepted_values_stg_raw_trade_orders_direction__BUY__SELL.d6d0f8e60e
[0m10:59:12.340029 [debug] [Thread-5 (]: Finished running node model.dbt_finance.int_trade_enriched
[0m10:59:12.340029 [debug] [Thread-2 (]: Began running node test.dbt_finance.accepted_values_stg_raw_trade_orders_order_type__LIMIT__MARKET.b2d921fb3f
[0m10:59:12.340029 [debug] [Thread-4 (]: Began running node test.dbt_finance.accepted_values_stg_raw_trade_orders_status__FILLED__PARTIAL__CANCELLED.65213b3958
[0m10:59:12.340029 [debug] [Thread-3 (]: Re-using an available connection from the pool (formerly model.dbt_finance.mart_security_daily_performance, now test.dbt_finance.accepted_values_stg_raw_trade_orders_direction__BUY__SELL.d6d0f8e60e)
[0m10:59:12.340029 [debug] [Thread-5 (]: Began running node test.dbt_finance.not_null_stg_raw_trade_orders_order_id.f9af6bf111
[0m10:59:12.351723 [debug] [Thread-2 (]: Re-using an available connection from the pool (formerly test.dbt_finance.not_null_stg_raw_stock_quotes_symbol.92699082e2, now test.dbt_finance.accepted_values_stg_raw_trade_orders_order_type__LIMIT__MARKET.b2d921fb3f)
[0m10:59:12.351723 [debug] [Thread-4 (]: Re-using an available connection from the pool (formerly test.dbt_finance.not_null_stg_raw_stock_quotes_trade_date.ca8a10406c, now test.dbt_finance.accepted_values_stg_raw_trade_orders_status__FILLED__PARTIAL__CANCELLED.65213b3958)
[0m10:59:12.351723 [debug] [Thread-3 (]: Began compiling node test.dbt_finance.accepted_values_stg_raw_trade_orders_direction__BUY__SELL.d6d0f8e60e
[0m10:59:12.351723 [debug] [Thread-5 (]: Re-using an available connection from the pool (formerly model.dbt_finance.int_trade_enriched, now test.dbt_finance.not_null_stg_raw_trade_orders_order_id.f9af6bf111)
[0m10:59:12.351723 [debug] [Thread-2 (]: Began compiling node test.dbt_finance.accepted_values_stg_raw_trade_orders_order_type__LIMIT__MARKET.b2d921fb3f
[0m10:59:12.351723 [debug] [Thread-4 (]: Began compiling node test.dbt_finance.accepted_values_stg_raw_trade_orders_status__FILLED__PARTIAL__CANCELLED.65213b3958
[0m10:59:12.367441 [debug] [Thread-3 (]: Writing injected SQL for node "test.dbt_finance.accepted_values_stg_raw_trade_orders_direction__BUY__SELL.d6d0f8e60e"
[0m10:59:12.367441 [debug] [Thread-5 (]: Began compiling node test.dbt_finance.not_null_stg_raw_trade_orders_order_id.f9af6bf111
[0m10:59:12.383491 [debug] [Thread-2 (]: Writing injected SQL for node "test.dbt_finance.accepted_values_stg_raw_trade_orders_order_type__LIMIT__MARKET.b2d921fb3f"
[0m10:59:12.399323 [debug] [Thread-4 (]: Writing injected SQL for node "test.dbt_finance.accepted_values_stg_raw_trade_orders_status__FILLED__PARTIAL__CANCELLED.65213b3958"
[0m10:59:12.415037 [debug] [Thread-5 (]: Writing injected SQL for node "test.dbt_finance.not_null_stg_raw_trade_orders_order_id.f9af6bf111"
[0m10:59:12.415037 [debug] [Thread-3 (]: Began executing node test.dbt_finance.accepted_values_stg_raw_trade_orders_direction__BUY__SELL.d6d0f8e60e
[0m10:59:12.415037 [debug] [Thread-2 (]: Began executing node test.dbt_finance.accepted_values_stg_raw_trade_orders_order_type__LIMIT__MARKET.b2d921fb3f
[0m10:59:12.427176 [debug] [Thread-4 (]: Began executing node test.dbt_finance.accepted_values_stg_raw_trade_orders_status__FILLED__PARTIAL__CANCELLED.65213b3958
[0m10:59:12.427176 [debug] [Thread-3 (]: Finished running node test.dbt_finance.accepted_values_stg_raw_trade_orders_direction__BUY__SELL.d6d0f8e60e
[0m10:59:12.431055 [debug] [Thread-5 (]: Began executing node test.dbt_finance.not_null_stg_raw_trade_orders_order_id.f9af6bf111
[0m10:59:12.431055 [debug] [Thread-2 (]: Finished running node test.dbt_finance.accepted_values_stg_raw_trade_orders_order_type__LIMIT__MARKET.b2d921fb3f
[0m10:59:12.431055 [debug] [Thread-4 (]: Finished running node test.dbt_finance.accepted_values_stg_raw_trade_orders_status__FILLED__PARTIAL__CANCELLED.65213b3958
[0m10:59:12.431055 [debug] [Thread-3 (]: Began running node test.dbt_finance.not_null_stg_raw_trade_orders_price.01fb5edd6b
[0m10:59:12.431055 [debug] [Thread-5 (]: Finished running node test.dbt_finance.not_null_stg_raw_trade_orders_order_id.f9af6bf111
[0m10:59:12.446823 [debug] [Thread-2 (]: Began running node test.dbt_finance.not_null_stg_raw_trade_orders_quantity.81806273ce
[0m10:59:12.446823 [debug] [Thread-4 (]: Began running node test.dbt_finance.unique_stg_raw_trade_orders_order_id.9ac183a5ee
[0m10:59:12.446823 [debug] [Thread-3 (]: Re-using an available connection from the pool (formerly test.dbt_finance.accepted_values_stg_raw_trade_orders_direction__BUY__SELL.d6d0f8e60e, now test.dbt_finance.not_null_stg_raw_trade_orders_price.01fb5edd6b)
[0m10:59:12.446823 [debug] [Thread-5 (]: Began running node test.dbt_finance.accepted_values_mart_security_daily_performance_price_trend__STRONG_UP__UP__FLAT__DOWN__STRONG_DOWN.327f2efff7
[0m10:59:12.446823 [debug] [Thread-2 (]: Re-using an available connection from the pool (formerly test.dbt_finance.accepted_values_stg_raw_trade_orders_order_type__LIMIT__MARKET.b2d921fb3f, now test.dbt_finance.not_null_stg_raw_trade_orders_quantity.81806273ce)
[0m10:59:12.446823 [debug] [Thread-4 (]: Re-using an available connection from the pool (formerly test.dbt_finance.accepted_values_stg_raw_trade_orders_status__FILLED__PARTIAL__CANCELLED.65213b3958, now test.dbt_finance.unique_stg_raw_trade_orders_order_id.9ac183a5ee)
[0m10:59:12.446823 [debug] [Thread-3 (]: Began compiling node test.dbt_finance.not_null_stg_raw_trade_orders_price.01fb5edd6b
[0m10:59:12.446823 [debug] [Thread-5 (]: Re-using an available connection from the pool (formerly test.dbt_finance.not_null_stg_raw_trade_orders_order_id.f9af6bf111, now test.dbt_finance.accepted_values_mart_security_daily_performance_price_trend__STRONG_UP__UP__FLAT__DOWN__STRONG_DOWN.327f2efff7)
[0m10:59:12.446823 [debug] [Thread-2 (]: Began compiling node test.dbt_finance.not_null_stg_raw_trade_orders_quantity.81806273ce
[0m10:59:12.446823 [debug] [Thread-4 (]: Began compiling node test.dbt_finance.unique_stg_raw_trade_orders_order_id.9ac183a5ee
[0m10:59:12.462670 [debug] [Thread-3 (]: Writing injected SQL for node "test.dbt_finance.not_null_stg_raw_trade_orders_price.01fb5edd6b"
[0m10:59:12.462670 [debug] [Thread-5 (]: Began compiling node test.dbt_finance.accepted_values_mart_security_daily_performance_price_trend__STRONG_UP__UP__FLAT__DOWN__STRONG_DOWN.327f2efff7
[0m10:59:12.478790 [debug] [Thread-2 (]: Writing injected SQL for node "test.dbt_finance.not_null_stg_raw_trade_orders_quantity.81806273ce"
[0m10:59:12.494591 [debug] [Thread-4 (]: Writing injected SQL for node "test.dbt_finance.unique_stg_raw_trade_orders_order_id.9ac183a5ee"
[0m10:59:12.510574 [debug] [Thread-5 (]: Writing injected SQL for node "test.dbt_finance.accepted_values_mart_security_daily_performance_price_trend__STRONG_UP__UP__FLAT__DOWN__STRONG_DOWN.327f2efff7"
[0m10:59:12.510574 [debug] [Thread-3 (]: Began executing node test.dbt_finance.not_null_stg_raw_trade_orders_price.01fb5edd6b
[0m10:59:12.510574 [debug] [Thread-2 (]: Began executing node test.dbt_finance.not_null_stg_raw_trade_orders_quantity.81806273ce
[0m10:59:12.510574 [debug] [Thread-4 (]: Began executing node test.dbt_finance.unique_stg_raw_trade_orders_order_id.9ac183a5ee
[0m10:59:12.510574 [debug] [Thread-3 (]: Finished running node test.dbt_finance.not_null_stg_raw_trade_orders_price.01fb5edd6b
[0m10:59:12.510574 [debug] [Thread-5 (]: Began executing node test.dbt_finance.accepted_values_mart_security_daily_performance_price_trend__STRONG_UP__UP__FLAT__DOWN__STRONG_DOWN.327f2efff7
[0m10:59:12.526498 [debug] [Thread-2 (]: Finished running node test.dbt_finance.not_null_stg_raw_trade_orders_quantity.81806273ce
[0m10:59:12.526498 [debug] [Thread-4 (]: Finished running node test.dbt_finance.unique_stg_raw_trade_orders_order_id.9ac183a5ee
[0m10:59:12.526498 [debug] [Thread-3 (]: Began running node test.dbt_finance.accepted_values_mart_security_daily_performance_volume_tier__VERY_HIGH__HIGH__MEDIUM__LOW.7f5f297415
[0m10:59:12.526498 [debug] [Thread-5 (]: Finished running node test.dbt_finance.accepted_values_mart_security_daily_performance_price_trend__STRONG_UP__UP__FLAT__DOWN__STRONG_DOWN.327f2efff7
[0m10:59:12.526498 [debug] [Thread-2 (]: Began running node test.dbt_finance.not_null_mart_security_daily_performance_symbol.304c0f0e8a
[0m10:59:12.526498 [debug] [Thread-4 (]: Began running node test.dbt_finance.not_null_mart_security_daily_performance_trade_date.520dc4e6eb
[0m10:59:12.526498 [debug] [Thread-3 (]: Re-using an available connection from the pool (formerly test.dbt_finance.not_null_stg_raw_trade_orders_price.01fb5edd6b, now test.dbt_finance.accepted_values_mart_security_daily_performance_volume_tier__VERY_HIGH__HIGH__MEDIUM__LOW.7f5f297415)
[0m10:59:12.526498 [debug] [Thread-5 (]: Began running node model.dbt_finance.mart_client_trading_summary
[0m10:59:12.526498 [debug] [Thread-2 (]: Re-using an available connection from the pool (formerly test.dbt_finance.not_null_stg_raw_trade_orders_quantity.81806273ce, now test.dbt_finance.not_null_mart_security_daily_performance_symbol.304c0f0e8a)
[0m10:59:12.526498 [debug] [Thread-4 (]: Re-using an available connection from the pool (formerly test.dbt_finance.unique_stg_raw_trade_orders_order_id.9ac183a5ee, now test.dbt_finance.not_null_mart_security_daily_performance_trade_date.520dc4e6eb)
[0m10:59:12.526498 [debug] [Thread-3 (]: Began compiling node test.dbt_finance.accepted_values_mart_security_daily_performance_volume_tier__VERY_HIGH__HIGH__MEDIUM__LOW.7f5f297415
[0m10:59:12.526498 [debug] [Thread-5 (]: Re-using an available connection from the pool (formerly test.dbt_finance.accepted_values_mart_security_daily_performance_price_trend__STRONG_UP__UP__FLAT__DOWN__STRONG_DOWN.327f2efff7, now model.dbt_finance.mart_client_trading_summary)
[0m10:59:12.526498 [debug] [Thread-2 (]: Began compiling node test.dbt_finance.not_null_mart_security_daily_performance_symbol.304c0f0e8a
[0m10:59:12.526498 [debug] [Thread-4 (]: Began compiling node test.dbt_finance.not_null_mart_security_daily_performance_trade_date.520dc4e6eb
[0m10:59:12.542655 [debug] [Thread-3 (]: Writing injected SQL for node "test.dbt_finance.accepted_values_mart_security_daily_performance_volume_tier__VERY_HIGH__HIGH__MEDIUM__LOW.7f5f297415"
[0m10:59:12.542655 [debug] [Thread-5 (]: Began compiling node model.dbt_finance.mart_client_trading_summary
[0m10:59:12.542655 [debug] [Thread-2 (]: Writing injected SQL for node "test.dbt_finance.not_null_mart_security_daily_performance_symbol.304c0f0e8a"
[0m10:59:12.542655 [debug] [Thread-4 (]: Writing injected SQL for node "test.dbt_finance.not_null_mart_security_daily_performance_trade_date.520dc4e6eb"
[0m10:59:12.558381 [debug] [Thread-5 (]: Writing injected SQL for node "model.dbt_finance.mart_client_trading_summary"
[0m10:59:12.558381 [debug] [Thread-3 (]: Began executing node test.dbt_finance.accepted_values_mart_security_daily_performance_volume_tier__VERY_HIGH__HIGH__MEDIUM__LOW.7f5f297415
[0m10:59:12.558381 [debug] [Thread-2 (]: Began executing node test.dbt_finance.not_null_mart_security_daily_performance_symbol.304c0f0e8a
[0m10:59:12.558381 [debug] [Thread-4 (]: Began executing node test.dbt_finance.not_null_mart_security_daily_performance_trade_date.520dc4e6eb
[0m10:59:12.558381 [debug] [Thread-3 (]: Finished running node test.dbt_finance.accepted_values_mart_security_daily_performance_volume_tier__VERY_HIGH__HIGH__MEDIUM__LOW.7f5f297415
[0m10:59:12.558381 [debug] [Thread-5 (]: Began executing node model.dbt_finance.mart_client_trading_summary
[0m10:59:12.558381 [debug] [Thread-2 (]: Finished running node test.dbt_finance.not_null_mart_security_daily_performance_symbol.304c0f0e8a
[0m10:59:12.558381 [debug] [Thread-4 (]: Finished running node test.dbt_finance.not_null_mart_security_daily_performance_trade_date.520dc4e6eb
[0m10:59:12.574333 [debug] [Thread-3 (]: Began running node model.dbt_finance.mart_risk_exposure_report
[0m10:59:12.574333 [debug] [Thread-5 (]: Finished running node model.dbt_finance.mart_client_trading_summary
[0m10:59:12.574333 [debug] [Thread-2 (]: Began running node test.dbt_finance.not_null_int_trade_enriched_client_name.944715ff28
[0m10:59:12.574333 [debug] [Thread-4 (]: Began running node test.dbt_finance.not_null_int_trade_enriched_order_id.752c3ca6fc
[0m10:59:12.574333 [debug] [Thread-3 (]: Re-using an available connection from the pool (formerly test.dbt_finance.accepted_values_mart_security_daily_performance_volume_tier__VERY_HIGH__HIGH__MEDIUM__LOW.7f5f297415, now model.dbt_finance.mart_risk_exposure_report)
[0m10:59:12.574333 [debug] [Thread-5 (]: Began running node test.dbt_finance.not_null_int_trade_enriched_symbol.201cdc7981
[0m10:59:12.574333 [debug] [Thread-2 (]: Re-using an available connection from the pool (formerly test.dbt_finance.not_null_mart_security_daily_performance_symbol.304c0f0e8a, now test.dbt_finance.not_null_int_trade_enriched_client_name.944715ff28)
[0m10:59:12.574333 [debug] [Thread-4 (]: Re-using an available connection from the pool (formerly test.dbt_finance.not_null_mart_security_daily_performance_trade_date.520dc4e6eb, now test.dbt_finance.not_null_int_trade_enriched_order_id.752c3ca6fc)
[0m10:59:12.574333 [debug] [Thread-3 (]: Began compiling node model.dbt_finance.mart_risk_exposure_report
[0m10:59:12.574333 [debug] [Thread-5 (]: Re-using an available connection from the pool (formerly model.dbt_finance.mart_client_trading_summary, now test.dbt_finance.not_null_int_trade_enriched_symbol.201cdc7981)
[0m10:59:12.589926 [debug] [Thread-2 (]: Began compiling node test.dbt_finance.not_null_int_trade_enriched_client_name.944715ff28
[0m10:59:12.589926 [debug] [Thread-4 (]: Began compiling node test.dbt_finance.not_null_int_trade_enriched_order_id.752c3ca6fc
[0m10:59:12.589926 [debug] [Thread-3 (]: Writing injected SQL for node "model.dbt_finance.mart_risk_exposure_report"
[0m10:59:12.589926 [debug] [Thread-5 (]: Began compiling node test.dbt_finance.not_null_int_trade_enriched_symbol.201cdc7981
[0m10:59:12.605813 [debug] [Thread-2 (]: Writing injected SQL for node "test.dbt_finance.not_null_int_trade_enriched_client_name.944715ff28"
[0m10:59:12.621879 [debug] [Thread-4 (]: Writing injected SQL for node "test.dbt_finance.not_null_int_trade_enriched_order_id.752c3ca6fc"
[0m10:59:12.637923 [debug] [Thread-5 (]: Writing injected SQL for node "test.dbt_finance.not_null_int_trade_enriched_symbol.201cdc7981"
[0m10:59:12.637923 [debug] [Thread-3 (]: Began executing node model.dbt_finance.mart_risk_exposure_report
[0m10:59:12.637923 [debug] [Thread-2 (]: Began executing node test.dbt_finance.not_null_int_trade_enriched_client_name.944715ff28
[0m10:59:12.637923 [debug] [Thread-4 (]: Began executing node test.dbt_finance.not_null_int_trade_enriched_order_id.752c3ca6fc
[0m10:59:12.637923 [debug] [Thread-3 (]: Finished running node model.dbt_finance.mart_risk_exposure_report
[0m10:59:12.637923 [debug] [Thread-5 (]: Began executing node test.dbt_finance.not_null_int_trade_enriched_symbol.201cdc7981
[0m10:59:12.637923 [debug] [Thread-2 (]: Finished running node test.dbt_finance.not_null_int_trade_enriched_client_name.944715ff28
[0m10:59:12.653638 [debug] [Thread-4 (]: Finished running node test.dbt_finance.not_null_int_trade_enriched_order_id.752c3ca6fc
[0m10:59:12.653638 [debug] [Thread-3 (]: Began running node test.dbt_finance.relationships_int_trade_enriched_symbol__symbol__ref_stg_dim_security_.75285f5800
[0m10:59:12.653638 [debug] [Thread-5 (]: Finished running node test.dbt_finance.not_null_int_trade_enriched_symbol.201cdc7981
[0m10:59:12.653638 [debug] [Thread-2 (]: Began running node test.dbt_finance.unique_int_trade_enriched_order_id.46a62da788
[0m10:59:12.653638 [debug] [Thread-4 (]: Began running node test.dbt_finance.not_null_mart_client_trading_summary_account_id.01eec252c5
[0m10:59:12.653638 [debug] [Thread-3 (]: Re-using an available connection from the pool (formerly model.dbt_finance.mart_risk_exposure_report, now test.dbt_finance.relationships_int_trade_enriched_symbol__symbol__ref_stg_dim_security_.75285f5800)
[0m10:59:12.653638 [debug] [Thread-5 (]: Began running node test.dbt_finance.not_null_mart_client_trading_summary_fill_rate_pct.db47f0f943
[0m10:59:12.653638 [debug] [Thread-2 (]: Re-using an available connection from the pool (formerly test.dbt_finance.not_null_int_trade_enriched_client_name.944715ff28, now test.dbt_finance.unique_int_trade_enriched_order_id.46a62da788)
[0m10:59:12.653638 [debug] [Thread-4 (]: Re-using an available connection from the pool (formerly test.dbt_finance.not_null_int_trade_enriched_order_id.752c3ca6fc, now test.dbt_finance.not_null_mart_client_trading_summary_account_id.01eec252c5)
[0m10:59:12.653638 [debug] [Thread-3 (]: Began compiling node test.dbt_finance.relationships_int_trade_enriched_symbol__symbol__ref_stg_dim_security_.75285f5800
[0m10:59:12.669520 [debug] [Thread-5 (]: Re-using an available connection from the pool (formerly test.dbt_finance.not_null_int_trade_enriched_symbol.201cdc7981, now test.dbt_finance.not_null_mart_client_trading_summary_fill_rate_pct.db47f0f943)
[0m10:59:12.669520 [debug] [Thread-2 (]: Began compiling node test.dbt_finance.unique_int_trade_enriched_order_id.46a62da788
[0m10:59:12.669520 [debug] [Thread-4 (]: Began compiling node test.dbt_finance.not_null_mart_client_trading_summary_account_id.01eec252c5
[0m10:59:12.685373 [debug] [Thread-3 (]: Writing injected SQL for node "test.dbt_finance.relationships_int_trade_enriched_symbol__symbol__ref_stg_dim_security_.75285f5800"
[0m10:59:12.685373 [debug] [Thread-5 (]: Began compiling node test.dbt_finance.not_null_mart_client_trading_summary_fill_rate_pct.db47f0f943
[0m10:59:12.701069 [debug] [Thread-2 (]: Writing injected SQL for node "test.dbt_finance.unique_int_trade_enriched_order_id.46a62da788"
[0m10:59:12.716879 [debug] [Thread-4 (]: Writing injected SQL for node "test.dbt_finance.not_null_mart_client_trading_summary_account_id.01eec252c5"
[0m10:59:12.716879 [debug] [Thread-5 (]: Writing injected SQL for node "test.dbt_finance.not_null_mart_client_trading_summary_fill_rate_pct.db47f0f943"
[0m10:59:12.716879 [debug] [Thread-3 (]: Began executing node test.dbt_finance.relationships_int_trade_enriched_symbol__symbol__ref_stg_dim_security_.75285f5800
[0m10:59:12.732773 [debug] [Thread-2 (]: Began executing node test.dbt_finance.unique_int_trade_enriched_order_id.46a62da788
[0m10:59:12.732773 [debug] [Thread-4 (]: Began executing node test.dbt_finance.not_null_mart_client_trading_summary_account_id.01eec252c5
[0m10:59:12.736590 [debug] [Thread-3 (]: Finished running node test.dbt_finance.relationships_int_trade_enriched_symbol__symbol__ref_stg_dim_security_.75285f5800
[0m10:59:12.736590 [debug] [Thread-5 (]: Began executing node test.dbt_finance.not_null_mart_client_trading_summary_fill_rate_pct.db47f0f943
[0m10:59:12.736590 [debug] [Thread-2 (]: Finished running node test.dbt_finance.unique_int_trade_enriched_order_id.46a62da788
[0m10:59:12.736590 [debug] [Thread-4 (]: Finished running node test.dbt_finance.not_null_mart_client_trading_summary_account_id.01eec252c5
[0m10:59:12.736590 [debug] [Thread-3 (]: Began running node test.dbt_finance.accepted_values_mart_risk_exposure_report_exposure_level__HIGH__MEDIUM__LOW.8239039400
[0m10:59:12.736590 [debug] [Thread-5 (]: Finished running node test.dbt_finance.not_null_mart_client_trading_summary_fill_rate_pct.db47f0f943
[0m10:59:12.748833 [debug] [Thread-2 (]: Began running node test.dbt_finance.not_null_mart_risk_exposure_report_account_id.c6dfdf740c
[0m10:59:12.748833 [debug] [Thread-3 (]: Re-using an available connection from the pool (formerly test.dbt_finance.relationships_int_trade_enriched_symbol__symbol__ref_stg_dim_security_.75285f5800, now test.dbt_finance.accepted_values_mart_risk_exposure_report_exposure_level__HIGH__MEDIUM__LOW.8239039400)
[0m10:59:12.748833 [debug] [Thread-2 (]: Re-using an available connection from the pool (formerly test.dbt_finance.unique_int_trade_enriched_order_id.46a62da788, now test.dbt_finance.not_null_mart_risk_exposure_report_account_id.c6dfdf740c)
[0m10:59:12.754645 [debug] [Thread-3 (]: Began compiling node test.dbt_finance.accepted_values_mart_risk_exposure_report_exposure_level__HIGH__MEDIUM__LOW.8239039400
[0m10:59:12.754645 [debug] [Thread-2 (]: Began compiling node test.dbt_finance.not_null_mart_risk_exposure_report_account_id.c6dfdf740c
[0m10:59:12.768674 [debug] [Thread-3 (]: Writing injected SQL for node "test.dbt_finance.accepted_values_mart_risk_exposure_report_exposure_level__HIGH__MEDIUM__LOW.8239039400"
[0m10:59:12.782601 [debug] [Thread-2 (]: Writing injected SQL for node "test.dbt_finance.not_null_mart_risk_exposure_report_account_id.c6dfdf740c"
[0m10:59:12.785605 [debug] [Thread-3 (]: Began executing node test.dbt_finance.accepted_values_mart_risk_exposure_report_exposure_level__HIGH__MEDIUM__LOW.8239039400
[0m10:59:12.787556 [debug] [Thread-2 (]: Began executing node test.dbt_finance.not_null_mart_risk_exposure_report_account_id.c6dfdf740c
[0m10:59:12.789623 [debug] [Thread-3 (]: Finished running node test.dbt_finance.accepted_values_mart_risk_exposure_report_exposure_level__HIGH__MEDIUM__LOW.8239039400
[0m10:59:12.792602 [debug] [Thread-2 (]: Finished running node test.dbt_finance.not_null_mart_risk_exposure_report_account_id.c6dfdf740c
[0m10:59:12.796553 [debug] [MainThread]: Connection 'master' was properly closed.
[0m10:59:12.798600 [debug] [MainThread]: Connection 'list_TEST_SNOWFLAKE_LEANING_SCHM_F_SNOWLEARN_DEV' was left open.
[0m10:59:12.799602 [debug] [MainThread]: On list_TEST_SNOWFLAKE_LEANING_SCHM_F_SNOWLEARN_DEV: Close
[0m10:59:13.915426 [debug] [MainThread]: Connection 'test.dbt_finance.not_null_mart_risk_exposure_report_account_id.c6dfdf740c' was properly closed.
[0m10:59:13.915426 [debug] [MainThread]: Connection 'test.dbt_finance.accepted_values_mart_risk_exposure_report_exposure_level__HIGH__MEDIUM__LOW.8239039400' was properly closed.
[0m10:59:13.915426 [debug] [MainThread]: Connection 'test.dbt_finance.not_null_mart_client_trading_summary_account_id.01eec252c5' was properly closed.
[0m10:59:13.930776 [debug] [MainThread]: Connection 'test.dbt_finance.not_null_mart_client_trading_summary_fill_rate_pct.db47f0f943' was properly closed.
[0m10:59:13.932556 [debug] [MainThread]: Command end result
[0m10:59:14.137064 [debug] [MainThread]: Wrote artifact WritableManifest to E:\gitbub\SnowflakeLearing\app\dbt_finance\target\manifest.json
[0m10:59:14.178383 [debug] [MainThread]: Wrote artifact SemanticManifest to E:\gitbub\SnowflakeLearing\app\dbt_finance\target\semantic_manifest.json
[0m10:59:14.184720 [debug] [MainThread]: Wrote artifact RunExecutionResult to E:\gitbub\SnowflakeLearing\app\dbt_finance\target\run_results.json
[0m10:59:14.403954 [debug] [MainThread]: Acquiring new snowflake connection 'generate_catalog'
[0m10:59:14.403954 [info ] [MainThread]: Building catalog
[0m10:59:14.437772 [debug] [ThreadPool]: Acquiring new snowflake connection 'TEST_SNOWFLAKE_LEANING.information_schema'
[0m10:59:14.469763 [debug] [ThreadPool]: Using snowflake connection "TEST_SNOWFLAKE_LEANING.information_schema"
[0m10:59:14.469763 [debug] [ThreadPool]: On TEST_SNOWFLAKE_LEANING.information_schema: with tables as (
            select
        table_catalog as "table_database",
        table_schema as "table_schema",
        table_name as "table_name",
        case
            when is_dynamic = 'YES' and table_type = 'BASE TABLE' THEN 'DYNAMIC TABLE'
            else table_type
        end as "table_type",
        comment as "table_comment",

        -- note: this is the _role_ that owns the table
        table_owner as "table_owner",

        'Clustering Key' as "stats:clustering_key:label",
        clustering_key as "stats:clustering_key:value",
        'The key used to cluster this table' as "stats:clustering_key:description",
        (clustering_key is not null) as "stats:clustering_key:include",

        'Row Count' as "stats:row_count:label",
        row_count as "stats:row_count:value",
        'An approximate count of rows in this table' as "stats:row_count:description",
        (row_count is not null) as "stats:row_count:include",

        'Approximate Size' as "stats:bytes:label",
        bytes as "stats:bytes:value",
        'Approximate size of the table as reported by Snowflake' as "stats:bytes:description",
        (bytes is not null) as "stats:bytes:include",

        'Last Modified' as "stats:last_modified:label",
        to_varchar(convert_timezone('UTC', last_altered), 'yyyy-mm-dd HH24:MI'||'UTC') as "stats:last_modified:value",
        'The timestamp for last update/change' as "stats:last_modified:description",
        (last_altered is not null and table_type='BASE TABLE') as "stats:last_modified:include"
    from TEST_SNOWFLAKE_LEANING.INFORMATION_SCHEMA.tables
            where (
                (
                    
    "table_schema" ilike 'SCHM_L_SNOWLEARN_01' and upper("table_schema") = upper('SCHM_L_SNOWLEARN_01')

                    and 
    "table_name" ilike 'RAW_TRADE_ORDERS' and upper("table_name") = upper('RAW_TRADE_ORDERS')

                )
             or 
                (
                    
    "table_schema" ilike 'SCHM_F_SNOWLEARN_DEV' and upper("table_schema") = upper('SCHM_F_SNOWLEARN_DEV')

                    and 
    "table_name" ilike 'mart_security_daily_performance' and upper("table_name") = upper('mart_security_daily_performance')

                )
             or 
                (
                    
    "table_schema" ilike 'SCHM_F_SNOWLEARN_DEV' and upper("table_schema") = upper('SCHM_F_SNOWLEARN_DEV')

                    and 
    "table_name" ilike 'stg_dim_account' and upper("table_name") = upper('stg_dim_account')

                )
             or 
                (
                    
    "table_schema" ilike 'SCHM_L_SNOWLEARN_01' and upper("table_schema") = upper('SCHM_L_SNOWLEARN_01')

                    and 
    "table_name" ilike 'RAW_STOCK_QUOTES' and upper("table_name") = upper('RAW_STOCK_QUOTES')

                )
             or 
                (
                    
    "table_schema" ilike 'SCHM_F_SNOWLEARN_DEV' and upper("table_schema") = upper('SCHM_F_SNOWLEARN_DEV')

                    and 
    "table_name" ilike 'int_trade_enriched' and upper("table_name") = upper('int_trade_enriched')

                )
             or 
                (
                    
    "table_schema" ilike 'SCHM_F_SNOWLEARN_DEV' and upper("table_schema") = upper('SCHM_F_SNOWLEARN_DEV')

                    and 
    "table_name" ilike 'mart_risk_exposure_report' and upper("table_name") = upper('mart_risk_exposure_report')

                )
             or 
                (
                    
    "table_schema" ilike 'SCHM_L_SNOWLEARN_01' and upper("table_schema") = upper('SCHM_L_SNOWLEARN_01')

                    and 
    "table_name" ilike 'RAW_FUND_NAV' and upper("table_name") = upper('RAW_FUND_NAV')

                )
             or 
                (
                    
    "table_schema" ilike 'SCHM_F_SNOWLEARN_DEV' and upper("table_schema") = upper('SCHM_F_SNOWLEARN_DEV')

                    and 
    "table_name" ilike 'stg_raw_trade_orders' and upper("table_name") = upper('stg_raw_trade_orders')

                )
             or 
                (
                    
    "table_schema" ilike 'SCHM_F_SNOWLEARN_DEV' and upper("table_schema") = upper('SCHM_F_SNOWLEARN_DEV')

                    and 
    "table_name" ilike 'stg_raw_fund_nav' and upper("table_name") = upper('stg_raw_fund_nav')

                )
             or 
                (
                    
    "table_schema" ilike 'SCHM_F_SNOWLEARN_01' and upper("table_schema") = upper('SCHM_F_SNOWLEARN_01')

                    and 
    "table_name" ilike 'DIM_SECURITY' and upper("table_name") = upper('DIM_SECURITY')

                )
             or 
                (
                    
    "table_schema" ilike 'SCHM_F_SNOWLEARN_DEV' and upper("table_schema") = upper('SCHM_F_SNOWLEARN_DEV')

                    and 
    "table_name" ilike 'mart_client_trading_summary' and upper("table_name") = upper('mart_client_trading_summary')

                )
             or 
                (
                    
    "table_schema" ilike 'SCHM_F_SNOWLEARN_DEV' and upper("table_schema") = upper('SCHM_F_SNOWLEARN_DEV')

                    and 
    "table_name" ilike 'stg_raw_stock_quotes' and upper("table_name") = upper('stg_raw_stock_quotes')

                )
             or 
                (
                    
    "table_schema" ilike 'SCHM_F_SNOWLEARN_01' and upper("table_schema") = upper('SCHM_F_SNOWLEARN_01')

                    and 
    "table_name" ilike 'DIM_ACCOUNT' and upper("table_name") = upper('DIM_ACCOUNT')

                )
             or 
                (
                    
    "table_schema" ilike 'SCHM_F_SNOWLEARN_DEV' and upper("table_schema") = upper('SCHM_F_SNOWLEARN_DEV')

                    and 
    "table_name" ilike 'stg_dim_security' and upper("table_name") = upper('stg_dim_security')

                )
            )
        ),
        columns as (
            select
        table_catalog as "table_database",
        table_schema as "table_schema",
        table_name as "table_name",

        column_name as "column_name",
        ordinal_position as "column_index",
        data_type as "column_type",
        comment as "column_comment"
    from TEST_SNOWFLAKE_LEANING.INFORMATION_SCHEMA.columns
            where (
                (
                    
    "table_schema" ilike 'SCHM_L_SNOWLEARN_01' and upper("table_schema") = upper('SCHM_L_SNOWLEARN_01')

                    and 
    "table_name" ilike 'RAW_TRADE_ORDERS' and upper("table_name") = upper('RAW_TRADE_ORDERS')

                )
             or 
                (
                    
    "table_schema" ilike 'SCHM_F_SNOWLEARN_DEV' and upper("table_schema") = upper('SCHM_F_SNOWLEARN_DEV')

                    and 
    "table_name" ilike 'mart_security_daily_performance' and upper("table_name") = upper('mart_security_daily_performance')

                )
             or 
                (
                    
    "table_schema" ilike 'SCHM_F_SNOWLEARN_DEV' and upper("table_schema") = upper('SCHM_F_SNOWLEARN_DEV')

                    and 
    "table_name" ilike 'stg_dim_account' and upper("table_name") = upper('stg_dim_account')

                )
             or 
                (
                    
    "table_schema" ilike 'SCHM_L_SNOWLEARN_01' and upper("table_schema") = upper('SCHM_L_SNOWLEARN_01')

                    and 
    "table_name" ilike 'RAW_STOCK_QUOTES' and upper("table_name") = upper('RAW_STOCK_QUOTES')

                )
             or 
                (
                    
    "table_schema" ilike 'SCHM_F_SNOWLEARN_DEV' and upper("table_schema") = upper('SCHM_F_SNOWLEARN_DEV')

                    and 
    "table_name" ilike 'int_trade_enriched' and upper("table_name") = upper('int_trade_enriched')

                )
             or 
                (
                    
    "table_schema" ilike 'SCHM_F_SNOWLEARN_DEV' and upper("table_schema") = upper('SCHM_F_SNOWLEARN_DEV')

                    and 
    "table_name" ilike 'mart_risk_exposure_report' and upper("table_name") = upper('mart_risk_exposure_report')

                )
             or 
                (
                    
    "table_schema" ilike 'SCHM_L_SNOWLEARN_01' and upper("table_schema") = upper('SCHM_L_SNOWLEARN_01')

                    and 
    "table_name" ilike 'RAW_FUND_NAV' and upper("table_name") = upper('RAW_FUND_NAV')

                )
             or 
                (
                    
    "table_schema" ilike 'SCHM_F_SNOWLEARN_DEV' and upper("table_schema") = upper('SCHM_F_SNOWLEARN_DEV')

                    and 
    "table_name" ilike 'stg_raw_trade_orders' and upper("table_name") = upper('stg_raw_trade_orders')

                )
             or 
                (
                    
    "table_schema" ilike 'SCHM_F_SNOWLEARN_DEV' and upper("table_schema") = upper('SCHM_F_SNOWLEARN_DEV')

                    and 
    "table_name" ilike 'stg_raw_fund_nav' and upper("table_name") = upper('stg_raw_fund_nav')

                )
             or 
                (
                    
    "table_schema" ilike 'SCHM_F_SNOWLEARN_01' and upper("table_schema") = upper('SCHM_F_SNOWLEARN_01')

                    and 
    "table_name" ilike 'DIM_SECURITY' and upper("table_name") = upper('DIM_SECURITY')

                )
             or 
                (
                    
    "table_schema" ilike 'SCHM_F_SNOWLEARN_DEV' and upper("table_schema") = upper('SCHM_F_SNOWLEARN_DEV')

                    and 
    "table_name" ilike 'mart_client_trading_summary' and upper("table_name") = upper('mart_client_trading_summary')

                )
             or 
                (
                    
    "table_schema" ilike 'SCHM_F_SNOWLEARN_DEV' and upper("table_schema") = upper('SCHM_F_SNOWLEARN_DEV')

                    and 
    "table_name" ilike 'stg_raw_stock_quotes' and upper("table_name") = upper('stg_raw_stock_quotes')

                )
             or 
                (
                    
    "table_schema" ilike 'SCHM_F_SNOWLEARN_01' and upper("table_schema") = upper('SCHM_F_SNOWLEARN_01')

                    and 
    "table_name" ilike 'DIM_ACCOUNT' and upper("table_name") = upper('DIM_ACCOUNT')

                )
             or 
                (
                    
    "table_schema" ilike 'SCHM_F_SNOWLEARN_DEV' and upper("table_schema") = upper('SCHM_F_SNOWLEARN_DEV')

                    and 
    "table_name" ilike 'stg_dim_security' and upper("table_name") = upper('stg_dim_security')

                )
            )
        )
        select *
    from tables
    join columns using ("table_database", "table_schema", "table_name")
    order by "column_index"
/* {"app": "dbt", "dbt_version": "1.11.10", "profile_name": "dbt_finance", "target_name": "dev", "connection_name": "TEST_SNOWFLAKE_LEANING.information_schema"} */
[0m10:59:14.469763 [debug] [ThreadPool]: Opening a new connection, currently in state init
[0m10:59:21.133207 [debug] [ThreadPool]: SQL status: SUCCESS 163 in 6.658 seconds
[0m10:59:22.343603 [debug] [MainThread]: Wrote artifact CatalogArtifact to E:\gitbub\SnowflakeLearing\app\dbt_finance\target\catalog.json
[0m10:59:22.390899 [debug] [MainThread]: Wrote artifact WritableManifest to E:\gitbub\SnowflakeLearing\app\dbt_finance\target\manifest.json
[0m10:59:22.390899 [debug] [MainThread]: Wrote artifact SemanticManifest to E:\gitbub\SnowflakeLearing\app\dbt_finance\target\semantic_manifest.json
[0m10:59:22.390899 [info ] [MainThread]: Catalog written to E:\gitbub\SnowflakeLearing\app\dbt_finance\target\catalog.json
[0m10:59:22.390899 [debug] [MainThread]: Command `dbt docs generate` succeeded at 10:59:22.390899 after 20.45 seconds
[0m10:59:22.390899 [debug] [MainThread]: Connection 'generate_catalog' was properly closed.
[0m10:59:22.390899 [debug] [MainThread]: Connection 'TEST_SNOWFLAKE_LEANING.information_schema' was left open.
[0m10:59:22.390899 [debug] [MainThread]: On TEST_SNOWFLAKE_LEANING.information_schema: Close
[0m10:59:22.848767 [debug] [MainThread]: Sending event: {'category': 'dbt', 'action': 'invocation', 'label': 'end', 'context': [<snowplow_tracker.self_describing_json.SelfDescribingJson object at 0x000001EEC54AB950>, <snowplow_tracker.self_describing_json.SelfDescribingJson object at 0x000001EEC6578550>, <snowplow_tracker.self_describing_json.SelfDescribingJson object at 0x000001EEC7A8F390>]}
[0m10:59:22.848767 [debug] [MainThread]: Flushing usage events
[0m10:59:24.064948 [debug] [MainThread]: An error was encountered while trying to flush usage events
[0m11:00:10.772579 [debug] [MainThread]: Sending event: {'category': 'dbt', 'action': 'invocation', 'label': 'start', 'context': [<snowplow_tracker.self_describing_json.SelfDescribingJson object at 0x000002C20560B1D0>, <snowplow_tracker.self_describing_json.SelfDescribingJson object at 0x000002C2043DD250>, <snowplow_tracker.self_describing_json.SelfDescribingJson object at 0x000002C205673ED0>]}


============================== 11:00:10.772579 | 49a0e3fc-5806-4967-a540-eda0513e5ac6 ==============================
[0m11:00:10.772579 [info ] [MainThread]: Running with dbt=1.11.10
[0m11:00:10.772579 [debug] [MainThread]: running dbt with arguments {'version_check': 'True', 'no_print': 'None', 'static_parser': 'True', 'target_path': 'None', 'warn_error_options': 'WarnErrorOptionsV2(error=[], warn=[], silence=[])', 'printer_width': '80', 'write_json': 'True', 'introspect': 'True', 'log_cache_events': 'False', 'empty': 'None', 'cache_selected_only': 'False', 'fail_fast': 'False', 'debug': 'False', 'log_format': 'default', 'profiles_dir': 'E:\\gitbub\\SnowflakeLearing\\app\\dbt_finance', 'send_anonymous_usage_stats': 'True', 'quiet': 'False', 'warn_error': 'None', 'partial_parse': 'True', 'indirect_selection': 'eager', 'invocation_command': 'dbt docs serve --port 8080', 'use_colors': 'True', 'use_experimental_parser': 'False', 'log_path': 'E:\\gitbub\\SnowflakeLearing\\app\\dbt_finance\\logs'}
[0m11:00:11.111069 [debug] [MainThread]: Snowflake adapter: Setting snowflake.connector to ERROR (file logging only)
[0m11:00:11.111069 [debug] [MainThread]: Snowflake adapter: Setting botocore to ERROR (file logging only)
[0m11:00:11.111069 [debug] [MainThread]: Snowflake adapter: Setting boto3 to ERROR (file logging only)
[0m11:00:11.253416 [debug] [MainThread]: Sending event: {'category': 'dbt', 'action': 'project_id', 'label': '49a0e3fc-5806-4967-a540-eda0513e5ac6', 'context': [<snowplow_tracker.self_describing_json.SelfDescribingJson object at 0x000002C2065AF6D0>]}
[0m11:00:11.308348 [debug] [MainThread]: Sending event: {'category': 'dbt', 'action': 'adapter_info', 'label': '49a0e3fc-5806-4967-a540-eda0513e5ac6', 'context': [<snowplow_tracker.self_describing_json.SelfDescribingJson object at 0x000002C205654950>]}
[0m11:01:11.194186 [error] [MainThread]: Encountered an error:

[0m11:01:11.261003 [error] [MainThread]: Traceback (most recent call last):
  File "C:\Users\pengb\AppData\Local\Programs\Python\Python311\Lib\site-packages\dbt\cli\requires.py", line 182, in wrapper
    result, success = func(*args, **kwargs)
                      ^^^^^^^^^^^^^^^^^^^^^
  File "C:\Users\pengb\AppData\Local\Programs\Python\Python311\Lib\site-packages\dbt\cli\requires.py", line 128, in wrapper
    return func(*args, **kwargs)
           ^^^^^^^^^^^^^^^^^^^^^
  File "C:\Users\pengb\AppData\Local\Programs\Python\Python311\Lib\site-packages\dbt\cli\requires.py", line 276, in wrapper
    return func(*args, **kwargs)
           ^^^^^^^^^^^^^^^^^^^^^
  File "C:\Users\pengb\AppData\Local\Programs\Python\Python311\Lib\site-packages\dbt\cli\requires.py", line 321, in wrapper
    return func(*args, **kwargs)
           ^^^^^^^^^^^^^^^^^^^^^
  File "C:\Users\pengb\AppData\Local\Programs\Python\Python311\Lib\site-packages\dbt\cli\requires.py", line 368, in wrapper
    return func(*args, **kwargs)
           ^^^^^^^^^^^^^^^^^^^^^
  File "C:\Users\pengb\AppData\Local\Programs\Python\Python311\Lib\site-packages\dbt\cli\main.py", line 309, in docs_serve
    results = task.run()
              ^^^^^^^^^^
  File "C:\Users\pengb\AppData\Local\Programs\Python\Python311\Lib\site-packages\dbt\task\docs\serve.py", line 29, in run
    httpd.serve_forever()
  File "C:\Users\pengb\AppData\Local\Programs\Python\Python311\Lib\socketserver.py", line 233, in serve_forever
    ready = selector.select(poll_interval)
            ^^^^^^^^^^^^^^^^^^^^^^^^^^^^^^
  File "C:\Users\pengb\AppData\Local\Programs\Python\Python311\Lib\selectors.py", line 323, in select
    r, w, _ = self._select(self._readers, self._writers, [], timeout)
              ^^^^^^^^^^^^^^^^^^^^^^^^^^^^^^^^^^^^^^^^^^^^^^^^^^^^^^^
  File "C:\Users\pengb\AppData\Local\Programs\Python\Python311\Lib\selectors.py", line 314, in _select
    r, w, x = select.select(r, w, w, timeout)
              ^^^^^^^^^^^^^^^^^^^^^^^^^^^^^^^
KeyboardInterrupt

[0m11:01:11.265216 [debug] [MainThread]: Command `dbt docs serve` failed at 11:01:11.265216 after 60.56 seconds
[0m11:01:11.265216 [debug] [MainThread]: Sending event: {'category': 'dbt', 'action': 'invocation', 'label': 'end', 'context': [<snowplow_tracker.self_describing_json.SelfDescribingJson object at 0x000002C205674D50>, <snowplow_tracker.self_describing_json.SelfDescribingJson object at 0x000002C205674AD0>, <snowplow_tracker.self_describing_json.SelfDescribingJson object at 0x000002C2055FFE90>]}
[0m11:01:11.266256 [debug] [MainThread]: Flushing usage events
[0m11:01:12.343916 [debug] [MainThread]: An error was encountered while trying to flush usage events
